Player,Pos,Age,Tm,G,GS,MP,FG,FGA,FG%,3P,3PA,3P%,2P,2PA,2P%,FT,FTA,FT%,ORB,DRB,TRB,AST,STL,BLK,TOV,PF,PTS,Year
Steven Adams,C,26,OKC,38,38,1052,6.4,10.4,.617,0.0,0.0,.000,6.4,10.3,.619,2.5,4.4,.570,4.6,8.3,13.0,3.5,0.9,1.5,1.9,2.3,15.3,2020
Bam Adebayo,C,22,MIA,41,41,1407,6.4,10.8,.587,0.0,0.2,.111,6.3,10.6,.598,3.9,5.8,.681,2.7,8.2,10.9,4.8,1.3,1.3,2.9,2.7,16.7,2020
LaMarcus Aldridge,C,34,SAS,38,38,1250,8.2,16.2,.507,1.3,3.0,.437,6.9,13.2,.523,3.1,3.7,.845,2.2,6.0,8.2,2.6,0.6,1.9,1.5,2.7,20.9,2020
Nickeil Alexander-Walker,SG,21,NOP,33,0,453,5.7,16.5,.346,3.0,8.7,.349,2.7,7.9,.343,1.2,1.9,.625,0.6,5.1,5.6,5.2,0.8,0.4,2.5,3.2,15.7,2020
Grayson Allen,SG,24,MEM,27,0,461,5.8,12.7,.454,2.6,6.7,.384,3.2,6.0,.532,2.2,2.6,.848,0.4,4.4,4.8,3.0,0.5,0.1,1.7,2.7,16.3,2020
Jarrett Allen,C,21,BRK,40,36,1064,6.1,9.3,.657,0.0,0.1,.000,6.1,9.2,.664,3.5,5.4,.634,4.3,8.9,13.1,1.7,0.9,1.7,1.6,3.3,15.6,2020
Kadeem Allen,SG,27,NYK,9,0,96,6.4,15.8,.405,1.9,6.0,.313,4.5,9.7,.462,1.9,3.0,.625,0.7,2.3,3.0,7.1,1.5,0.7,3.0,2.6,16.5,2020
Al-Farouq Aminu,PF,29,ORL,18,2,380,2.4,8.1,.291,0.9,3.4,.250,1.5,4.7,.320,1.8,2.7,.655,2.3,6.0,8.2,2.0,1.7,0.8,1.6,2.6,7.4,2020
Justin Anderson,SF,26,BRK,3,0,17,2.1,12.7,.167,0.0,6.4,.000,2.1,6.4,.333,2.1,4.2,.500,0.0,4.2,4.2,0.0,0.0,2.1,0.0,4.2,6.4,2020
Kyle Anderson,PF,26,MEM,36,3,603,4.1,9.1,.454,0.4,2.0,.212,3.7,7.1,.521,1.6,2.4,.634,2.0,6.1,8.1,4.5,1.5,0.9,1.7,3.0,10.2,2020
Ryan Anderson,PF,31,HOU,2,0,14,5.1,18.0,.286,2.6,12.9,.200,2.6,5.1,.500,0.0,0.0,,0.0,18.0,18.0,5.1,2.6,0.0,2.6,2.6,12.9,2020
Giannis Antetokounmpo,PF,25,MIL,40,40,1230,12.9,23.3,.552,1.9,6.0,.324,10.9,17.4,.631,7.5,12.2,.615,2.8,12.3,15.0,6.5,1.3,1.3,4.0,3.7,35.2,2020
Kostas Antetokounmpo,PF,22,LAL,3,0,5,0.0,0.0,,0.0,0.0,,0.0,0.0,,0.0,0.0,,0.0,7.2,7.2,7.2,0.0,0.0,0.0,0.0,0.0,2020
Thanasis Antetokounmpo,SF,27,MIL,13,0,55,7.2,13.1,.550,0.0,1.3,.000,7.2,11.8,.611,2.6,5.2,.500,3.9,0.7,4.6,3.9,0.7,0.7,3.3,4.6,17.0,2020
Carmelo Anthony,PF,35,POR,28,28,892,7.1,15.9,.443,1.7,4.4,.391,5.3,11.5,.463,2.8,3.4,.833,1.3,5.8,7.1,1.5,1.1,0.6,2.0,3.4,18.7,2020
OG Anunoby,SF,22,TOR,40,39,1203,5.5,10.9,.504,1.7,4.6,.379,3.7,6.3,.595,1.0,1.5,.647,1.2,5.7,6.9,2.0,1.4,0.8,1.6,3.0,13.7,2020
Ryan Arcidiacono,PG,25,CHI,39,0,586,3.1,8.2,.383,2.0,4.9,.400,1.2,3.3,.358,1.1,1.5,.750,0.9,3.3,4.2,3.6,1.0,0.1,1.4,4.0,9.3,2020
Trevor Ariza,SF,34,SAC,32,0,791,2.9,7.5,.388,2.0,5.6,.352,1.0,2.0,.488,1.0,1.2,.778,1.0,5.7,6.6,2.3,1.6,0.3,1.3,2.9,8.7,2020
D.J. Augustin,PG,32,ORL,39,6,1013,4.5,11.6,.393,1.7,4.8,.346,2.9,6.8,.426,4.1,4.6,.877,0.5,2.8,3.4,6.5,1.0,0.0,1.9,1.6,14.8,2020
Deandre Ayton,C,21,PHO,11,6,340,9.1,16.3,.558,0.0,0.1,.000,9.1,16.2,.562,1.4,1.8,.765,4.3,9.6,14.0,2.1,0.5,1.9,2.0,3.5,19.6,2020
Dwayne Bacon,SG,24,CHO,34,10,621,4.9,13.4,.364,1.1,3.8,.292,3.8,9.6,.392,1.9,3.0,.647,0.8,4.2,4.9,2.6,1.2,0.1,1.8,2.8,12.8,2020
Marvin Bagley,PF,20,SAC,11,4,265,8.6,18.3,.467,0.4,2.3,.176,8.2,16.0,.508,3.3,4.1,.800,2.9,7.3,10.2,1.0,0.5,1.4,2.2,4.8,20.8,2020
Lonzo Ball,PG,22,NOP,34,25,1037,5.4,13.7,.392,2.6,7.5,.352,2.7,6.2,.441,0.8,1.5,.512,1.4,5.2,6.6,7.3,1.4,0.4,3.2,2.3,14.2,2020
Mo Bamba,C,21,ORL,38,0,585,5.1,11.6,.439,1.4,4.4,.306,3.8,7.2,.521,0.9,1.5,.625,3.5,9.0,12.5,1.5,0.9,3.0,2.0,4.5,12.5,2020
J.J. Barea,PG,35,DAL,12,3,187,8.3,18.1,.457,3.7,7.7,.475,4.6,10.4,.444,1.0,1.0,1.000,1.0,3.3,4.2,7.5,0.6,0.2,2.9,1.2,21.2,2020
Harrison Barnes,PF,27,SAC,41,41,1441,5.4,11.9,.452,1.4,3.9,.354,4.0,8.0,.500,3.6,4.5,.794,0.9,4.0,5.0,2.3,0.7,0.1,1.3,1.2,15.8,2020
RJ Barrett,SG,19,NYK,41,41,1281,5.9,15.0,.393,1.3,4.0,.329,4.6,11.0,.417,3.1,5.2,.603,1.2,4.8,6.0,2.8,1.2,0.4,2.5,2.6,16.2,2020
Will Barton,SF,29,DEN,38,38,1269,6.2,13.8,.451,1.8,5.0,.371,4.4,8.8,.495,2.0,2.6,.758,1.7,5.7,7.3,4.0,1.2,0.6,1.5,2.3,16.2,2020
Keita Bates-Diop,SF,24,MIN,29,0,525,4.7,11.3,.418,1.9,5.3,.364,2.8,6.0,.466,2.7,3.8,.714,1.2,4.9,6.0,1.2,0.9,1.0,0.8,2.0,14.1,2020
Nicolas Batum,SF,31,CHO,20,2,454,2.1,5.6,.366,1.0,3.6,.289,1.0,2.1,.500,0.5,0.5,1.000,1.6,5.4,7.0,4.7,1.3,0.6,1.7,2.9,5.6,2020
Aron Baynes,C,33,PHO,32,25,744,7.0,14.1,.497,2.0,5.9,.336,5.0,8.2,.612,2.1,3.0,.721,2.6,6.5,9.1,3.0,0.3,0.9,1.8,5.6,18.1,2020
Kent Bazemore,SF,30,POR,43,21,1111,3.7,10.6,.347,1.8,5.5,.327,1.8,5.0,.368,1.9,2.3,.806,0.4,5.2,5.6,2.0,1.5,1.0,1.9,3.9,11.0,2020
Darius Bazley,PF,19,OKC,42,6,706,3.3,9.0,.362,1.4,4.4,.314,1.9,4.6,.407,0.9,1.4,.643,0.8,6.8,7.6,1.1,0.8,1.4,1.9,2.0,8.8,2020
Bradley Beal,SG,26,WAS,34,34,1207,9.4,21.6,.437,2.5,8.0,.313,6.9,13.6,.510,6.2,7.4,.835,1.1,3.6,4.7,6.4,1.0,0.3,3.3,2.3,27.6,2020
Malik Beasley,SG,23,DEN,31,0,518,5.8,14.3,.408,3.1,7.7,.396,2.8,6.6,.421,1.0,1.2,.882,0.4,3.2,3.6,2.1,1.2,0.3,1.7,2.5,15.8,2020
Marco Belinelli,SG,33,SAS,36,0,536,4.6,12.8,.356,2.2,6.6,.333,2.4,6.2,.380,1.5,2.0,.733,0.1,3.7,3.8,3.0,0.5,0.0,0.9,1.8,12.8,2020
Jordan Bell,C,25,MIN,24,0,219,4.8,9.2,.518,0.3,1.3,.250,4.4,7.9,.563,2.8,4.8,.586,4.4,7.6,12.0,2.3,0.3,1.5,3.0,2.3,12.7,2020
DeAndre' Bembry,SG,25,ATL,41,4,878,4.2,9.1,.459,0.6,2.6,.238,3.6,6.5,.547,0.9,1.8,.523,1.4,4.7,6.0,3.2,2.1,0.8,2.3,3.3,9.9,2020
Dragan Bender,SF,22,MIL,4,0,50,4.3,7.9,.545,1.4,3.6,.400,2.9,4.3,.667,0.7,0.7,1.000,0.0,6.5,6.5,3.6,0.0,2.2,0.7,7.2,10.8,2020
Dāvis Bertāns,PF,27,WAS,32,4,939,6.1,14.1,.433,4.6,10.7,.428,1.5,3.4,.449,1.9,2.2,.877,1.0,5.0,6.0,2.1,0.8,0.8,1.1,3.1,18.7,2020
Patrick Beverley,PG,31,LAC,34,34,975,3.8,9.1,.421,1.8,5.4,.342,2.0,3.7,.535,0.8,1.3,.611,1.7,5.9,7.6,4.9,1.6,0.8,1.6,4.0,10.3,2020
Khem Birch,C,27,ORL,28,17,603,2.4,4.9,.488,0.0,0.1,.000,2.4,4.8,.494,1.7,3.0,.560,3.0,5.2,8.2,1.8,0.8,1.1,1.2,3.5,6.4,2020
Goga Bitadze,C,20,IND,33,2,311,4.6,9.7,.476,0.5,2.5,.182,4.2,7.2,.581,2.2,3.1,.704,2.3,6.5,8.8,2.0,0.2,2.9,2.0,5.1,11.9,2020
Bismack Biyombo,C,27,CHO,41,25,803,5.5,10.2,.542,0.0,0.0,,5.5,10.2,.542,3.2,5.2,.612,4.3,6.7,11.0,1.6,0.4,1.5,1.6,4.1,14.2,2020
Nemanja Bjelica,PF,31,SAC,41,38,1127,6.1,12.7,.480,2.6,6.0,.434,3.5,6.7,.522,1.1,1.4,.837,2.0,6.6,8.6,3.3,1.2,0.8,2.0,4.0,16.0,2020
Eric Bledsoe,PG,30,MIL,35,35,908,7.8,16.3,.477,1.8,5.1,.359,5.9,11.2,.530,3.8,4.6,.835,1.0,5.3,6.3,7.1,1.3,0.8,3.1,3.0,21.2,2020
Bogdan Bogdanović,SG,27,SAC,30,0,842,6.8,15.9,.426,3.4,8.8,.383,3.4,7.1,.479,1.7,2.5,.661,0.4,3.4,3.8,4.6,1.4,0.3,2.6,2.6,18.6,2020
Bojan Bogdanović,SF,30,UTA,40,40,1335,7.5,16.7,.449,3.2,7.8,.410,4.3,8.9,.483,4.5,5.0,.903,0.7,3.9,4.5,2.2,0.6,0.1,3.0,1.9,22.7,2020
Jonah Bolden,PF,24,PHI,2,0,5,7.2,7.2,1.000,0.0,0.0,,7.2,7.2,1.000,0.0,14.4,.000,0.0,0.0,0.0,0.0,7.2,0.0,7.2,0.0,14.4,2020
Jordan Bone,PG,22,DET,4,0,14,5.1,18.0,.286,0.0,5.1,.000,5.1,12.9,.400,0.0,0.0,,0.0,0.0,0.0,7.7,0.0,0.0,5.1,5.1,10.3,2020
Isaac Bonga,SF,20,WAS,36,24,620,3.5,6.5,.536,0.5,1.5,.346,3.0,5.0,.593,1.9,2.6,.750,2.1,4.8,7.0,2.3,1.4,0.6,1.3,4.6,9.4,2020
Devin Booker,SG,23,PHO,38,38,1362,9.1,18.1,.505,1.9,5.3,.357,7.2,12.8,.566,6.2,6.8,.914,0.6,3.3,3.9,6.4,0.8,0.2,3.9,3.1,26.3,2020
Chris Boucher,PF,27,TOR,37,0,480,5.8,12.7,.453,1.5,4.6,.323,4.3,8.1,.528,3.9,5.3,.732,5.3,7.0,12.4,1.2,1.0,2.5,1.2,4.8,16.9,2020
Brian Bowen,SG,21,IND,3,0,10,3.6,14.4,.250,0.0,3.6,.000,3.6,10.8,.333,0.0,0.0,,0.0,3.6,3.6,0.0,0.0,3.6,0.0,0.0,7.2,2020
Ky Bowman,PG,22,GSW,36,10,810,4.8,11.6,.412,1.4,4.0,.348,3.4,7.7,.445,1.1,1.3,.828,0.8,3.3,4.1,4.6,1.6,0.2,2.0,3.6,12.0,2020
Avery Bradley,SG,29,LAL,27,22,637,5.1,11.3,.455,1.2,4.0,.296,4.0,7.3,.543,0.5,0.7,.750,0.7,2.8,3.6,1.7,1.4,0.1,1.7,3.6,12.0,2020
Tony Bradley,C,22,UTA,30,2,300,6.7,10.8,.622,0.0,0.0,,6.7,10.8,.622,2.2,3.4,.643,5.6,8.6,14.3,1.1,1.0,1.7,2.0,7.2,15.6,2020
Jarrell Brantley,PF,23,UTA,2,0,9,0.0,0.0,,0.0,0.0,,0.0,0.0,,0.0,0.0,,0.0,16.0,16.0,4.0,0.0,8.0,4.0,4.0,0.0,2020
Ignas Brazdeikis,SF,21,NYK,9,0,53,4.1,14.9,.273,0.7,6.1,.111,3.4,8.8,.385,2.7,3.4,.800,1.4,2.0,3.4,2.7,0.0,0.7,1.4,2.0,11.5,2020
Mikal Bridges,SF,23,PHO,41,4,944,4.1,7.9,.514,0.8,2.6,.294,3.3,5.3,.621,2.1,2.7,.800,1.3,4.8,6.0,2.1,2.1,0.6,1.4,3.1,11.1,2020
Miles Bridges,SF,21,CHO,44,44,1336,5.6,12.7,.443,1.7,5.0,.346,3.9,7.7,.505,1.6,2.0,.795,1.5,5.0,6.5,2.2,0.7,0.9,2.0,2.6,14.6,2020
Oshae Brissett,SF,21,TOR,13,0,113,3.5,9.6,.367,1.0,3.8,.250,2.5,5.7,.444,1.6,1.9,.833,2.5,3.8,6.4,1.3,1.0,0.3,1.3,4.8,9.6,2020
Ryan Broekhoff,SG,29,DAL,10,0,77,5.1,11.7,.440,4.7,9.4,.500,0.5,2.3,.200,2.3,2.8,.833,0.5,6.1,6.5,1.9,0.9,0.5,0.9,3.3,17.3,2020
Malcolm Brogdon,PG,27,IND,30,30,920,7.4,16.7,.444,1.7,4.9,.344,5.8,11.9,.485,4.2,4.6,.923,0.8,4.5,5.3,8.8,0.9,0.2,3.1,2.2,20.8,2020
Dillon Brooks,SG,24,MEM,42,42,1175,7.1,17.1,.415,2.8,7.1,.391,4.3,10.0,.433,2.8,3.3,.843,1.2,3.0,4.2,2.6,1.2,0.5,2.0,4.9,19.8,2020
Bruce Brown,SG,23,DET,41,32,1121,4.4,10.1,.436,0.7,2.2,.328,3.7,7.9,.466,2.0,2.9,.681,1.3,4.5,5.8,5.1,1.6,0.7,2.2,3.5,11.5,2020
Charlie Brown,SG,22,ATL,5,0,27,4.0,13.3,.300,2.7,5.3,.500,1.3,8.0,.167,6.7,6.7,1.000,2.7,2.7,5.3,1.3,0.0,2.7,0.0,0.0,17.3,2020
Jaylen Brown,SF,23,BOS,35,35,1169,7.8,15.9,.492,2.2,5.7,.395,5.6,10.2,.547,3.6,4.8,.756,1.2,6.2,7.4,2.4,1.2,0.3,2.5,3.1,21.5,2020
Moses Brown,C,20,POR,6,0,21,6.9,15.4,.444,0.0,0.0,,6.9,15.4,.444,3.4,6.9,.500,3.4,13.7,17.1,0.0,1.7,0.0,3.4,6.9,17.1,2020
Sterling Brown,SF,24,MIL,30,0,470,4.3,11.2,.384,2.0,5.8,.342,2.3,5.4,.429,1.8,2.3,.767,1.5,7.7,9.2,2.3,1.5,0.3,2.1,2.7,12.3,2020
Troy Brown,SG,20,WAS,38,14,982,5.7,12.3,.461,1.0,3.2,.322,4.7,9.1,.510,2.2,2.9,.769,1.7,6.7,8.4,2.9,1.9,0.1,1.6,2.6,14.6,2020
Jalen Brunson,PG,23,DAL,42,8,707,6.2,13.5,.457,1.4,4.5,.318,4.7,9.0,.525,1.9,2.4,.787,0.9,4.1,5.0,6.9,0.9,0.2,2.2,2.8,15.6,2020
Thomas Bryant,C,22,WAS,21,20,555,7.0,12.8,.548,0.7,2.4,.297,6.3,10.4,.606,2.6,3.5,.741,2.9,7.5,10.4,3.2,0.6,1.2,1.8,3.1,17.3,2020
Reggie Bullock,SG,28,NYK,8,5,189,5.9,14.9,.397,2.5,7.6,.325,3.4,7.2,.474,0.8,1.0,.800,1.0,1.3,2.3,2.3,2.5,0.0,0.2,3.0,15.0,2020
Trey Burke,PG,27,PHI,22,0,311,6.7,14.0,.479,1.9,4.2,.444,4.9,9.8,.494,1.5,2.1,.722,1.6,2.3,3.9,5.8,0.8,0.1,1.4,2.2,16.8,2020
Alec Burks,SG,28,GSW,40,16,1165,6.3,15.4,.408,2.0,5.6,.367,4.2,9.8,.432,5.1,5.7,.896,1.0,4.8,5.7,3.8,1.4,0.4,2.0,2.8,19.7,2020
Deonte Burton,SG,26,OKC,24,0,189,4.0,12.8,.313,1.0,6.1,.156,3.0,6.7,.457,0.8,1.3,.571,1.0,5.0,5.9,1.7,0.6,1.0,1.1,4.0,9.7,2020
Jimmy Butler,SF,30,MIA,36,36,1263,6.1,13.7,.444,0.7,2.7,.271,5.3,10.9,.487,8.0,9.7,.823,2.0,5.2,7.2,6.6,1.9,0.6,2.5,1.3,20.8,2020
Bruno Caboclo,SF,24,MEM,22,0,192,5.2,12.9,.406,0.7,4.7,.160,4.5,8.2,.545,0.4,0.6,.667,3.2,5.1,8.2,1.9,1.9,2.3,1.3,4.3,11.6,2020
Kentavious Caldwell-Pope,SG,26,LAL,41,20,1041,4.8,10.3,.465,2.0,4.8,.428,2.8,5.6,.497,1.8,2.2,.813,0.9,2.3,3.1,2.6,1.1,0.3,1.2,2.7,13.5,2020
Vlatko Čančar,SF,22,DEN,7,0,12,3.0,9.0,.333,0.0,3.0,.000,3.0,6.0,.500,6.0,6.0,1.000,3.0,0.0,3.0,6.0,0.0,0.0,0.0,3.0,12.0,2020
Clint Capela,C,25,HOU,33,33,1108,7.0,10.9,.637,0.0,0.0,,7.0,10.9,.637,1.7,3.0,.565,4.5,11.0,15.6,1.3,1.0,1.9,1.8,2.9,15.6,2020
DeMarre Carroll,SF,33,SAS,15,0,135,2.4,7.7,.310,0.8,3.5,.231,1.6,4.3,.375,3.2,5.3,.600,1.9,6.4,8.3,2.9,0.5,0.5,2.7,5.3,8.8,2020
Jevon Carter,PG,24,PHO,26,2,340,3.5,9.3,.375,1.8,5.0,.362,1.7,4.3,.390,0.6,0.8,.750,1.2,3.9,5.1,4.1,2.1,0.7,2.2,3.7,9.4,2020
Vince Carter,SF,43,ATL,35,0,540,4.1,12.1,.335,2.3,8.1,.289,1.7,4.1,.426,1.0,1.4,.714,0.5,3.9,4.4,2.2,0.9,0.9,1.3,3.7,11.5,2020
Wendell Carter,C,20,CHI,37,37,1109,5.4,10.0,.537,0.2,0.9,.214,5.2,9.1,.569,3.1,4.2,.736,4.2,7.7,11.9,1.4,1.0,1.1,2.0,4.6,14.1,2020
Michael Carter-Williams,SG,28,ORL,19,0,310,4.1,10.8,.376,0.8,3.5,.233,3.3,7.3,.444,2.6,3.6,.710,2.1,4.9,7.0,4.4,2.3,0.9,2.0,3.1,11.5,2020
Alex Caruso,PG,25,LAL,38,0,729,3.8,8.5,.439,1.3,3.5,.366,2.5,5.0,.490,1.9,2.5,.780,0.5,3.1,3.6,3.4,1.9,0.5,1.7,3.0,10.7,2020
Willie Cauley-Stein,C,26,GSW,38,34,869,5.5,9.8,.561,0.0,0.0,,5.5,9.8,.561,1.4,2.3,.600,2.6,7.2,9.9,2.2,1.8,1.9,1.4,4.0,12.4,2020
Tyson Chandler,C,37,HOU,24,5,209,2.4,3.1,.778,0.0,0.0,,2.4,3.1,.778,1.0,2.2,.462,4.1,6.7,10.9,1.0,1.0,1.4,1.2,5.0,5.9,2020
Wilson Chandler,SF,32,BRK,13,0,260,4.3,10.0,.431,1.4,5.4,.256,2.9,4.6,.636,1.2,1.4,.900,0.4,7.9,8.3,2.2,1.0,0.7,1.9,3.6,11.2,2020
Zylan Cheatham,SF,24,NOP,3,0,31,2.3,5.8,.400,0.0,1.2,.000,2.3,4.6,.500,0.0,0.0,,1.2,5.8,7.0,2.3,0.0,1.2,3.5,5.8,4.6,2020
Chris Chiozza,PG,24,WAS,10,0,123,2.9,10.0,.294,2.0,4.7,.438,0.9,5.3,.167,0.0,0.0,,0.0,4.4,4.4,8.2,2.9,0.6,2.6,3.5,7.9,2020
Marquese Chriss,PF,22,GSW,38,3,666,5.4,11.0,.485,0.3,1.2,.227,5.1,9.8,.516,3.9,5.2,.760,3.8,7.2,11.0,3.8,1.2,1.8,2.9,4.1,14.9,2020
Gary Clark,PF,25,TOT,20,0,249,3.9,10.0,.391,2.9,8.4,.345,1.0,1.6,.636,0.9,1.0,.857,2.2,4.8,6.9,1.7,0.3,1.2,0.3,3.0,11.6,2020
Gary Clark,PF,25,HOU,18,0,212,3.9,10.0,.390,3.1,8.7,.353,0.8,1.4,.625,1.0,1.2,.857,1.9,4.9,6.8,2.0,0.3,1.2,0.3,3.6,11.9,2020
Gary Clark,PF,25,ORL,2,0,37,3.9,9.7,.400,1.9,6.8,.286,1.9,2.9,.667,0.0,0.0,,3.9,3.9,7.8,0.0,0.0,1.0,0.0,0.0,9.7,2020
Brandon Clarke,PF,23,MEM,36,2,770,8.7,13.8,.631,0.8,1.9,.415,7.9,11.9,.665,2.6,3.2,.809,2.3,7.4,9.7,2.5,0.7,1.5,1.6,2.8,20.8,2020
Jordan Clarkson,SG,27,TOT,40,0,943,7.9,17.8,.447,3.1,8.5,.368,4.8,9.2,.521,3.4,4.0,.849,1.0,2.4,3.4,3.2,1.0,0.5,1.9,2.0,22.4,2020
Jordan Clarkson,SG,27,CLE,29,0,666,7.8,17.6,.442,3.2,8.6,.371,4.6,9.0,.509,4.1,4.6,.884,1.1,2.6,3.7,3.8,0.9,0.4,2.1,1.8,22.9,2020
Jordan Clarkson,SG,27,UTA,11,0,277,8.3,18.1,.460,3.0,8.3,.359,5.3,9.7,.547,1.8,2.6,.700,0.8,1.9,2.7,1.7,1.0,0.5,1.3,2.5,21.4,2020
Nicolas Claxton,PF,20,BRK,10,0,120,3.3,6.6,.500,0.0,1.5,.000,3.3,5.1,.647,1.5,3.6,.417,2.4,4.2,6.6,3.3,0.3,1.5,1.8,3.0,8.1,2020
Chris Clemons,SG,22,HOU,24,0,220,7.7,17.8,.431,5.4,13.9,.388,2.3,3.9,.583,0.7,0.8,.800,0.3,2.9,3.3,2.9,1.0,0.8,2.3,3.3,21.4,2020
Antonius Cleveland,SG,25,DAL,3,0,14,5.1,7.7,.667,0.0,2.6,.000,5.1,5.1,1.000,0.0,0.0,,0.0,7.7,7.7,0.0,0.0,0.0,2.6,0.0,10.3,2020
Amir Coffey,SG,22,LAC,2,0,5,14.4,21.6,.667,7.2,14.4,.500,7.2,7.2,1.000,0.0,0.0,,0.0,0.0,0.0,7.2,0.0,0.0,0.0,7.2,36.0,2020
John Collins,PF,22,ATL,16,16,483,8.3,16.5,.502,1.6,4.8,.338,6.6,11.6,.571,2.5,3.4,.756,2.5,9.1,11.6,1.7,0.9,2.5,1.9,4.0,20.7,2020
Zach Collins,PF,22,POR,3,3,86,3.8,8.0,.474,1.3,2.9,.429,2.5,5.0,.500,2.5,2.5,1.000,1.7,3.3,5.0,2.5,0.0,0.8,2.5,4.6,11.3,2020
Mike Conley,PG,32,UTA,22,22,647,5.5,15.1,.365,2.2,6.2,.360,3.3,8.9,.369,3.4,4.2,.803,0.9,3.2,4.1,5.7,0.9,0.2,2.5,2.7,16.6,2020
Pat Connaughton,SG,27,MIL,40,0,719,3.9,8.8,.440,1.3,4.6,.286,2.6,4.2,.607,0.9,1.3,.720,1.6,6.9,8.5,3.5,0.6,1.1,1.7,2.0,9.9,2020
Quinn Cook,PG,26,LAL,27,0,357,6.5,14.1,.457,2.0,5.4,.370,4.4,8.7,.512,0.5,0.6,.833,0.5,2.9,3.4,3.7,0.9,0.1,2.2,2.0,15.4,2020
Tyler Cook,PF,22,CLE,8,0,28,7.7,10.3,.750,0.0,0.0,,7.7,10.3,.750,6.4,7.7,.833,3.9,5.1,9.0,1.3,1.3,0.0,1.3,5.1,21.9,2020
Robert Covington,PF,29,MIN,40,39,1155,5.5,12.5,.436,2.8,7.8,.356,2.7,4.7,.570,2.0,2.6,.793,0.9,6.4,7.3,1.5,2.2,1.2,1.9,3.7,15.7,2020
Allen Crabbe,SG,27,ATL,28,1,522,3.6,9.9,.364,2.1,6.4,.323,1.5,3.4,.440,0.6,0.8,.750,0.7,3.8,4.5,1.9,1.0,0.3,0.8,2.5,9.9,2020
Torrey Craig,SF,29,DEN,28,6,383,3.2,8.1,.395,0.9,3.9,.238,2.3,4.1,.545,0.8,1.4,.600,1.7,4.1,5.8,1.7,0.8,1.3,1.0,5.0,8.2,2020
Jae Crowder,SF,29,MEM,39,39,1178,4.1,11.0,.376,2.2,7.4,.303,1.9,3.6,.525,1.9,2.4,.775,1.0,6.3,7.4,3.5,1.3,0.4,1.5,2.4,12.4,2020
Jarrett Culver,SG,20,MIN,40,27,983,5.6,14.3,.394,1.4,5.3,.260,4.2,9.0,.473,1.3,2.8,.455,1.9,3.5,5.4,2.9,1.5,1.0,2.0,3.0,14.0,2020
Seth Curry,SG,29,DAL,40,9,904,5.9,13.0,.457,2.9,7.4,.390,3.0,5.5,.547,2.0,2.3,.895,0.8,2.4,3.1,2.8,0.9,0.3,1.6,2.7,16.8,2020
Stephen Curry,PG,31,GSW,4,4,112,8.7,21.2,.409,2.9,11.9,.243,5.8,9.3,.621,5.8,5.8,1.000,1.3,5.1,6.4,8.4,1.6,0.6,4.8,3.2,26.0,2020
Troy Daniels,SG,28,LAL,31,0,372,5.1,12.3,.417,3.3,8.6,.382,1.8,3.7,.500,0.7,1.0,.700,0.7,2.9,3.6,1.1,0.7,0.2,0.7,2.0,14.2,2020
Anthony Davis,PF,26,LAL,35,35,1231,9.7,19.2,.504,1.1,3.7,.297,8.5,15.4,.554,7.3,8.5,.859,2.3,7.3,9.6,3.3,1.6,2.6,2.5,2.6,27.7,2020
Ed Davis,C,30,UTA,21,0,232,1.7,4.7,.367,0.0,0.0,,1.7,4.7,.367,0.8,1.7,.455,3.6,9.5,13.0,1.2,1.4,1.4,2.0,7.6,4.2,2020
Terence Davis,SG,22,TOR,41,1,702,5.7,12.3,.467,2.8,6.9,.403,3.0,5.4,.547,1.5,1.6,.938,1.5,5.7,7.2,4.0,1.2,0.4,2.2,3.2,15.8,2020
Dewayne Dedmon,C,30,SAC,26,4,360,4.9,12.0,.408,1.2,5.6,.214,3.7,6.4,.578,1.8,2.1,.857,2.9,7.5,10.4,0.9,0.9,1.2,3.6,6.4,12.8,2020
Matthew Dellavedova,PG,29,CLE,39,0,502,2.8,8.4,.333,0.8,4.6,.172,2.0,3.8,.528,1.8,2.0,.893,0.9,2.6,3.4,7.5,1.1,0.1,2.3,4.1,8.2,2020
DeMar DeRozan,SF,30,SAS,40,40,1364,9.1,16.8,.541,0.2,0.7,.308,8.9,16.2,.551,5.5,6.6,.833,0.6,5.1,5.7,5.4,1.1,0.3,2.6,3.0,23.9,2020
Cheick Diallo,C,23,PHO,25,0,231,7.3,11.1,.662,0.2,0.2,1.000,7.2,10.9,.657,2.8,3.3,.857,2.3,7.5,9.8,2.0,0.9,0.6,2.0,3.6,17.6,2020
Hamidou Diallo,SF,21,OKC,22,1,423,5.5,12.9,.430,0.4,1.9,.227,5.1,11.0,.465,2.0,3.1,.639,1.7,4.4,6.1,1.1,1.9,0.4,1.8,4.2,13.4,2020
Gorgui Dieng,C,30,MIN,37,17,676,5.8,12.8,.450,2.0,5.3,.384,3.7,7.5,.496,2.2,2.8,.788,3.3,8.4,11.7,2.8,1.8,1.9,1.8,4.2,15.7,2020
Spencer Dinwiddie,SG,26,BRK,40,29,1242,8.5,20.1,.424,2.2,7.4,.294,6.3,12.7,.499,6.4,8.2,.775,0.5,3.2,3.7,7.5,0.8,0.4,3.3,3.7,25.6,2020
Donte DiVincenzo,SG,23,MIL,39,20,884,5.3,11.9,.449,2.0,5.8,.338,3.4,6.1,.553,1.5,1.9,.826,1.4,5.7,7.1,3.6,2.4,0.4,1.8,2.6,14.2,2020
Luka Dončić,PG,20,DAL,38,38,1247,10.3,22.1,.467,3.3,9.9,.329,7.0,12.2,.578,7.9,10.1,.782,1.6,9.1,10.7,9.8,1.2,0.1,4.7,2.7,31.8,2020
Luguentz Dort,SG,20,OKC,7,0,115,2.5,7.8,.320,0.3,4.4,.071,2.2,3.4,.636,1.9,3.1,.600,0.3,2.8,3.1,0.9,0.6,0.0,0.9,5.6,7.2,2020
Damyean Dotson,SG,25,NYK,36,0,595,4.8,12.3,.392,2.1,6.8,.301,2.8,5.5,.505,1.0,1.5,.667,0.4,3.6,3.9,2.7,0.9,0.2,0.9,1.5,12.7,2020
Sekou Doumbouya,SF,19,DET,15,8,267,6.3,12.1,.522,1.6,4.3,.375,4.7,7.8,.603,2.0,3.1,.652,0.8,5.4,6.2,0.8,1.2,0.5,1.2,5.0,16.3,2020
PJ Dozier,PG,23,DEN,2,0,20,9.0,18.0,.500,3.6,7.2,.500,5.4,10.8,.500,0.0,0.0,,0.0,7.2,7.2,3.6,0.0,0.0,0.0,9.0,21.6,2020
Goran Dragić,PG,33,MIA,31,1,865,6.9,15.4,.445,3.0,7.4,.402,3.9,8.0,.484,3.2,4.4,.717,0.5,3.2,3.8,6.4,0.7,0.3,3.2,2.4,19.9,2020
Andre Drummond,C,26,DET,40,39,1344,7.6,14.3,.531,0.0,0.5,.050,7.6,13.8,.550,3.3,5.5,.603,4.6,12.2,16.8,2.9,2.1,1.9,3.7,3.9,18.5,2020
Jared Dudley,SF,34,LAL,28,1,247,2.3,5.5,.421,1.9,3.9,.481,0.4,1.6,.273,0.3,0.3,1.000,0.4,3.6,4.1,2.5,1.3,0.3,0.7,4.7,6.9,2020
Kris Dunn,PG,25,CHI,43,24,1060,4.2,10.1,.416,0.8,3.4,.242,3.4,6.7,.503,1.0,1.3,.718,0.7,4.4,5.1,4.8,2.9,0.5,1.8,4.8,10.1,2020
Carsen Edwards,SG,21,BOS,27,0,267,3.9,12.8,.305,2.4,8.0,.305,1.5,4.9,.306,1.5,1.8,.846,0.7,4.6,5.3,2.7,1.2,0.3,1.8,3.2,11.7,2020
Henry Ellenson,PF,23,BRK,5,0,15,2.4,16.8,.143,0.0,9.6,.000,2.4,7.2,.333,0.0,0.0,,4.8,9.6,14.4,2.4,0.0,0.0,0.0,2.4,4.8,2020
Wayne Ellington,SG,32,NYK,23,1,330,3.5,10.8,.323,2.7,8.8,.309,0.8,2.0,.389,0.4,0.7,.667,0.2,3.9,4.1,2.5,0.9,0.2,1.5,2.4,10.1,2020
Joel Embiid,C,25,PHI,31,31,963,8.9,18.8,.472,1.4,4.4,.322,7.5,14.4,.518,7.9,9.4,.837,3.0,11.3,14.3,3.8,0.9,1.6,3.5,4.1,27.1,2020
James Ennis,SF,29,PHI,41,0,715,4.7,10.5,.445,1.8,4.9,.361,2.9,5.6,.518,2.2,2.8,.782,2.4,4.7,7.1,1.9,1.0,0.7,1.4,4.1,13.3,2020
Drew Eubanks,PF,22,SAS,7,0,38,8.5,13.3,.643,0.0,0.0,,8.5,13.3,.643,2.8,2.8,1.000,5.7,9.5,15.2,1.9,0.0,0.9,3.8,4.7,19.9,2020
Jacob Evans,SG,22,GSW,21,0,311,3.7,12.0,.308,1.2,3.1,.370,2.5,8.9,.286,2.2,2.7,.826,0.8,3.0,3.8,2.4,0.7,0.8,2.7,3.5,10.8,2020
Dante Exum,SG,24,TOT,20,0,239,5.3,10.5,.500,1.5,3.6,.417,3.8,6.9,.543,2.1,2.9,.737,0.5,4.4,4.8,3.0,0.9,0.3,3.0,2.7,14.2,2020
Dante Exum,SG,24,UTA,11,0,83,4.3,10.0,.435,0.9,2.6,.333,3.5,7.4,.471,0.9,0.9,1.000,1.3,3.9,5.2,3.0,0.4,0.9,4.3,3.5,10.4,2020
Dante Exum,SG,24,CLE,9,0,156,5.8,10.8,.532,1.8,4.2,.444,3.9,6.7,.586,2.8,3.9,.706,0.0,4.6,4.6,3.0,1.2,0.0,2.3,2.3,16.2,2020
Tacko Fall,C,24,BOS,4,0,21,13.7,18.9,.727,0.0,0.0,,13.7,18.9,.727,1.7,5.1,.333,0.0,17.1,17.1,0.0,0.0,3.4,5.1,6.9,29.1,2020
Derrick Favors,C,28,NOP,24,22,577,6.4,10.6,.600,0.1,0.2,.250,6.3,10.4,.608,1.1,1.8,.586,5.1,10.0,15.1,3.1,0.9,1.7,2.0,3.4,13.9,2020
Cristiano Felício,PF,27,CHI,3,0,23,3.1,4.7,.667,0.0,0.0,,3.1,4.7,.667,1.6,1.6,1.000,1.6,4.7,6.3,0.0,0.0,0.0,1.6,0.0,7.8,2020
Terrance Ferguson,SF,21,OKC,36,36,935,2.5,6.4,.398,1.6,4.9,.320,1.0,1.5,.658,0.3,0.4,.818,0.8,1.5,2.3,1.3,0.8,0.5,1.0,4.5,7.0,2020
Bruno Fernando,C,21,ATL,37,8,437,4.6,9.6,.479,0.3,2.2,.148,4.3,7.4,.578,1.8,3.0,.611,3.1,6.3,9.4,3.0,0.7,1.0,2.5,5.2,11.4,2020
Yogi Ferrell,PG,26,SAC,30,0,386,4.9,11.8,.421,1.4,4.6,.306,3.5,7.2,.494,2.6,3.0,.875,0.4,3.0,3.4,4.4,0.9,0.3,1.8,2.2,13.9,2020
Dorian Finney-Smith,PF,26,DAL,42,39,1235,4.1,8.7,.465,1.9,5.0,.378,2.2,3.7,.583,1.4,2.0,.716,2.4,4.1,6.4,1.6,0.8,0.6,1.2,2.7,11.4,2020
Bryn Forbes,SG,26,SAS,40,39,1034,5.5,13.8,.399,3.1,8.7,.361,2.4,5.1,.463,1.6,1.9,.870,0.3,2.9,3.3,2.5,0.7,0.0,1.3,2.5,15.8,2020
Evan Fournier,SG,27,ORL,41,41,1280,7.8,16.5,.469,2.9,7.3,.395,4.9,9.3,.527,3.6,4.4,.821,0.2,2.8,3.0,3.7,1.2,0.2,2.2,2.8,22.0,2020
De'Aaron Fox,PG,22,SAC,23,21,717,7.9,16.6,.479,1.3,3.8,.333,6.7,12.8,.522,5.1,7.2,.706,1.1,4.0,5.1,8.4,1.6,0.6,4.0,3.4,22.2,2020
Melvin Frazier,SG,23,ORL,11,0,43,5.0,14.2,.353,3.3,5.9,.571,1.7,8.4,.200,1.7,3.3,.500,0.8,2.5,3.3,0.8,2.5,1.7,1.7,6.7,15.1,2020
Michael Frazier,SG,25,HOU,2,0,14,5.1,12.9,.400,2.6,10.3,.250,2.6,2.6,1.000,0.0,0.0,,2.6,5.1,7.7,2.6,0.0,0.0,0.0,5.1,12.9,2020
Tim Frazier,PG,29,DET,24,11,318,3.7,9.8,.379,1.1,2.9,.385,2.6,6.9,.377,2.2,2.7,.792,0.9,2.4,3.3,9.4,1.5,0.3,3.3,4.2,10.8,2020
Markelle Fultz,PG,21,ORL,41,36,1111,6.4,14.1,.455,0.6,2.4,.260,5.8,11.7,.494,2.1,2.9,.739,0.6,3.9,4.5,6.1,1.7,0.3,2.7,2.7,15.6,2020
Wenyen Gabriel,PF,22,SAC,11,0,61,3.5,10.0,.353,0.6,4.7,.125,3.0,5.3,.556,3.5,5.9,.600,2.4,3.5,5.9,1.8,1.8,1.2,3.0,4.1,11.2,2020
Daniel Gafford,C,21,CHI,32,4,411,5.9,8.7,.677,0.0,0.0,,5.9,8.7,.677,1.7,3.2,.528,3.3,3.4,6.7,1.2,0.8,3.7,1.3,5.3,13.4,2020
Danilo Gallinari,PF,31,OKC,36,36,1098,6.9,15.7,.438,3.6,8.8,.409,3.3,6.9,.474,5.0,5.6,.901,0.7,5.8,6.6,2.7,0.8,0.1,1.6,1.6,22.4,2020
Langston Galloway,SG,28,DET,42,6,1056,4.9,11.4,.428,2.9,7.3,.393,2.0,4.1,.492,1.9,2.3,.864,0.5,2.5,3.0,2.0,1.0,0.3,0.9,1.8,14.6,2020
Darius Garland,PG,20,CLE,42,42,1243,5.6,13.8,.407,2.2,6.2,.358,3.4,7.6,.447,1.4,1.6,.875,0.5,1.9,2.4,4.4,1.0,0.0,3.1,1.8,14.9,2020
Marc Gasol,C,35,TOR,29,29,822,3.3,8.4,.398,1.8,4.3,.404,1.6,4.0,.391,0.9,1.2,.750,1.0,7.3,8.3,4.5,1.1,1.4,1.6,3.9,9.3,2020
Rudy Gay,PF,33,SAS,39,5,879,6.2,13.9,.448,1.8,5.3,.331,4.5,8.6,.522,2.9,3.5,.847,1.6,7.7,9.3,2.9,0.8,0.9,2.3,2.3,17.2,2020
Paul George,SF,29,LAC,26,26,799,8.9,20.8,.429,4.2,10.7,.395,4.7,10.1,.464,5.4,5.9,.909,0.5,6.4,7.0,4.4,1.7,0.5,3.8,2.9,27.5,2020
Taj Gibson,C,34,NYK,39,33,635,4.9,9.4,.521,0.1,0.6,.200,4.8,8.8,.542,1.1,1.6,.690,3.9,5.6,9.5,2.2,1.2,0.8,1.9,5.0,11.0,2020
Harry Giles,PF,21,SAC,16,3,180,7.0,15.4,.455,0.0,0.0,,7.0,15.4,.455,2.2,2.4,.917,2.2,6.8,9.0,3.6,1.8,0.8,3.4,7.8,16.2,2020
Shai Gilgeous-Alexander,SG,21,OKC,42,42,1489,7.3,15.7,.468,1.3,3.7,.351,6.1,12.0,.504,4.2,5.1,.829,0.7,5.1,5.8,3.1,1.2,0.5,2.0,1.7,20.2,2020
Rudy Gobert,C,27,UTA,39,39,1343,6.1,9.0,.674,0.0,0.0,,6.1,9.0,.674,3.5,5.8,.606,3.8,11.3,15.1,1.8,0.8,2.0,2.0,3.3,15.7,2020
Brandon Goodwin,PG,24,ATL,13,1,179,6.4,15.7,.410,2.4,7.4,.324,4.0,8.2,.488,1.6,1.6,1.000,0.8,4.8,5.6,4.4,1.6,0.6,2.8,4.2,16.9,2020
Aaron Gordon,PF,24,ORL,36,36,1122,6.0,14.0,.426,1.3,4.5,.293,4.7,9.5,.488,2.5,3.6,.696,1.9,6.5,8.4,3.2,0.8,0.6,1.9,2.3,15.8,2020
Eric Gordon,SG,31,HOU,16,4,462,5.8,16.4,.352,3.7,11.1,.336,2.0,5.2,.388,1.8,2.9,.622,0.5,1.9,2.4,1.5,0.5,0.3,1.6,2.6,17.1,2020
Devonte' Graham,PG,24,CHO,44,34,1549,6.0,15.9,.378,3.7,9.6,.387,2.3,6.3,.364,3.4,4.1,.825,0.8,2.9,3.8,7.9,0.9,0.3,3.1,1.9,19.1,2020
Treveon Graham,SG,26,MIN,33,20,663,3.4,9.5,.354,1.1,4.5,.241,2.3,5.0,.457,1.5,2.0,.730,1.6,3.9,5.4,1.6,0.9,0.1,1.0,3.6,9.3,2020
Jerami Grant,PF,25,DEN,41,8,981,5.2,11.5,.457,1.7,4.7,.367,3.5,6.8,.519,2.8,4.1,.685,0.9,3.9,4.8,1.4,0.7,1.1,1.2,3.0,15.0,2020
Josh Gray,PG,26,NOP,2,0,23,1.6,3.1,.500,0.0,0.0,,1.6,3.1,.500,0.0,0.0,,1.6,1.6,3.1,3.1,0.0,0.0,7.8,1.6,3.1,2020
Danny Green,SG,32,LAL,40,40,1003,4.5,10.4,.434,2.7,7.1,.382,1.8,3.3,.549,0.8,1.1,.719,1.0,4.2,5.2,2.0,1.7,0.6,1.2,3.2,12.6,2020
Draymond Green,PF,29,GSW,32,32,934,3.7,9.7,.381,1.0,3.7,.268,2.7,6.0,.452,2.0,2.7,.754,0.7,7.1,7.8,6.9,1.9,1.0,2.8,3.2,10.4,2020
JaMychal Green,PF,29,LAC,33,0,700,4.0,9.8,.403,2.3,6.7,.346,1.6,3.1,.525,1.3,1.5,.862,2.5,8.6,11.1,1.2,0.8,0.7,1.5,4.4,11.5,2020
Javonte Green,SF,26,BOS,32,0,248,5.5,9.9,.559,0.7,2.3,.313,4.8,7.5,.635,1.7,2.2,.800,1.5,5.4,6.8,1.3,1.6,0.6,1.6,3.5,13.5,2020
Jeff Green,PF,33,UTA,30,2,553,4.9,12.7,.385,2.2,6.8,.327,2.7,5.9,.451,3.2,4.1,.778,0.9,4.4,5.3,1.3,0.8,0.7,1.8,3.0,15.2,2020
Blake Griffin,PF,30,DET,18,18,512,6.2,17.6,.352,1.9,7.8,.243,4.3,9.8,.439,5.3,6.9,.776,1.2,4.7,5.9,4.1,0.5,0.5,2.8,1.9,19.6,2020
Marko Guduric,SG,24,MEM,28,0,387,4.4,11.8,.370,1.7,6.0,.281,2.7,5.9,.460,1.4,1.6,.882,1.1,3.9,5.0,3.5,0.8,0.6,2.6,2.3,11.8,2020
Kyle Guy,SG,22,SAC,1,0,3,0.0,12.0,.000,0.0,12.0,.000,0.0,0.0,,0.0,0.0,,0.0,0.0,0.0,0.0,0.0,0.0,0.0,0.0,0.0,2020
Rui Hachimura,PF,21,WAS,25,25,729,7.2,15.0,.482,0.5,2.4,.208,6.7,12.6,.533,2.3,2.7,.852,1.9,5.2,7.2,2.0,0.9,0.1,1.0,2.8,17.2,2020
Devon Hall,SG,24,OKC,5,0,20,1.8,9.0,.200,0.0,3.6,.000,1.8,5.4,.333,5.4,7.2,.750,0.0,1.8,1.8,5.4,0.0,0.0,1.8,1.8,9.0,2020
Tim Hardaway,SG,27,DAL,39,26,1017,6.9,16.0,.433,3.7,9.4,.391,3.3,6.6,.492,2.3,3.0,.786,0.6,3.5,4.1,2.3,0.8,0.1,1.2,2.3,19.9,2020
James Harden,SG,30,HOU,39,39,1449,10.5,23.5,.446,4.8,13.0,.373,5.6,10.5,.537,10.2,11.9,.860,1.1,4.9,6.0,7.2,1.6,0.9,4.5,3.1,36.0,2020
Maurice Harkless,SF,26,LAC,42,30,956,3.6,7.0,.514,0.8,2.3,.333,2.8,4.7,.600,0.8,1.5,.550,1.6,4.7,6.4,1.5,1.7,1.1,1.4,3.7,8.7,2020
Jared Harper,PG,22,PHO,1,0,2,0.0,18.0,.000,0.0,18.0,.000,0.0,0.0,,0.0,0.0,,0.0,0.0,0.0,0.0,0.0,0.0,0.0,0.0,0.0,2020
Montrezl Harrell,C,26,LAC,41,2,1181,9.8,17.0,.573,0.0,0.4,.000,9.8,16.6,.588,4.5,7.0,.636,3.5,5.6,9.1,2.3,0.9,1.4,2.4,2.9,24.0,2020
Gary Harris,SG,25,DEN,37,37,1217,4.5,10.7,.421,1.5,4.7,.316,3.0,6.1,.502,1.5,1.8,.823,0.6,2.4,3.0,2.4,1.6,0.3,1.1,2.6,12.0,2020
Joe Harris,SF,28,BRK,40,40,1268,5.9,12.9,.460,2.8,6.8,.413,3.1,6.1,.514,1.2,1.7,.746,1.1,3.7,4.8,2.4,0.8,0.3,1.6,2.7,15.9,2020
Tobias Harris,PF,27,PHI,43,43,1470,8.1,16.7,.486,1.7,4.9,.353,6.4,11.8,.542,2.5,3.2,.794,0.8,6.2,7.0,3.2,0.9,0.6,1.6,2.4,20.5,2020
Shaquille Harrison,SF,26,CHI,25,4,183,4.5,11.8,.383,0.8,2.6,.308,3.7,9.2,.404,3.0,4.5,.652,1.4,5.5,6.9,4.9,2.2,1.0,1.2,4.1,12.8,2020
Josh Hart,SF,24,NOP,35,10,1001,4.6,11.2,.408,2.7,7.8,.350,1.8,3.4,.543,1.7,2.2,.742,1.2,6.3,7.5,1.8,1.3,0.4,1.5,3.6,13.5,2020
Isaiah Hartenstein,C,21,HOU,18,2,238,6.1,8.9,.678,0.0,0.5,.000,6.1,8.5,.714,2.7,3.9,.692,3.8,8.8,12.6,2.4,1.2,1.8,2.0,5.6,14.8,2020
Udonis Haslem,PF,39,MIA,2,0,11,3.3,3.3,1.000,0.0,0.0,,3.3,3.3,1.000,9.8,13.1,.750,0.0,9.8,9.8,0.0,0.0,0.0,0.0,9.8,16.4,2020
Jaxson Hayes,C,19,NOP,39,11,782,5.9,9.0,.658,0.0,0.2,.250,5.9,8.8,.667,3.7,5.8,.630,3.2,5.2,8.5,1.7,1.0,2.1,1.5,5.2,15.6,2020
Gordon Hayward,SF,29,BOS,24,24,759,7.4,14.4,.516,1.6,4.6,.351,5.8,9.8,.594,1.8,2.0,.860,1.1,5.6,6.7,4.5,0.8,0.5,1.8,2.0,18.3,2020
John Henson,PF,29,CLE,21,1,277,5.6,10.7,.524,0.4,2.5,.158,5.2,8.2,.635,1.7,3.4,.500,2.9,7.5,10.4,3.9,1.6,3.2,1.9,4.2,13.3,2020
Dewan Hernandez,C,23,TOR,4,0,11,3.3,16.4,.200,0.0,3.3,.000,3.3,13.1,.250,6.5,6.5,1.000,6.5,16.4,22.9,0.0,3.3,0.0,3.3,19.6,13.1,2020
Juan Hernangómez,PF,24,DEN,26,0,308,3.2,9.2,.342,1.5,5.5,.277,1.6,3.7,.438,0.9,2.0,.471,1.5,5.7,7.2,2.1,0.2,0.4,1.4,2.2,8.8,2020
Willy Hernangómez,C,25,CHO,15,0,109,8.6,15.2,.565,1.0,3.3,.300,7.6,11.9,.639,3.6,7.6,.478,5.3,8.6,13.9,1.7,0.3,1.3,3.3,2.6,21.8,2020
Tyler Herro,SG,20,MIA,38,3,1078,6.2,14.9,.417,2.7,6.9,.385,3.5,7.9,.445,1.9,2.2,.851,0.4,5.1,5.5,2.7,0.8,0.1,2.2,1.6,17.0,2020
Kevin Hervey,PF,23,OKC,3,0,9,0.0,16.0,.000,0.0,12.0,.000,0.0,4.0,.000,0.0,0.0,,0.0,8.0,8.0,4.0,0.0,0.0,0.0,4.0,0.0,2020
Mario Hezonja,PF,24,POR,31,4,503,3.6,8.9,.400,0.9,2.8,.308,2.7,6.2,.442,2.2,2.6,.838,1.4,7.2,8.5,1.9,1.3,0.3,1.6,4.9,10.2,2020
Buddy Hield,SG,27,SAC,41,41,1407,7.8,18.6,.418,3.8,10.2,.368,4.0,8.4,.479,2.0,2.4,.819,0.9,4.3,5.3,3.3,0.9,0.3,2.8,2.7,21.3,2020
George Hill,PG,33,MIL,40,0,851,6.0,11.0,.546,2.7,5.1,.525,3.3,5.9,.564,2.2,2.7,.810,1.6,3.8,5.4,5.2,1.2,0.2,1.5,2.4,16.8,2020
Solomon Hill,SF,28,MEM,40,2,756,3.9,9.7,.404,2.2,5.9,.371,1.7,3.8,.456,1.0,1.3,.714,1.0,5.0,6.0,3.8,1.4,0.3,1.5,2.7,11.0,2020
Jaylen Hoard,SF,20,POR,10,0,64,5.1,12.4,.409,0.0,1.1,.000,5.1,11.3,.450,3.4,5.1,.667,4.5,5.6,10.1,1.1,2.3,0.0,2.3,2.3,13.5,2020
Aaron Holiday,PG,23,IND,40,18,942,5.9,14.0,.423,2.3,5.7,.409,3.6,8.3,.433,1.8,2.1,.870,0.6,3.1,3.7,5.5,1.2,0.3,2.1,2.9,16.0,2020
Jrue Holiday,SG,29,NOP,34,34,1212,7.9,18.1,.438,2.0,5.8,.342,5.9,12.2,.483,2.0,2.9,.708,1.3,3.6,4.9,6.6,1.7,0.7,3.1,2.1,19.8,2020
Justin Holiday,SG,30,IND,42,2,1062,3.9,9.5,.412,2.5,6.2,.407,1.4,3.3,.423,0.9,1.1,.818,0.6,4.2,4.8,2.2,1.4,0.8,0.8,2.4,11.2,2020
Rondae Hollis-Jefferson,SF,25,TOR,33,2,664,5.4,11.4,.471,0.1,0.7,.154,5.3,10.7,.492,3.7,4.9,.758,4.0,5.1,9.1,2.9,1.6,0.7,1.9,3.7,14.6,2020
Richaun Holmes,C,26,SAC,37,33,1087,6.8,10.2,.660,0.0,0.0,,6.8,10.2,.660,2.5,3.1,.817,3.7,6.7,10.4,1.2,1.3,1.7,1.5,4.8,16.0,2020
Rodney Hood,SF,27,POR,21,21,619,5.1,10.0,.506,2.0,4.1,.493,3.0,5.9,.515,1.2,1.6,.778,0.6,3.6,4.2,1.9,1.0,0.2,1.1,2.7,13.4,2020
Al Horford,C,33,PHI,39,39,1209,6.0,13.3,.453,1.6,4.9,.333,4.4,8.4,.523,1.0,1.5,.700,1.9,5.7,7.6,4.6,1.1,1.1,1.3,2.6,14.7,2020
Talen Horton-Tucker,SG,19,LAL,2,0,5,0.0,7.2,.000,0.0,7.2,.000,0.0,0.0,,0.0,0.0,,0.0,0.0,0.0,14.4,7.2,0.0,0.0,0.0,0.0,2020
Danuel House,SF,26,HOU,34,29,1037,4.2,9.7,.430,2.3,6.3,.370,1.8,3.4,.541,1.4,1.9,.741,1.3,3.3,4.6,1.5,1.0,0.6,1.1,2.6,12.0,2020
Dwight Howard,C,34,LAL,41,0,813,5.7,7.8,.723,0.1,0.2,.600,5.5,7.6,.727,2.5,4.9,.505,4.5,9.1,13.6,1.3,0.7,2.6,2.3,5.9,13.9,2020
Kevin Huerter,SG,21,ATL,31,23,864,5.5,12.9,.423,2.8,7.0,.401,2.7,6.0,.448,1.6,1.9,.844,0.8,4.6,5.4,4.5,1.2,0.6,2.3,2.8,15.3,2020
De'Andre Hunter,SF,22,ATL,41,40,1271,5.0,12.4,.401,1.8,5.4,.333,3.2,7.0,.453,2.0,2.5,.767,0.5,3.8,4.3,2.0,0.7,0.3,1.9,3.1,13.7,2020
Chandler Hutchison,SF,23,CHI,16,6,240,4.8,10.9,.438,1.0,2.4,.438,3.7,8.6,.439,3.4,5.9,.590,0.5,6.6,7.0,1.4,1.6,0.7,2.4,3.0,14.1,2020
Serge Ibaka,C,30,TOR,31,14,825,8.3,16.4,.507,1.3,3.4,.377,7.0,13.0,.540,2.6,3.5,.741,3.1,8.5,11.5,1.7,0.6,1.2,2.8,3.7,20.5,2020
Ersan İlyasova,PF,32,MIL,39,4,654,6.3,12.5,.502,2.0,5.5,.370,4.2,7.0,.606,2.8,3.4,.823,2.6,8.9,11.6,2.1,0.9,0.7,1.2,3.3,17.4,2020
Joe Ingles,SF,32,UTA,41,21,1231,4.7,10.3,.453,2.7,6.4,.425,2.0,3.9,.500,1.3,1.7,.793,0.5,4.5,5.0,5.6,1.1,0.2,2.2,2.5,13.4,2020
Brandon Ingram,PF,22,NOP,37,37,1277,9.4,19.5,.480,2.6,6.5,.406,6.7,13.0,.517,5.5,6.4,.860,1.0,6.1,7.1,4.5,1.0,0.8,3.2,3.0,26.9,2020
Kyrie Irving,PG,27,BRK,14,14,461,10.9,23.7,.462,2.8,7.7,.364,8.1,15.9,.510,5.1,5.5,.915,1.2,4.6,5.8,7.6,1.3,0.6,2.4,2.7,29.8,2020
Jonathan Isaac,SF,22,ORL,32,32,949,5.7,12.2,.463,1.1,3.5,.330,4.5,8.8,.515,2.1,2.8,.767,2.2,6.3,8.4,1.7,1.9,3.0,1.8,3.0,14.6,2020
Wesley Iwundu,SF,25,ORL,28,9,505,3.2,8.9,.360,0.6,2.5,.257,2.6,6.4,.400,2.9,3.4,.854,1.3,4.3,5.6,2.0,1.2,0.6,1.1,3.0,10.0,2020
Frank Jackson,PG,21,NOP,33,1,458,5.8,15.0,.387,1.9,6.8,.279,3.9,8.3,.476,2.7,3.5,.773,0.8,2.7,3.5,2.2,0.9,0.2,2.4,3.6,16.2,2020
Jaren Jackson,C,20,MEM,41,41,1148,8.3,17.3,.480,3.4,8.2,.408,5.0,9.1,.545,2.9,3.8,.760,1.4,4.7,6.1,1.9,0.9,1.8,2.1,5.3,22.9,2020
Justin Jackson,PF,24,DAL,38,2,611,5.1,12.5,.410,2.0,6.4,.312,3.1,6.1,.515,1.4,1.6,.821,0.9,4.5,5.4,1.3,0.5,0.3,0.4,2.8,13.6,2020
Reggie Jackson,PG,29,DET,2,2,36,4.0,11.0,.364,1.0,5.0,.200,3.0,6.0,.500,1.0,1.0,1.000,1.0,4.0,5.0,8.0,0.0,0.0,1.0,2.0,10.0,2020
Justin James,SG,23,SAC,22,0,192,5.1,12.6,.403,1.3,4.3,.304,3.7,8.2,.455,0.6,2.1,.273,0.7,4.3,5.1,2.4,0.9,1.7,1.3,2.6,12.0,2020
LeBron James,PG,35,LAL,39,39,1362,10.0,20.4,.491,2.2,6.3,.346,7.8,14.0,.557,4.0,5.7,.694,1.1,6.9,8.0,11.2,1.3,0.5,3.9,1.8,26.1,2020
Amile Jefferson,PF,26,ORL,14,0,68,2.1,5.8,.364,0.0,0.0,,2.1,5.8,.364,2.1,6.4,.333,4.2,6.9,11.1,2.1,0.0,1.6,1.6,3.2,6.4,2020
DaQuan Jeffries,SG,22,SAC,2,0,11,3.3,3.3,1.000,0.0,0.0,,3.3,3.3,1.000,0.0,0.0,,3.3,0.0,3.3,3.3,0.0,0.0,0.0,3.3,6.5,2020
Ty Jerome,PG,22,PHO,12,0,137,4.2,12.9,.327,1.6,5.3,.300,2.6,7.6,.345,1.1,1.3,.800,0.8,3.7,4.5,6.0,2.9,0.0,2.4,3.7,11.0,2020
Alize Johnson,SF,23,IND,11,0,46,5.5,11.0,.500,0.0,0.0,,5.5,11.0,.500,3.1,4.7,.667,4.7,7.0,11.7,1.6,0.0,0.0,0.8,4.7,14.1,2020
B.J. Johnson,SF,24,ORL,4,0,38,4.7,13.3,.357,0.9,4.7,.200,3.8,8.5,.444,0.0,0.0,,0.9,2.8,3.8,1.9,1.9,0.0,2.8,0.0,10.4,2020
Cameron Johnson,PF,23,PHO,38,0,754,4.9,11.6,.420,3.2,7.9,.398,1.7,3.7,.468,1.3,1.7,.750,1.7,3.9,5.5,1.7,0.8,0.6,1.1,2.7,14.2,2020
James Johnson,PF,32,MIA,11,0,157,5.0,10.1,.500,2.3,5.0,.455,2.8,5.0,.545,1.8,3.0,.615,1.6,5.5,7.1,1.8,0.7,1.4,1.8,4.4,14.2,2020
Keldon Johnson,SF,20,SAS,2,0,7,5.1,20.6,.250,0.0,0.0,,5.1,20.6,.250,0.0,0.0,,0.0,10.3,10.3,0.0,0.0,0.0,0.0,0.0,10.3,2020
Stanley Johnson,PF,23,TOR,13,0,71,3.5,12.7,.280,1.0,6.1,.167,2.5,6.6,.385,1.5,2.0,.750,1.5,6.1,7.6,1.5,1.5,0.5,3.5,3.5,9.6,2020
Tyler Johnson,SG,27,PHO,28,3,473,4.5,11.9,.376,1.5,5.6,.270,3.0,6.3,.470,1.7,2.3,.733,0.8,3.1,3.9,3.6,0.8,0.5,1.7,2.9,12.2,2020
Nikola Jokić,C,24,DEN,41,41,1289,8.5,16.8,.510,1.5,4.6,.331,7.0,12.2,.577,3.4,4.2,.803,2.6,8.7,11.3,7.4,1.1,0.7,3.1,3.5,22.0,2020
Damian Jones,C,24,ATL,37,20,616,5.4,7.8,.694,0.1,0.4,.333,5.3,7.5,.711,2.6,3.5,.733,3.0,4.9,7.9,1.4,0.8,1.8,1.2,6.4,13.6,2020
Derrick Jones,SF,22,MIA,27,1,656,4.7,10.0,.470,0.9,4.1,.230,3.8,6.0,.633,2.6,3.4,.758,1.2,5.2,6.3,1.3,1.7,1.0,1.1,3.5,13.0,2020
Tyus Jones,PG,23,MEM,42,6,802,4.9,11.2,.438,1.0,3.0,.328,3.9,8.2,.478,1.1,1.4,.750,0.2,2.6,2.9,8.8,1.7,0.3,1.8,1.3,11.9,2020
DeAndre Jordan,C,31,BRK,37,4,777,5.6,8.5,.656,0.0,0.0,,5.6,8.5,.656,2.5,3.8,.679,4.0,12.6,16.7,3.4,0.7,1.6,2.2,3.4,13.7,2020
Cory Joseph,PG,28,SAC,41,20,1047,3.5,8.9,.390,0.9,2.9,.313,2.6,6.1,.426,1.1,1.3,.892,0.8,3.0,3.8,5.1,1.1,0.5,1.7,2.9,9.0,2020
Mfiondu Kabengele,C,22,LAC,10,0,44,8.2,18.0,.455,4.9,9.8,.500,3.3,8.2,.400,2.5,2.5,1.000,0.8,5.7,6.5,0.8,0.8,0.8,0.8,4.9,23.7,2020
Frank Kaminsky,C,26,PHO,32,13,718,6.4,14.0,.455,2.0,5.6,.348,4.4,8.4,.527,3.0,4.4,.670,1.5,6.4,7.9,3.6,0.7,0.5,1.7,3.5,17.6,2020
Enes Kanter,C,27,BOS,33,4,606,7.8,13.2,.587,0.1,0.3,.200,7.7,13.0,.596,2.4,3.4,.690,5.8,10.3,16.0,2.0,1.0,1.7,2.0,3.4,18.0,2020
Luke Kennard,SG,23,DET,28,25,922,5.9,13.4,.442,2.9,7.1,.399,3.0,6.2,.491,2.6,2.9,.893,0.4,3.5,3.8,4.5,0.5,0.2,1.7,2.5,17.3,2020
Stanton Kidd,SF,27,UTA,4,0,15,0.0,7.2,.000,0.0,2.4,.000,0.0,4.8,.000,0.0,0.0,,0.0,7.2,7.2,2.4,0.0,0.0,4.8,7.2,0.0,2020
Michael Kidd-Gilchrist,PF,26,CHO,12,0,160,4.1,11.9,.340,1.1,3.8,.294,2.9,8.1,.361,1.6,2.0,.778,2.0,5.9,7.9,2.3,0.0,0.7,1.6,4.1,10.8,2020
Louis King,SF,20,DET,4,0,12,9.0,21.0,.429,3.0,9.0,.333,6.0,12.0,.500,0.0,0.0,,3.0,3.0,6.0,3.0,3.0,0.0,3.0,6.0,21.0,2020
Maxi Kleber,C,28,DAL,41,10,1029,4.4,9.5,.463,2.4,6.0,.401,2.0,3.5,.570,1.8,2.1,.881,2.2,5.6,7.8,1.5,0.5,1.3,1.2,3.2,13.0,2020
Brandon Knight,PG,28,CLE,16,0,241,4.2,12.8,.326,2.8,9.6,.297,1.3,3.3,.409,0.6,1.9,.308,0.4,2.5,3.0,4.6,0.7,0.3,2.4,3.0,11.8,2020
Kevin Knox,SF,20,NYK,41,4,803,4.8,12.6,.376,2.2,6.5,.336,2.6,6.1,.419,2.2,3.5,.649,0.7,5.2,5.9,2.0,0.9,0.8,1.3,3.0,13.9,2020
John Konchar,SG,23,MEM,2,0,8,0.0,0.0,,0.0,0.0,,0.0,0.0,,0.0,0.0,,0.0,4.5,4.5,0.0,0.0,0.0,0.0,0.0,0.0,2020
Furkan Korkmaz,SG,22,PHI,42,11,858,5.5,12.5,.438,3.0,7.6,.390,2.5,4.9,.513,1.0,1.5,.714,0.4,3.5,3.9,1.4,1.0,0.3,1.2,2.3,15.0,2020
Luke Kornet,C,24,CHI,23,1,274,4.2,11.4,.368,1.8,7.2,.255,2.4,4.2,.563,1.2,1.6,.750,1.2,4.3,5.5,1.7,0.8,2.5,0.7,3.0,11.4,2020
Kyle Korver,SF,38,MIL,37,0,613,4.3,10.6,.409,3.5,8.5,.417,0.8,2.2,.378,1.2,1.4,.875,0.5,3.5,4.0,2.6,1.0,0.4,1.8,2.6,13.4,2020
Rodions Kurucs,PF,21,BRK,25,3,323,4.5,9.4,.476,1.7,3.7,.455,2.8,5.7,.490,1.1,2.0,.556,1.6,5.7,7.2,2.5,1.1,0.2,2.7,5.1,11.7,2020
Kyle Kuzma,PF,24,LAL,32,5,781,7.1,16.4,.430,2.4,7.1,.342,4.6,9.3,.498,2.4,3.3,.746,1.1,4.6,5.6,1.6,0.5,0.6,2.2,2.6,19.0,2020
Skal Labissière,C,23,POR,33,1,567,5.1,9.3,.551,0.2,0.8,.231,5.0,8.5,.582,1.6,2.1,.758,4.1,6.6,10.7,2.7,0.4,2.0,1.9,5.7,12.1,2020
Jeremy Lamb,SG,27,IND,31,31,910,6.1,13.5,.449,1.5,4.5,.325,4.6,9.0,.511,2.8,3.2,.864,0.7,5.3,6.0,2.9,1.5,0.6,1.5,2.7,16.3,2020
Romeo Langford,SG,20,BOS,11,0,106,2.7,6.8,.400,0.7,3.1,.222,2.0,3.7,.545,2.4,2.7,.875,1.7,2.0,3.7,0.7,1.0,0.7,0.7,2.4,8.5,2020
Zach LaVine,SG,24,CHI,43,43,1461,8.9,20.3,.440,3.3,8.4,.392,5.6,11.9,.474,4.9,5.9,.832,0.7,4.3,5.0,4.2,1.4,0.5,3.5,2.3,26.1,2020
Jake Layman,PF,25,MIN,14,2,369,6.0,12.9,.462,1.9,5.3,.352,4.1,7.6,.538,0.6,1.0,.600,1.2,2.8,4.0,1.1,1.2,1.0,1.8,3.0,14.3,2020
T.J. Leaf,PF,22,IND,21,1,177,5.5,13.2,.415,1.0,2.8,.357,4.5,10.4,.431,1.2,2.0,.600,4.1,7.9,12.0,1.2,1.4,0.6,1.2,3.3,13.2,2020
Jalen Lecque,G,19,PHO,1,0,2,0.0,18.0,.000,0.0,0.0,,0.0,18.0,.000,0.0,0.0,,0.0,0.0,0.0,0.0,0.0,0.0,0.0,0.0,0.0,2020
Courtney Lee,SG,34,DAL,10,3,80,5.9,10.4,.565,3.2,5.4,.583,2.7,5.0,.545,0.0,0.0,,0.0,2.3,2.3,1.4,0.0,0.9,0.9,2.7,14.9,2020
Damion Lee,SG,27,GSW,27,14,734,5.6,13.7,.407,1.9,5.3,.358,3.7,8.4,.439,3.7,4.2,.882,1.2,5.7,7.0,3.3,1.2,0.1,1.8,2.5,16.8,2020
Alex Len,C,26,ATL,38,9,711,7.0,12.7,.554,0.7,2.7,.259,6.3,10.0,.635,2.5,4.0,.633,3.2,7.8,11.1,2.1,0.9,1.5,1.9,4.5,17.3,2020
Kawhi Leonard,SF,28,LAC,32,32,1025,10.5,22.6,.465,2.2,6.0,.371,8.3,16.6,.499,6.6,7.4,.890,1.2,7.1,8.2,5.7,2.1,0.6,3.7,2.1,29.8,2020
Meyers Leonard,PF,27,MIA,41,41,823,4.2,7.8,.542,1.9,4.1,.457,2.4,3.7,.635,0.6,0.8,.684,1.0,7.9,8.8,2.1,0.4,0.6,1.3,3.7,10.9,2020
Caris LeVert,SG,25,BRK,15,9,417,7.6,18.6,.409,2.0,5.4,.371,5.6,13.2,.425,2.8,4.5,.615,1.3,4.0,5.3,4.4,0.9,0.2,3.9,2.3,19.9,2020
Damian Lillard,PG,29,POR,41,41,1505,8.3,18.7,.446,3.3,9.2,.358,5.0,9.4,.533,6.5,7.3,.886,0.5,3.5,4.0,7.5,1.0,0.4,2.7,1.7,26.4,2020
Nassir Little,PF,19,POR,32,3,387,3.5,9.0,.392,0.7,3.4,.189,2.9,5.6,.517,2.0,3.1,.636,2.1,5.6,7.7,1.4,0.7,0.8,1.1,4.1,9.7,2020
Kevon Looney,C,23,GSW,10,3,105,3.8,11.0,.344,0.3,0.7,.500,3.4,10.3,.333,1.0,1.7,.600,5.1,4.8,9.9,1.4,1.0,0.7,2.1,5.8,8.9,2020
Brook Lopez,C,31,MIL,41,41,1076,5.0,12.0,.415,1.9,6.4,.304,3.0,5.6,.542,2.0,2.3,.870,0.9,5.6,6.5,2.0,1.0,3.4,1.2,3.1,13.9,2020
Robin Lopez,C,31,MIL,42,2,600,5.9,11.5,.510,1.0,3.8,.270,4.9,7.7,.628,1.2,2.3,.513,2.4,4.5,6.9,1.7,0.4,1.7,2.2,3.2,14.0,2020
Kevin Love,PF,31,CLE,35,35,1095,6.5,14.3,.454,2.6,7.2,.361,3.9,7.1,.549,4.1,4.9,.839,1.1,10.8,11.9,3.3,0.6,0.4,3.1,1.8,19.7,2020
Kyle Lowry,PG,33,TOR,30,30,1132,5.7,14.2,.404,3.0,8.4,.352,2.8,5.8,.481,4.8,5.6,.859,0.5,3.7,4.3,7.5,1.1,0.4,2.8,3.1,19.2,2020
Timothé Luwawu-Cabarrot,SG,24,BRK,18,0,307,3.4,8.8,.387,1.4,4.3,.324,2.0,4.5,.447,1.6,2.2,.737,1.1,3.9,4.9,1.4,1.1,0.1,1.9,4.1,9.9,2020
Trey Lyles,PF,24,SAS,40,30,693,3.7,9.2,.401,1.5,4.6,.326,2.2,4.6,.477,0.8,1.1,.682,2.6,9.5,12.2,2.5,0.6,0.8,1.2,2.6,9.7,2020
Daryl Macon,SG,24,MIA,4,0,14,2.6,7.7,.333,2.6,5.1,.500,0.0,2.6,.000,0.0,0.0,,0.0,0.0,0.0,2.6,0.0,0.0,5.1,2.6,7.7,2020
Josh Magette,PG,30,ORL,8,0,38,4.7,14.2,.333,0.9,3.8,.250,3.8,10.4,.364,0.9,1.9,.500,0.9,4.7,5.7,4.7,2.8,0.9,4.7,3.8,11.4,2020
Ian Mahinmi,C,33,WAS,21,18,462,4.6,9.4,.492,0.3,1.2,.250,4.3,8.1,.529,3.2,5.5,.586,3.8,5.8,9.6,2.3,1.4,2.3,2.5,4.8,12.7,2020
Thon Maker,C,22,DET,40,3,440,3.9,7.8,.505,0.8,2.5,.333,3.1,5.3,.585,3.5,5.5,.642,2.1,4.4,6.5,1.3,1.1,1.8,2.1,4.7,12.2,2020
Terance Mann,SG,23,LAC,26,5,220,3.4,7.7,.447,0.3,1.6,.200,3.1,6.1,.514,1.3,1.6,.800,0.7,3.8,4.4,4.7,1.0,0.5,2.1,4.4,8.5,2020
Boban Marjanović,C,31,DAL,21,1,209,9.3,17.1,.545,0.3,1.2,.286,9.0,15.8,.565,3.3,4.8,.679,5.3,11.0,16.4,1.4,0.5,0.5,2.8,5.7,22.2,2020
Lauri Markkanen,PF,22,CHI,43,43,1296,6.1,14.2,.427,2.6,7.5,.353,3.4,6.7,.508,3.1,3.8,.819,1.5,6.3,7.8,1.9,1.0,0.6,1.9,2.4,17.9,2020
Caleb Martin,SF,24,CHO,5,0,32,3.4,11.3,.300,0.0,3.4,.000,3.4,7.9,.429,3.4,5.6,.600,1.1,4.5,5.6,3.4,1.1,2.3,3.4,3.4,10.1,2020
Cody Martin,SF,24,CHO,31,0,444,3.3,8.4,.398,0.6,3.2,.200,2.7,5.1,.524,2.4,3.4,.690,1.4,4.8,6.2,3.0,1.8,0.4,1.5,3.5,9.6,2020
Kelan Martin,SF,24,MIN,17,3,295,4.8,13.3,.358,1.8,7.0,.263,2.9,6.3,.462,0.6,0.6,1.000,0.6,6.5,7.1,1.1,0.4,0.6,0.7,3.9,12.0,2020
Frank Mason,PG,25,MIL,4,0,18,2.0,14.0,.143,2.0,8.0,.250,0.0,6.0,.000,4.0,8.0,.500,2.0,2.0,4.0,10.0,2.0,0.0,2.0,4.0,10.0,2020
Garrison Mathews,SG,23,WAS,15,0,196,4.2,9.2,.460,3.3,7.7,.429,0.9,1.5,.625,5.3,5.9,.906,1.1,3.1,4.2,1.8,0.6,0.2,1.3,4.8,17.1,2020
Wesley Matthews,SG,33,MIL,40,40,968,3.6,9.1,.394,2.2,6.2,.353,1.4,2.9,.481,1.2,1.5,.780,0.3,3.3,3.7,2.0,1.0,0.2,0.9,2.2,10.6,2020
Patrick McCaw,SF,24,TOR,20,11,539,3.3,7.5,.434,1.1,3.2,.333,2.2,4.3,.508,0.5,0.6,.778,0.7,2.5,3.2,3.5,1.5,0.1,1.5,2.3,8.1,2020
CJ McCollum,SG,28,POR,42,42,1495,8.6,19.1,.453,2.6,6.9,.378,6.0,12.2,.495,1.8,2.3,.789,0.7,3.4,4.1,3.8,0.8,0.7,1.8,2.5,21.7,2020
T.J. McConnell,PG,27,IND,40,1,751,5.9,11.5,.517,0.2,0.5,.364,5.8,11.0,.524,0.9,1.2,.760,1.0,4.0,4.9,9.8,1.2,0.2,2.8,2.0,13.0,2020
Jalen McDaniels,PF,22,CHO,2,0,7,10.3,25.7,.400,0.0,5.1,.000,10.3,20.6,.500,0.0,0.0,,5.1,0.0,5.1,0.0,0.0,0.0,0.0,0.0,20.6,2020
Doug McDermott,PF,28,IND,42,0,869,6.3,13.6,.465,3.0,7.0,.429,3.3,6.6,.503,1.1,1.4,.818,0.8,4.0,4.8,1.9,0.2,0.2,1.1,3.0,16.8,2020
JaVale McGee,C,32,LAL,41,41,696,6.6,10.3,.640,0.1,0.2,.667,6.5,10.2,.640,1.6,2.5,.612,4.0,8.4,12.5,1.5,1.2,3.6,1.6,5.2,14.9,2020
Rodney McGruder,SG,28,LAC,30,2,496,3.0,7.5,.394,1.3,4.4,.295,1.7,3.1,.535,0.5,1.0,.500,1.2,4.9,6.2,1.4,1.1,0.5,0.9,3.6,7.8,2020
Alfonzo McKinnie,SF,27,CLE,28,1,359,4.0,9.8,.408,0.9,3.9,.231,3.1,5.9,.525,0.9,1.4,.643,2.2,4.9,7.1,0.9,1.5,0.5,1.6,4.5,9.8,2020
Jordan McLaughlin,PG,23,MIN,7,0,112,4.5,12.2,.368,2.3,6.4,.350,2.3,5.8,.389,1.3,1.3,1.000,0.6,3.9,4.5,6.1,1.6,0.0,1.6,1.9,12.5,2020
Ben McLemore,SG,26,HOU,40,11,968,5.1,12.2,.421,3.8,10.3,.367,1.3,1.9,.720,1.3,1.7,.800,0.6,3.1,3.7,1.4,1.0,0.4,1.2,3.0,15.4,2020
Jordan McRae,SG,28,WAS,25,4,559,7.7,17.8,.430,2.4,5.8,.422,5.2,12.0,.433,3.7,4.7,.781,1.0,4.5,5.5,4.5,1.1,0.8,2.2,3.1,21.4,2020
Nicolò Melli,C,29,NOP,31,5,476,4.5,10.4,.428,2.1,6.4,.329,2.3,4.0,.585,2.3,2.8,.811,1.2,4.4,5.6,2.3,1.5,0.4,1.6,4.1,13.3,2020
De'Anthony Melton,PG,21,MEM,31,0,540,5.7,12.5,.452,1.2,3.9,.310,4.5,8.7,.515,3.6,4.2,.857,1.6,6.5,8.1,6.3,2.7,0.7,2.9,3.9,16.1,2020
Chimezie Metu,PF,22,SAS,11,0,41,11.4,19.3,.591,0.0,0.0,,11.4,19.3,.591,3.5,5.3,.667,7.0,7.9,14.9,2.6,0.9,2.6,0.9,0.9,26.3,2020
Khris Middleton,SF,28,MIL,36,33,1022,9.0,18.4,.491,2.7,6.6,.410,6.3,11.7,.538,3.8,4.3,.893,1.1,6.2,7.3,4.8,1.2,0.2,2.5,2.9,24.6,2020
C.J. Miles,SG,32,WAS,10,0,161,4.2,13.2,.322,2.5,7.8,.314,1.8,5.4,.333,3.4,4.5,.750,0.9,1.8,2.7,2.7,2.2,0.9,0.9,3.1,14.3,2020
Malcolm Miller,SF,26,TOR,21,1,115,2.2,6.3,.350,1.6,4.7,.333,0.6,1.6,.400,0.3,1.9,.167,0.3,4.1,4.4,2.5,1.3,0.6,0.9,3.4,6.3,2020
Patty Mills,PG,31,SAS,40,1,931,6.3,14.1,.444,3.6,8.8,.408,2.7,5.3,.504,2.0,2.6,.791,0.4,1.9,2.4,3.1,1.3,0.2,1.5,2.3,18.2,2020
Paul Millsap,PF,34,DEN,32,32,798,6.0,12.7,.468,1.4,3.4,.413,4.6,9.3,.488,3.8,4.3,.885,2.9,5.5,8.4,2.0,1.3,1.0,1.9,4.1,17.1,2020
Shake Milton,SG,23,PHI,12,0,102,5.6,14.8,.381,1.8,7.8,.227,3.9,7.1,.550,3.5,4.6,.769,0.7,4.6,5.3,3.2,0.4,0.4,4.6,5.3,16.6,2020
Donovan Mitchell,SG,23,UTA,40,40,1387,9.6,20.8,.460,2.4,6.6,.364,7.2,14.2,.505,4.2,4.9,.853,0.8,3.7,4.5,4.5,1.2,0.3,2.5,2.5,25.7,2020
Naz Mitrou-Long,SG,26,IND,3,0,43,5.0,13.4,.375,1.7,9.2,.182,3.3,4.2,.800,0.0,0.0,,0.0,5.0,5.0,5.9,0.8,0.8,1.7,0.8,11.7,2020
Adam Mokoka,SG,21,CHI,2,0,6,0.0,30.0,.000,0.0,12.0,.000,0.0,18.0,.000,0.0,0.0,,12.0,0.0,12.0,0.0,0.0,0.0,0.0,0.0,0.0,2020
Malik Monk,SG,21,CHO,42,0,806,5.9,14.0,.422,1.7,6.4,.257,4.2,7.5,.562,1.9,2.4,.792,0.8,4.1,4.9,3.7,0.8,0.4,2.3,2.5,15.3,2020
E'Twaun Moore,SG,30,NOP,30,5,648,6.8,16.2,.423,2.5,6.3,.398,4.3,9.9,.438,1.2,1.9,.618,1.3,4.0,5.3,2.9,1.1,0.3,1.3,2.9,17.3,2020
Ja Morant,PG,20,MEM,36,36,1074,8.2,16.6,.494,1.1,2.7,.402,7.1,13.8,.512,4.2,5.2,.806,0.8,3.5,4.2,8.4,1.3,0.4,4.0,2.0,21.7,2020
Juwan Morgan,PF,22,UTA,7,0,28,2.6,6.4,.400,0.0,3.9,.000,2.6,2.6,1.000,0.0,0.0,,0.0,5.1,5.1,1.3,0.0,1.3,2.6,2.6,5.1,2020
Marcus Morris,SF,30,NYK,34,34,1081,7.0,16.0,.437,3.1,6.6,.467,3.9,9.5,.415,4.5,5.4,.822,1.3,4.9,6.2,1.7,1.0,0.5,1.8,3.3,21.5,2020
Markieff Morris,PF,30,DET,34,15,752,6.5,14.2,.455,2.7,6.9,.396,3.7,7.3,.510,2.0,2.7,.750,0.9,5.3,6.2,2.6,1.1,0.4,2.7,3.9,17.7,2020
Monte Morris,PG,24,DEN,41,1,747,6.0,13.4,.446,1.3,3.3,.412,4.6,10.1,.457,1.6,2.0,.805,0.5,2.5,3.0,6.6,1.3,0.4,1.2,1.5,14.9,2020
Johnathan Motley,PF,24,LAC,7,0,17,6.4,10.6,.600,2.1,2.1,1.000,4.2,8.5,.500,4.2,4.2,1.000,2.1,2.1,4.2,10.6,6.4,0.0,8.5,10.6,19.1,2020
Emmanuel Mudiay,PG,23,UTA,38,1,661,6.4,13.3,.482,1.2,3.5,.344,5.2,9.9,.530,2.2,3.0,.727,0.7,4.7,5.4,5.2,0.9,0.4,3.1,3.0,16.2,2020
Dejounte Murray,PG,23,SAS,36,28,870,6.3,12.9,.489,0.6,2.0,.313,5.7,10.9,.521,2.0,2.6,.790,1.9,7.0,8.9,6.2,2.5,0.4,3.1,3.4,15.2,2020
Jamal Murray,PG,22,DEN,40,40,1279,7.3,16.8,.435,1.8,5.6,.322,5.5,11.2,.491,3.4,3.7,.916,0.9,3.7,4.6,5.2,1.5,0.3,2.4,1.9,19.8,2020
Džanan Musa,SF,20,BRK,28,0,359,4.3,12.0,.358,1.3,5.7,.228,3.0,6.3,.476,2.9,3.7,.784,1.3,4.5,5.8,2.8,1.0,0.1,2.6,2.0,12.8,2020
Mike Muscala,C,28,OKC,28,0,348,4.0,11.7,.345,2.5,8.7,.286,1.6,3.0,.517,1.6,1.9,.833,1.1,6.1,7.2,2.6,0.6,0.6,1.1,3.4,12.1,2020
Sviatoslav Mykhailiuk,SF,22,DET,37,12,760,4.5,10.8,.419,3.4,7.9,.434,1.1,2.9,.377,1.2,1.5,.806,0.5,2.1,2.6,2.9,1.1,0.1,1.7,2.4,13.6,2020
Abdel Nader,SF,26,OKC,32,5,520,4.9,10.5,.470,1.9,5.3,.364,3.0,5.1,.581,1.9,2.4,.800,0.7,2.8,3.5,1.7,0.8,0.7,1.9,2.9,13.7,2020
Larry Nance,C,27,CLE,33,5,797,4.7,9.3,.505,1.4,4.0,.348,3.3,5.3,.624,1.2,1.9,.634,2.4,7.8,10.2,2.3,1.3,0.7,1.4,2.3,12.0,2020
Shabazz Napier,PG,28,MIN,28,14,619,5.1,13.1,.387,2.0,7.3,.280,3.0,5.8,.520,3.3,4.0,.826,0.3,3.7,4.0,7.3,1.6,0.3,3.3,2.4,15.5,2020
Raul Neto,PG,27,PHI,34,2,362,5.3,10.8,.486,1.7,4.2,.405,3.6,6.7,.537,1.0,1.2,.833,0.5,2.7,3.2,4.9,1.6,0.2,2.7,2.3,13.2,2020
Georges Niang,PF,26,UTA,35,0,462,5.2,11.4,.459,3.4,7.9,.436,1.8,3.5,.511,0.7,0.9,.750,0.6,4.6,5.2,1.6,0.5,0.3,1.1,3.5,14.6,2020
Nerlens Noel,C,25,OKC,35,4,646,5.9,8.9,.660,0.1,0.1,1.000,5.8,8.8,.658,3.3,4.1,.811,3.3,6.7,10.0,2.3,2.1,3.1,2.0,4.9,15.1,2020
Zach Norvell,SG,22,LAL,2,0,5,0.0,7.2,.000,0.0,0.0,,0.0,7.2,.000,0.0,0.0,,0.0,7.2,7.2,0.0,0.0,0.0,0.0,0.0,0.0,2020
Jaylen Nowell,SG,20,MIN,7,0,81,4.9,13.8,.355,0.9,7.6,.118,4.0,6.2,.643,3.1,3.6,.875,0.9,1.3,2.2,2.7,0.0,0.4,1.3,1.3,13.8,2020
Frank Ntilikina,PG,21,NYK,38,24,839,3.6,9.4,.388,1.3,4.0,.323,2.4,5.4,.437,1.4,1.6,.868,0.7,2.8,3.5,5.3,1.8,0.6,2.1,4.3,10.0,2020
Kendrick Nunn,SG,24,MIA,41,41,1240,7.6,16.6,.459,2.4,6.9,.352,5.2,9.7,.534,1.4,1.8,.803,0.3,2.9,3.2,4.2,1.1,0.2,2.1,2.8,19.0,2020
David Nwaba,SF,27,BRK,20,0,268,5.0,9.5,.521,1.6,3.8,.429,3.4,5.8,.581,2.4,3.6,.667,1.1,5.0,6.0,1.1,1.5,1.6,1.1,4.3,14.0,2020
Royce O'Neale,PF,26,UTA,41,38,1210,2.8,5.8,.477,1.6,3.6,.450,1.2,2.2,.520,0.6,0.7,.833,0.3,5.8,6.1,3.0,1.0,0.4,1.0,3.7,7.7,2020
Kyle O'Quinn,C,29,PHI,20,1,211,4.9,9.9,.500,1.0,3.2,.316,3.9,6.7,.590,0.5,1.4,.375,3.9,9.0,13.0,5.1,0.7,2.9,3.1,4.6,11.4,2020
Semi Ojeleye,PF,25,BOS,38,4,544,2.3,5.8,.386,1.4,3.7,.375,0.9,2.1,.406,0.7,0.9,.786,0.9,3.3,4.2,1.3,0.8,0.1,0.5,2.9,6.6,2020
Jahlil Okafor,C,24,NOP,24,9,399,7.5,12.3,.610,0.1,0.2,.500,7.4,12.1,.612,3.3,5.1,.649,3.9,6.1,10.0,3.2,0.5,1.7,3.2,5.5,18.4,2020
Elie Okobo,PG,22,PHO,32,2,380,4.7,11.3,.420,1.7,4.4,.391,3.0,6.9,.438,2.9,4.5,.660,0.8,3.1,3.9,6.3,1.4,0.3,1.2,2.7,14.1,2020
Josh Okogie,SG,21,MIN,39,12,931,3.7,9.2,.397,1.0,3.9,.270,2.6,5.4,.489,3.4,4.5,.759,1.9,4.8,6.7,2.2,1.6,0.7,2.2,3.3,11.8,2020
KZ Okpala,SF,20,MIA,3,0,3,0.0,0.0,,0.0,0.0,,0.0,0.0,,0.0,0.0,,0.0,12.0,12.0,0.0,0.0,0.0,12.0,0.0,0.0,2020
Kelly Olynyk,C,28,MIA,37,0,730,4.6,10.1,.456,2.5,5.9,.417,2.1,4.1,.512,2.3,2.6,.868,1.4,6.9,8.3,2.3,1.2,0.5,2.1,4.7,13.9,2020
Miye Oni,SG,22,UTA,3,0,8,0.0,0.0,,0.0,0.0,,0.0,0.0,,0.0,0.0,,0.0,4.5,4.5,0.0,0.0,0.0,4.5,0.0,0.0,2020
Cedi Osman,SF,24,CLE,42,42,1228,5.0,11.3,.444,2.3,5.9,.385,2.8,5.4,.508,1.1,1.7,.632,0.6,3.7,4.3,2.5,1.0,0.4,1.8,2.8,13.3,2020
Kelly Oubre,SF,24,PHO,40,40,1361,6.9,15.0,.460,1.9,5.5,.349,5.0,9.5,.524,3.6,4.7,.778,1.3,5.4,6.7,1.7,1.6,0.8,1.6,3.5,19.4,2020
Jabari Parker,PF,24,ATL,32,23,837,8.5,16.9,.504,1.3,4.9,.270,7.2,12.0,.601,2.3,3.1,.736,2.3,5.9,8.2,2.5,1.8,0.6,2.6,4.0,20.6,2020
Chandler Parsons,SF,31,ATL,5,0,54,3.3,12.0,.278,2.7,9.3,.286,0.7,2.7,.250,0.0,0.0,,0.7,4.0,4.7,2.0,2.7,0.7,2.0,2.0,9.3,2020
Eric Paschall,PF,23,GSW,38,20,1019,7.0,14.1,.493,0.8,2.8,.304,6.1,11.3,.539,3.6,4.6,.791,1.8,4.2,6.0,2.3,0.7,0.4,2.0,2.6,18.4,2020
Anžejs Pasečņiks,C,24,WAS,16,0,330,5.5,10.4,.526,0.0,0.1,.000,5.5,10.3,.532,3.1,5.0,.609,3.8,5.9,9.7,1.7,0.9,0.8,2.3,5.6,14.0,2020
Patrick Patterson,PF,30,LAC,37,16,509,4.5,11.3,.394,3.2,8.6,.372,1.3,2.8,.462,1.2,1.7,.708,1.8,5.5,7.3,1.9,0.4,0.2,0.8,2.2,13.3,2020
Justin Patton,C,22,OKC,5,0,24,6.0,15.0,.400,1.5,6.0,.250,4.5,9.0,.500,0.0,0.0,,1.5,6.0,7.5,3.0,0.0,0.0,3.0,6.0,13.5,2020
Chris Paul,PG,34,OKC,42,42,1341,6.5,13.7,.473,1.8,5.0,.360,4.7,8.7,.537,3.8,4.2,.898,0.4,5.3,5.6,7.3,1.8,0.1,2.3,2.7,18.5,2020
Elfrid Payton,PG,25,NYK,24,15,601,5.3,12.8,.416,0.6,2.5,.244,4.7,10.4,.457,0.9,1.7,.536,1.6,4.1,5.7,8.2,2.1,0.4,2.6,2.8,12.2,2020
Gary Payton,PG,27,WAS,13,10,286,4.3,9.3,.459,1.1,3.4,.333,3.1,5.9,.532,0.5,0.9,.571,2.0,4.5,6.5,4.2,2.9,0.8,2.0,3.4,10.2,2020
Norvel Pelle,SF,26,PHI,12,0,129,4.2,7.0,.600,0.0,0.0,,4.2,7.0,.600,1.1,2.2,.500,3.1,8.9,12.0,1.4,0.3,4.7,2.8,7.8,9.5,2020
Theo Pinson,SG,24,BRK,24,0,318,4.8,16.1,.296,1.6,8.0,.197,3.2,8.0,.394,1.7,1.8,.938,1.0,4.1,5.1,5.2,1.2,0.2,3.5,3.5,12.8,2020
Mason Plumlee,C,29,DEN,41,1,722,5.9,9.9,.593,0.0,0.2,.000,5.9,9.7,.605,3.1,5.5,.564,3.8,7.8,11.6,5.0,1.1,1.3,3.1,4.6,14.9,2020
Vincent Poirier,C,26,BOS,11,0,51,4.9,12.7,.389,0.0,0.0,,4.9,12.7,.389,2.1,2.8,.750,5.6,5.6,11.3,2.1,1.4,1.4,2.8,8.5,12.0,2020
Jakob Pöltl,C,24,SAS,40,7,704,4.6,7.6,.601,0.0,0.0,,4.6,7.6,.601,1.2,2.4,.522,3.9,7.7,11.6,3.8,1.0,3.0,1.7,3.5,10.3,2020
Shamorie Ponds,PG,21,TOR,4,0,11,9.8,16.4,.600,3.3,6.5,.500,6.5,9.8,.667,6.5,6.5,1.000,0.0,3.3,3.3,6.5,0.0,3.3,0.0,6.5,29.5,2020
Jordan Poole,SG,20,GSW,36,9,762,3.9,14.1,.278,2.0,7.8,.261,1.9,6.3,.299,2.6,3.2,.806,0.2,3.0,3.2,3.3,1.1,0.3,1.7,2.6,12.4,2020
Kevin Porter,SF,19,CLE,34,2,742,5.4,12.3,.439,1.3,4.4,.297,4.1,7.9,.519,1.9,2.7,.727,0.6,4.9,5.4,3.2,1.4,0.3,2.9,4.3,14.0,2020
Michael Porter,PF,21,DEN,32,1,383,8.2,14.9,.547,2.1,5.1,.407,6.1,9.9,.619,1.7,2.3,.720,2.6,7.0,9.7,1.8,0.8,1.3,2.3,4.7,20.1,2020
Otto Porter,SF,26,CHI,9,9,226,5.6,13.4,.417,2.5,6.4,.400,3.0,7.0,.432,2.4,3.2,.750,1.3,3.7,4.9,2.2,1.4,0.5,1.1,3.2,16.1,2020
Bobby Portis,C,24,NYK,42,4,891,6.6,15.1,.439,1.9,5.1,.368,4.8,10.1,.474,1.9,2.5,.754,2.6,7.2,9.8,2.5,0.9,0.4,1.7,3.2,17.0,2020
Kristaps Porziņģis,PF,24,DAL,31,31,968,7.1,17.6,.403,2.5,7.4,.343,4.5,10.2,.445,3.2,4.5,.725,2.0,8.8,10.8,1.7,0.7,2.5,1.9,3.5,19.9,2020
Dwight Powell,C,28,DAL,39,36,1052,5.0,7.8,.640,0.3,1.3,.256,4.7,6.5,.720,2.5,3.7,.670,2.6,5.1,7.7,2.0,1.2,0.8,1.2,3.5,12.8,2020
Norman Powell,SG,26,TOR,30,17,868,6.9,13.5,.512,2.6,6.3,.411,4.4,7.3,.600,2.6,3.2,.829,0.6,4.1,4.8,2.2,1.4,0.5,1.9,2.3,19.0,2020
Julius Randle,PF,25,NYK,40,40,1283,7.9,17.5,.452,1.4,4.8,.294,6.5,12.7,.511,4.2,5.9,.706,2.5,7.7,10.2,3.6,0.9,0.3,3.3,3.1,21.4,2020
Josh Reaves,SG,22,DAL,2,0,1,0.0,36.0,.000,0.0,0.0,,0.0,36.0,.000,0.0,0.0,,0.0,0.0,0.0,0.0,0.0,0.0,0.0,0.0,0.0,2020
Cam Reddish,SF,20,ATL,38,27,988,4.1,12.2,.334,1.6,5.4,.289,2.5,6.8,.371,2.1,2.7,.787,0.8,4.3,5.1,2.3,1.5,0.7,2.4,2.7,11.9,2020
J.J. Redick,SG,35,NOP,37,33,1053,6.2,13.8,.452,4.0,8.6,.464,2.2,5.2,.430,3.4,3.8,.901,0.3,3.4,3.7,2.5,0.4,0.2,1.4,1.9,19.9,2020
Naz Reid,C,20,MIN,11,0,145,8.7,21.6,.402,3.7,11.9,.313,5.0,9.7,.513,2.2,3.5,.643,2.2,5.2,7.4,2.5,1.0,1.5,2.0,7.0,23.3,2020
Josh Richardson,SG,26,PHI,35,35,1128,6.3,14.4,.434,1.9,5.6,.335,4.4,8.8,.496,2.7,3.4,.810,0.9,2.9,3.8,3.9,1.1,0.7,2.3,3.1,17.1,2020
Austin Rivers,SG,27,HOU,38,3,870,4.4,10.9,.402,1.8,5.9,.303,2.6,5.0,.516,1.5,2.2,.698,0.7,2.9,3.6,2.6,0.9,0.2,1.0,3.0,12.1,2020
Duncan Robinson,SF,25,MIA,41,36,1140,5.1,11.2,.460,4.1,9.7,.428,1.0,1.5,.667,0.9,0.9,.931,0.2,4.0,4.2,1.4,0.7,0.3,0.8,3.7,15.3,2020
Glenn Robinson,SF,26,GSW,42,42,1336,5.5,11.9,.464,1.5,3.8,.390,4.0,8.1,.498,1.4,1.6,.850,1.6,3.9,5.5,1.9,1.1,0.3,1.2,2.0,13.9,2020
Jerome Robinson,SG,22,LAC,34,0,392,3.9,10.9,.353,1.6,5.2,.298,2.3,5.7,.403,0.9,1.6,.588,0.5,4.4,4.9,3.3,0.9,0.6,2.1,4.0,10.2,2020
Justin Robinson,PG,22,WAS,9,0,49,3.7,8.8,.417,2.2,3.7,.600,1.5,5.1,.286,0.0,0.0,,0.7,2.9,3.7,5.1,0.0,0.7,2.2,1.5,9.6,2020
Mitchell Robinson,C,21,NYK,38,7,857,6.7,9.4,.713,0.0,0.0,,6.7,9.4,.713,2.5,4.1,.608,4.6,6.0,10.6,0.8,1.4,2.8,1.1,5.5,15.8,2020
Rajon Rondo,PG,33,LAL,27,2,582,4.9,12.2,.406,1.5,4.4,.352,3.4,7.8,.437,1.2,1.5,.800,0.9,5.5,6.4,9.1,1.5,0.1,3.5,2.0,12.7,2020
Derrick Rose,PG,31,DET,36,2,929,10.3,20.7,.496,1.3,4.1,.318,9.0,16.5,.541,3.4,3.8,.879,0.8,2.5,3.3,8.1,1.1,0.5,3.7,1.5,25.2,2020
Terrence Ross,SG,28,ORL,40,0,1023,6.4,15.7,.407,3.0,9.0,.331,3.4,6.7,.511,3.0,3.5,.848,0.3,3.8,4.1,1.3,1.5,0.4,1.4,2.2,18.8,2020
Terry Rozier,PG,25,CHO,44,44,1504,6.8,16.0,.424,2.9,7.2,.399,3.9,8.8,.444,2.8,3.3,.846,0.9,3.6,4.5,4.6,1.2,0.2,2.5,2.4,19.2,2020
Ricky Rubio,PG,29,PHO,34,34,1098,5.4,13.2,.413,1.3,4.0,.339,4.1,9.2,.445,2.9,3.5,.832,0.9,4.5,5.3,10.5,1.5,0.3,2.9,2.8,15.1,2020
D'Angelo Russell,SG,23,GSW,25,25,796,9.1,21.3,.428,3.8,10.4,.368,5.3,10.9,.485,4.0,5.2,.765,0.4,3.6,3.9,7.0,1.0,0.4,3.5,2.4,26.1,2020
Domantas Sabonis,C,23,IND,39,39,1331,7.6,14.2,.532,0.3,1.1,.250,7.3,13.1,.556,3.4,4.7,.724,3.5,10.1,13.6,4.5,0.9,0.6,2.8,3.5,18.8,2020
JaKarr Sampson,SF,26,IND,13,8,198,5.5,8.7,.625,0.4,1.8,.200,5.1,6.9,.737,0.4,1.5,.250,1.5,4.7,6.2,0.7,1.1,1.3,1.1,4.5,11.6,2020
Dario Šarić,PF,25,PHO,41,38,1029,5.2,12.0,.437,1.9,5.9,.321,3.4,6.1,.549,1.7,2.0,.842,2.1,6.8,8.9,2.7,0.9,0.4,1.9,3.3,14.1,2020
Tomáš Satoranský,PG,28,CHI,43,43,1234,4.6,10.2,.450,1.4,3.9,.356,3.2,6.4,.507,2.2,2.5,.872,1.3,3.3,4.6,6.7,1.7,0.2,2.5,2.5,12.8,2020
Admiral Schofield,SF,22,WAS,24,2,288,3.7,9.2,.405,1.7,5.7,.304,2.0,3.5,.571,1.1,1.5,.750,0.7,3.4,4.1,1.7,0.9,0.4,0.9,5.1,10.4,2020
Dennis Schröder,PG,26,OKC,41,0,1267,8.1,17.4,.465,2.2,6.3,.355,5.9,11.2,.527,2.9,3.6,.824,0.4,4.1,4.5,4.4,0.8,0.3,3.3,2.7,21.3,2020
Mike Scott,PF,31,PHI,43,7,783,4.1,10.3,.397,2.3,6.8,.333,1.8,3.5,.519,0.8,1.0,.857,1.5,4.9,6.4,1.2,0.6,0.1,0.6,2.5,11.3,2020
Thabo Sefolosha,PF,35,HOU,25,0,249,2.7,7.4,.373,1.6,4.6,.344,1.2,2.7,.421,0.0,0.1,.000,1.9,5.9,7.8,2.3,1.4,0.6,1.0,3.5,7.1,2020
Collin Sexton,SG,21,CLE,42,42,1327,8.4,18.5,.453,1.3,3.9,.329,7.1,14.6,.486,3.6,4.3,.836,1.1,2.5,3.6,2.7,1.1,0.1,2.3,2.3,21.6,2020
Landry Shamet,SG,22,LAC,25,17,665,3.8,9.6,.399,2.7,7.3,.370,1.1,2.3,.488,1.3,1.4,.960,0.2,2.7,2.9,2.2,0.5,0.3,1.1,4.1,11.7,2020
Iman Shumpert,SG,29,BRK,13,0,241,3.1,9.6,.328,1.2,4.9,.242,1.9,4.6,.419,0.6,1.0,.571,1.3,3.7,5.1,1.8,1.8,0.3,1.5,3.1,8.1,2020
Pascal Siakam,PF,25,TOR,30,30,1074,9.1,19.9,.455,2.4,6.1,.390,6.7,13.8,.484,3.8,4.6,.812,1.3,6.4,7.6,3.6,1.0,0.9,2.6,2.8,24.3,2020
Chris Silva,PF,23,MIA,30,0,249,5.5,8.0,.691,0.0,0.3,.000,5.5,7.7,.717,4.0,5.9,.683,6.7,6.7,13.3,2.2,0.9,2.3,4.2,9.4,15.0,2020
Ben Simmons,PG,23,PHI,41,41,1468,6.4,11.3,.567,0.0,0.1,.400,6.4,11.2,.569,2.6,4.5,.582,1.9,5.8,7.7,8.4,2.1,0.7,3.5,3.4,15.5,2020
Anfernee Simons,SG,20,POR,43,1,964,5.6,13.7,.413,1.8,5.6,.327,3.8,8.1,.472,1.7,2.2,.763,0.6,3.6,4.2,2.4,0.6,0.2,1.6,3.4,14.8,2020
Alen Smailagić,PF,19,GSW,9,0,92,6.3,11.3,.552,0.8,3.5,.222,5.5,7.8,.700,3.1,3.9,.800,2.7,5.9,8.6,3.1,0.4,1.2,2.0,3.9,16.4,2020
Marcus Smart,SG,25,BOS,31,21,973,4.5,12.1,.370,2.4,7.0,.339,2.1,5.1,.413,2.1,2.6,.829,0.9,2.8,3.7,5.3,1.8,0.5,1.5,2.8,13.5,2020
Dennis Smith,PG,22,NYK,21,1,339,4.4,13.4,.325,1.3,4.4,.293,3.1,9.0,.341,1.6,3.2,.500,1.4,3.3,4.7,6.1,1.1,0.7,3.2,4.7,11.6,2020
Ish Smith,PG,31,WAS,41,12,1076,6.4,14.0,.458,1.3,3.7,.364,5.1,10.3,.492,1.1,1.8,.623,0.6,3.4,4.1,6.3,1.1,0.5,1.9,2.0,15.3,2020
Tony Snell,SF,28,DET,38,36,1001,4.0,8.6,.460,2.5,5.9,.418,1.5,2.7,.554,0.5,0.5,1.000,0.2,2.2,2.4,2.0,0.6,0.2,0.6,2.4,10.9,2020
Omari Spellman,PF,22,GSW,40,3,708,5.5,12.2,.452,1.8,4.3,.417,3.7,7.9,.471,2.9,3.7,.795,3.6,6.1,9.7,2.0,1.4,1.1,2.3,2.4,15.7,2020
Max Strus,SG,23,CHI,2,0,6,12.0,18.0,.667,0.0,6.0,.000,12.0,12.0,1.000,6.0,6.0,1.000,6.0,0.0,6.0,0.0,0.0,0.0,0.0,6.0,30.0,2020
Edmond Sumner,PG,24,IND,15,2,227,4.8,10.9,.435,1.1,3.5,.318,3.6,7.5,.489,1.3,1.7,.727,1.1,2.7,3.8,4.1,1.7,0.6,1.4,4.0,11.9,2020
Caleb Swanigan,PF,22,SAC,7,0,23,3.1,6.3,.500,0.0,0.0,,3.1,6.3,.500,1.6,3.1,.500,3.1,7.8,11.0,3.1,1.6,3.1,9.4,12.5,7.8,2020
Jayson Tatum,PF,21,BOS,39,39,1331,8.2,19.1,.429,2.5,6.9,.358,5.7,12.3,.468,3.5,4.2,.844,1.1,6.2,7.2,3.0,1.4,0.9,2.3,2.2,22.4,2020
Jeff Teague,PG,31,MIN,34,13,945,5.5,12.3,.448,1.3,3.3,.379,4.3,9.0,.473,4.8,5.5,.868,0.6,2.8,3.4,7.9,1.0,0.5,2.9,2.7,17.1,2020
Garrett Temple,SG,33,BRK,36,25,1052,4.5,12.2,.368,2.6,8.0,.321,1.9,4.2,.459,1.4,1.8,.759,0.7,3.5,4.2,3.2,1.1,0.6,1.6,2.2,12.9,2020
Daniel Theis,C,27,BOS,36,35,787,5.1,9.8,.521,0.6,2.1,.277,4.5,7.7,.589,1.6,2.4,.692,3.2,6.8,10.1,2.4,1.1,2.3,1.3,5.5,12.5,2020
Isaiah Thomas,PG,30,WAS,32,29,752,6.7,16.4,.408,2.8,6.9,.407,3.9,9.5,.409,2.5,3.1,.813,0.3,1.9,2.2,6.1,0.6,0.2,3.2,3.1,18.7,2020
Khyri Thomas,SG,23,DET,2,0,6,0.0,0.0,,0.0,0.0,,0.0,0.0,,6.0,12.0,.500,0.0,0.0,0.0,0.0,0.0,0.0,0.0,0.0,6.0,2020
Matt Thomas,SG,25,TOR,16,0,185,5.4,11.5,.475,4.1,8.6,.477,1.4,2.9,.467,1.0,1.4,.714,0.6,3.7,4.3,1.4,0.8,0.0,1.4,2.9,16.0,2020
Tristan Thompson,C,28,CLE,40,40,1263,6.0,11.8,.508,0.1,0.2,.375,5.9,11.6,.511,2.2,3.5,.623,4.7,7.2,11.9,2.4,0.8,1.1,2.2,2.7,14.3,2020
Matisse Thybulle,SG,22,PHI,35,5,658,3.0,7.6,.396,1.9,4.6,.405,1.1,3.0,.382,1.1,1.6,.700,0.9,1.9,2.8,2.4,2.7,1.7,1.7,4.3,9.0,2020
Anthony Tolliver,PF,34,POR,33,9,554,2.8,7.6,.368,1.9,5.8,.337,0.8,1.8,.464,0.8,1.2,.684,1.8,5.4,7.1,1.9,0.5,0.6,1.4,3.5,8.4,2020
Karl-Anthony Towns,C,24,MIN,24,24,807,9.6,18.9,.509,3.8,9.1,.415,5.8,9.8,.598,5.3,6.6,.804,2.9,9.3,12.2,4.6,1.1,1.3,3.3,3.7,28.4,2020
Gary Trent,SG,21,POR,30,2,403,3.9,10.9,.361,2.6,7.0,.372,1.3,3.9,.341,0.7,0.7,1.000,0.7,2.8,3.5,1.7,1.3,0.4,0.9,2.6,11.2,2020
Allonzo Trier,PG,24,NYK,19,1,233,5.7,12.7,.451,2.3,7.0,.333,3.4,5.7,.595,4.8,6.0,.795,0.3,3.4,3.7,3.7,0.3,0.6,3.1,3.6,18.5,2020
P.J. Tucker,PF,34,HOU,40,40,1397,2.9,6.3,.465,1.5,4.1,.373,1.4,2.2,.643,0.6,0.8,.781,1.6,5.8,7.4,1.5,1.2,0.4,1.2,3.4,8.1,2020
Rayjon Tucker,SG,22,UTA,8,0,57,2.5,6.3,.400,0.0,3.2,.000,2.5,3.2,.800,1.9,3.2,.600,0.6,4.4,5.1,1.3,0.6,0.0,0.6,2.5,6.9,2020
Evan Turner,PG,31,ATL,18,0,230,3.8,9.9,.381,0.0,0.8,.000,3.8,9.1,.414,1.9,2.2,.857,1.1,4.5,5.6,5.6,1.3,1.3,3.9,2.8,9.4,2020
Myles Turner,C,23,IND,34,34,1000,5.4,12.0,.452,1.8,5.4,.340,3.6,6.6,.544,2.8,3.7,.750,1.6,5.8,7.4,1.5,0.7,2.5,1.5,3.1,15.4,2020
Jonas Valančiūnas,C,27,MEM,39,39,994,8.9,15.0,.594,0.9,2.2,.417,8.0,12.8,.624,2.5,3.4,.753,3.9,10.3,14.2,2.9,0.4,1.5,2.9,3.6,21.3,2020
Denzel Valentine,SF,26,CHI,23,0,271,6.9,16.2,.426,3.9,9.8,.392,3.1,6.4,.479,0.7,0.7,1.000,0.4,5.2,5.6,2.9,1.9,0.7,1.6,3.7,18.3,2020
Jarred Vanderbilt,SF,20,DEN,4,0,13,2.8,2.8,1.000,0.0,0.0,,2.8,2.8,1.000,0.0,0.0,,0.0,5.5,5.5,2.8,0.0,0.0,5.5,2.8,5.5,2020
Fred VanVleet,PG,25,TOR,31,31,1125,5.9,14.8,.394,2.6,6.9,.372,3.3,8.0,.414,3.6,4.2,.847,0.3,3.6,3.8,7.0,1.9,0.4,2.5,2.2,17.8,2020
Noah Vonleh,C,24,MIN,28,1,347,4.9,8.9,.547,0.2,1.5,.143,4.7,7.5,.625,2.4,2.9,.821,3.5,8.5,12.0,2.7,1.1,0.6,2.0,3.7,12.3,2020
Nikola Vučević,C,29,ORL,31,31,976,8.4,18.7,.451,2.0,5.3,.371,6.5,13.5,.482,2.8,3.5,.798,3.1,9.6,12.7,3.8,1.0,1.1,1.4,2.5,21.6,2020
Dean Wade,PF,23,CLE,7,0,47,5.4,7.7,.700,1.5,2.3,.667,3.8,5.4,.714,0.0,0.8,.000,1.5,10.0,11.5,0.8,1.5,2.3,2.3,4.6,12.3,2020
Moritz Wagner,C,22,WAS,21,4,429,7.8,13.4,.581,1.8,4.7,.393,6.0,8.7,.683,3.0,3.6,.837,2.9,7.8,10.7,2.3,1.3,1.1,3.6,6.8,20.5,2020
Kemba Walker,PG,29,BOS,36,36,1148,8.4,19.1,.442,3.9,10.1,.388,4.5,9.0,.503,4.2,4.9,.865,0.9,3.6,4.5,5.6,1.0,0.7,2.5,1.7,25.0,2020
Lonnie Walker,SG,21,SAS,32,1,381,6.9,15.3,.451,1.5,4.2,.364,5.4,11.1,.483,1.9,2.8,.667,1.1,5.1,6.2,1.9,1.1,0.4,2.0,3.6,17.2,2020
Tyrone Wallace,SG,25,ATL,14,0,160,3.2,9.9,.318,0.2,3.4,.067,2.9,6.5,.448,2.5,3.8,.647,0.7,4.3,5.0,2.9,1.6,0.2,2.3,4.3,9.0,2020
Taurean Waller-Prince,SF,25,BRK,40,40,1214,5.3,13.9,.381,2.9,8.1,.359,2.4,5.8,.411,1.0,1.3,.773,1.0,6.9,7.9,2.4,1.1,0.5,2.5,3.0,14.5,2020
Derrick Walton,PG,24,LAC,22,1,215,2.8,6.0,.472,1.5,3.5,.429,1.3,2.5,.533,1.0,1.2,.857,0.3,2.2,2.5,3.5,0.7,0.0,0.7,3.2,8.2,2020
Brad Wanamaker,PG,30,BOS,39,0,734,4.0,9.4,.424,0.9,2.6,.346,3.1,6.8,.453,3.5,3.8,.910,0.6,3.3,4.0,5.3,1.2,0.5,2.2,3.5,12.3,2020
T.J. Warren,SF,26,IND,42,42,1360,8.0,15.7,.509,1.4,3.6,.378,6.6,12.1,.548,2.8,3.4,.813,1.1,3.2,4.3,1.6,1.1,0.5,1.4,2.9,20.1,2020
PJ Washington,PF,21,CHO,39,39,1186,5.5,11.4,.480,1.7,4.0,.417,3.8,7.4,.514,2.0,3.0,.684,1.0,5.5,6.5,2.4,1.1,1.1,1.9,3.3,14.7,2020
Yuta Watanabe,SG,25,MEM,4,0,18,6.0,12.0,.500,2.0,4.0,.500,4.0,8.0,.500,0.0,0.0,,2.0,8.0,10.0,0.0,0.0,2.0,2.0,2.0,14.0,2020
Tremont Waters,PG,22,BOS,5,0,39,7.4,18.5,.400,1.8,10.2,.182,5.5,8.3,.667,3.7,3.7,1.000,0.0,2.8,2.8,4.6,2.8,1.8,4.6,3.7,20.3,2020
Paul Watson,SG,25,ATL,2,0,17,0.0,14.8,.000,0.0,6.4,.000,0.0,8.5,.000,0.0,0.0,,0.0,4.2,4.2,6.4,2.1,0.0,0.0,2.1,0.0,2020
Russell Westbrook,PG,31,HOU,34,34,1203,9.4,21.8,.433,1.2,4.9,.236,8.3,16.8,.490,5.2,6.6,.779,1.5,6.4,7.9,7.3,1.5,0.4,4.4,3.8,25.2,2020
Coby White,SG,19,CHI,43,0,1039,6.3,16.6,.379,2.7,7.9,.344,3.6,8.8,.411,1.6,2.3,.723,0.6,4.7,5.3,3.4,1.1,0.1,2.3,2.2,16.9,2020
Derrick White,SG,25,SAS,38,11,888,5.1,11.1,.464,1.4,3.7,.370,3.8,7.4,.511,3.0,3.6,.822,0.7,3.8,4.5,4.7,0.9,1.1,1.8,3.2,14.7,2020
Hassan Whiteside,C,30,POR,39,39,1174,7.7,13.0,.596,0.1,0.1,.500,7.7,12.8,.597,3.3,4.5,.740,4.9,12.0,16.9,1.5,0.5,3.5,2.3,3.5,18.8,2020
Andrew Wiggins,SF,24,MIN,33,33,1143,8.9,20.2,.439,2.1,6.6,.319,6.7,13.5,.498,3.8,5.1,.747,1.3,3.8,5.1,3.5,0.7,1.0,2.5,2.4,23.6,2020
Grant Williams,PF,21,BOS,38,1,573,2.8,7.4,.376,0.6,3.3,.192,2.1,4.1,.523,1.8,2.5,.700,1.9,3.7,5.7,2.5,0.9,1.1,1.9,5.2,7.9,2020
Johnathan Williams,C,24,WAS,6,5,123,4.4,6.4,.682,0.0,0.3,.000,4.4,6.1,.714,0.9,1.5,.600,3.8,7.3,11.1,1.8,0.3,1.5,0.6,2.0,9.7,2020
Kenrich Williams,PF,25,NOP,35,18,779,2.3,6.6,.343,1.2,4.4,.260,1.1,2.2,.511,0.4,1.1,.375,2.3,6.0,8.2,2.4,1.2,1.0,1.0,3.7,6.1,2020
Lou Williams,SG,33,LAC,39,5,1168,7.8,18.2,.430,2.3,6.0,.379,5.5,12.2,.455,5.7,6.7,.861,0.5,3.1,3.6,7.5,0.7,0.2,3.7,1.7,23.7,2020
Marvin Williams,PF,33,CHO,36,0,705,4.3,9.4,.454,2.0,5.4,.377,2.2,4.0,.557,2.0,2.2,.886,0.7,4.2,4.9,1.7,1.3,0.8,1.1,3.2,12.6,2020
Robert Williams,C,22,BOS,19,1,269,4.4,6.6,.673,0.0,0.0,,4.4,6.6,.673,1.1,1.9,.571,3.1,8.6,11.6,2.8,2.3,2.8,2.1,4.6,9.9,2020
Nigel Williams-Goss,PG,25,UTA,9,0,28,1.3,9.0,.143,0.0,2.6,.000,1.3,6.4,.200,2.6,2.6,1.000,2.6,3.9,6.4,6.4,1.3,1.3,2.6,2.6,5.1,2020
D.J. Wilson,PF,23,MIL,24,0,228,5.1,12.2,.416,1.7,7.1,.244,3.3,5.1,.656,0.8,1.1,.714,0.9,7.1,8.1,2.7,0.0,0.6,1.7,3.2,12.6,2020
Justise Winslow,SF,23,MIA,11,5,352,5.1,13.2,.388,0.6,2.8,.222,4.5,10.4,.431,1.8,2.8,.667,1.6,5.8,7.5,4.5,0.7,0.5,2.5,3.9,12.7,2020
Christian Wood,PF,24,DET,38,1,639,7.2,12.7,.569,1.2,3.4,.367,6.0,9.3,.642,4.7,6.5,.716,2.8,8.5,11.3,1.5,0.7,1.7,2.2,2.5,20.3,2020
Delon Wright,SG,27,DAL,40,4,819,4.8,10.1,.478,1.1,2.9,.373,3.7,7.2,.521,2.0,2.5,.807,1.7,4.7,6.5,5.6,2.2,0.7,1.5,2.2,12.8,2020
Thaddeus Young,PF,31,CHI,42,1,943,5.8,14.1,.415,1.7,5.2,.333,4.1,8.9,.462,1.1,1.8,.596,2.4,4.9,7.3,2.8,1.8,0.4,2.3,2.9,14.5,2020
Trae Young,PG,21,ATL,38,38,1337,9.6,21.5,.446,3.6,9.7,.376,6.0,11.8,.503,7.1,8.4,.842,0.6,4.0,4.6,8.7,1.2,0.1,4.9,1.6,29.9,2020
Cody Zeller,C,27,CHO,41,22,945,7.0,13.1,.534,0.6,2.4,.274,6.3,10.7,.591,3.4,4.9,.695,4.4,6.6,10.9,1.9,1.0,0.6,2.1,4.0,18.0,2020
Ante Žižić,C,23,CLE,16,0,159,6.3,11.1,.571,0.0,0.0,,6.3,11.1,.571,2.9,3.4,.867,3.2,9.3,12.5,0.7,1.4,0.9,1.1,4.5,15.6,2020
Ivica Zubac,C,22,LAC,42,40,737,6.8,11.2,.611,0.0,0.1,.000,6.8,11.1,.617,3.3,4.5,.739,5.1,9.0,14.2,1.9,0.3,2.1,1.8,4.7,17.0,2020
