Player,Pos,Age,Tm,G,MP,PER,TS%,3PAr,FTr,ORB%,DRB%,TRB%,AST%,STL%,BLK%,TOV%,USG%,OWS,DWS,WS,WS/48,OBPM,DBPM,BPM,VORP,Year
Steven Adams,C,26,OKC,38,1052,22.4,.622,.003,.422,14.5,24.9,19.9,15.1,1.3,3.5,13.5,17.4,3.0,1.6,4.6,.210,2.1,3.3,5.4,2.0,2020
Bam Adebayo,C,22,MIA,41,1407,20.7,.624,.021,.533,8.8,24.1,16.9,21.1,1.7,3.4,17.8,19.9,3.2,2.3,5.5,.189,1.1,3.8,5.0,2.5,2020
LaMarcus Aldridge,C,34,SAS,38,1250,20.7,.585,.183,.230,6.4,17.6,12.0,11.2,0.8,4.5,7.8,23.0,2.8,1.0,3.8,.145,1.6,0.5,2.1,1.3,2020
Nickeil Alexander-Walker,SG,21,NOP,33,453,8.8,.451,.524,.115,1.6,15.3,8.3,20.5,1.0,0.9,12.8,22.9,-0.5,0.2,-0.3,-0.027,-3.2,-2.5,-5.7,-0.4,2020
Grayson Allen,SG,24,MEM,27,461,11.8,.589,.528,.202,1.2,12.8,7.0,11.5,0.6,0.2,11.0,18.1,0.5,0.1,0.6,.064,-0.4,-3.0,-3.4,-0.2,2020
Jarrett Allen,C,21,BRK,40,1064,21.1,.670,.011,.588,12.4,24.4,18.6,7.1,1.2,4.0,11.8,15.3,3.0,1.8,4.8,.219,0.4,2.8,3.1,1.4,2020
Kadeem Allen,SG,27,NYK,9,96,13.6,.483,.381,.190,2.1,6.8,4.3,31.3,2.0,2.0,14.9,23.5,0.0,0.0,0.0,.012,-1.4,-3.1,-4.5,-0.1,2020
Al-Farouq Aminu,PF,29,ORL,18,380,7.8,.395,.419,.337,6.4,17.9,12.0,7.6,2.3,1.9,14.7,13.2,-0.4,0.6,0.2,.025,-4.8,2.5,-2.3,0.0,2020
Justin Anderson,SF,26,BRK,3,17,-3.7,.218,.500,.333,0.0,11.7,6.0,0.0,0.0,4.9,0.0,16.9,-0.1,0.0,-0.1,-0.168,-12.7,-2.6,-15.3,-0.1,2020
Kyle Anderson,PF,26,MEM,36,603,12.6,.503,.217,.270,6.1,17.9,12.0,16.2,1.9,2.1,14.1,13.7,0.4,0.6,1.0,.077,-1.9,1.4,-0.5,0.2,2020
Ryan Anderson,PF,31,HOU,2,14,9.7,.357,.714,.000,0.0,51.2,25.7,20.1,3.3,0.0,12.5,23.4,0.0,0.0,0.0,-0.022,-7.0,1.8,-5.2,0.0,2020
Giannis Antetokounmpo,PF,25,MIL,40,1230,33.2,.613,.256,.522,8.0,31.7,20.5,32.6,1.7,3.0,12.1,37.5,4.7,3.1,7.8,.306,7.6,4.6,12.2,4.4,2020
Kostas Antetokounmpo,PF,22,LAL,3,5,8.7,,,,0.0,21.3,11.0,22.4,0.0,0.0,,0.0,0.0,0.0,0.0,.138,-4.7,1.2,-3.5,0.0,2020
Thanasis Antetokounmpo,SF,27,MIL,13,55,13.5,.553,.100,.400,11.4,1.7,6.3,15.4,0.8,1.6,17.5,21.4,0.0,0.1,0.1,.100,-1.9,-1.6,-3.5,0.0,2020
Carmelo Anthony,PF,35,POR,28,892,14.1,.536,.278,.213,3.6,16.3,10.0,6.5,1.4,1.4,10.2,22.9,0.4,0.6,1.0,.055,-1.5,-1.3,-2.8,-0.2,2020
OG Anunoby,SF,22,TOR,40,1203,13.4,.593,.421,.140,3.6,16.3,10.1,8.4,1.9,2.1,11.9,15.5,1.1,2.1,3.2,.126,-0.3,2.4,2.1,1.2,2020
Ryan Arcidiacono,PG,25,CHI,39,586,8.2,.529,.602,.180,2.5,10.3,6.2,14.1,1.3,0.3,13.3,12.0,0.4,0.5,0.9,.070,-2.3,-0.8,-3.0,-0.2,2020
Trevor Ariza,SF,34,SAC,32,791,9.6,.543,.739,.164,2.9,18.2,10.4,8.5,2.2,0.8,13.7,11.3,0.4,0.8,1.2,.071,-1.2,1.1,0.0,0.4,2020
D.J. Augustin,PG,32,ORL,39,1013,14.6,.544,.417,.399,1.5,8.5,4.9,27.2,1.3,0.1,12.4,18.7,1.5,0.9,2.4,.114,0.3,-1.9,-1.6,0.1,2020
Deandre Ayton,C,21,PHO,11,340,20.7,.573,.006,.110,12.9,30.0,21.2,9.8,0.7,4.6,10.5,22.4,0.5,0.4,1.0,.135,-1.4,1.6,0.1,0.2,2020
Dwayne Bacon,SG,24,CHO,34,621,7.1,.434,.281,.221,2.2,13.3,7.5,11.3,1.7,0.3,10.9,20.0,-0.9,0.3,-0.5,-0.042,-5.4,-1.9,-7.3,-0.8,2020
Marvin Bagley,PF,20,SAC,11,265,15.9,.516,.126,.222,8.7,23.5,16.0,4.5,0.7,3.5,9.7,27.0,0.0,0.3,0.3,.052,-4.6,-2.2,-6.7,-0.3,2020
Lonzo Ball,PG,22,NOP,34,1037,12.8,.493,.547,.109,4.0,15.6,9.6,28.4,1.8,1.0,18.2,20.2,0.0,0.7,0.7,.034,-0.2,-0.2,-0.4,0.4,2020
Mo Bamba,C,21,ORL,38,585,14.8,.509,.381,.127,9.9,26.9,18.2,6.3,1.3,7.5,14.2,17.2,0.0,1.2,1.2,.098,-3.8,3.8,0.0,0.3,2020
J.J. Barea,PG,35,DAL,12,187,18.9,.572,.426,.053,2.9,9.3,6.1,33.2,0.8,0.4,13.5,25.4,0.4,0.1,0.5,.134,2.5,-3.5,-1.1,0.0,2020
Harrison Barnes,PF,27,SAC,41,1441,13.8,.566,.331,.377,2.9,13.0,7.8,9.4,0.9,0.4,8.5,18.4,2.1,0.7,2.8,.093,-0.1,-1.2,-1.4,0.2,2020
RJ Barrett,SG,19,NYK,41,1281,10.5,.470,.268,.345,3.4,14.6,8.7,12.2,1.6,1.2,12.8,23.2,-1.3,0.6,-0.7,-0.026,-3.2,-1.0,-4.2,-0.7,2020
Will Barton,SF,29,DEN,38,1269,16.3,.544,.360,.187,5.1,17.5,11.2,16.2,1.6,1.4,9.2,19.7,1.8,1.6,3.4,.130,1.1,0.9,2.0,1.3,2020
Keita Bates-Diop,SF,24,MIN,29,525,12.4,.543,.467,.339,3.2,14.4,8.7,4.8,1.2,2.2,5.5,15.8,0.5,0.4,1.0,.088,-2.0,-0.7,-2.7,-0.1,2020
Nicolas Batum,SF,31,CHO,20,454,9.3,.482,.634,.085,4.6,17.1,10.6,18.1,1.7,1.6,22.2,9.1,0.2,0.3,0.5,.053,-2.6,1.2,-1.4,0.1,2020
Aron Baynes,C,33,PHO,32,744,15.5,.588,.418,.209,7.7,20.2,13.8,12.4,0.4,2.2,10.6,20.3,1.2,0.6,1.8,.118,0.8,-0.5,0.3,0.4,2020
Kent Bazemore,SF,30,POR,43,1111,7.7,.475,.525,.221,1.2,14.4,7.9,7.3,1.9,2.4,14.4,15.9,-0.9,1.0,0.0,.001,-3.1,0.8,-2.3,-0.1,2020
Darius Bazley,PF,19,OKC,42,706,6.8,.457,.486,.158,2.4,20.4,11.6,4.1,1.0,3.3,16.3,14.1,-1.0,0.9,-0.1,-0.005,-5.6,1.0,-4.6,-0.5,2020
Bradley Beal,SG,26,WAS,34,1207,20.8,.555,.371,.344,3.1,11.3,7.0,29.0,1.3,0.8,11.8,32.3,2.2,0.0,2.2,.088,4.1,-3.0,1.1,0.9,2020
Malik Beasley,SG,23,DEN,31,518,10.6,.532,.539,.083,1.3,9.9,5.5,8.4,1.6,0.9,10.5,19.9,0.0,0.5,0.5,.048,-1.6,-1.8,-3.5,-0.2,2020
Marco Belinelli,SG,33,SAS,36,536,8.1,.468,.518,.157,0.4,10.8,5.6,11.2,0.7,0.0,6.0,17.4,-0.1,0.1,0.0,.000,-2.4,-3.4,-5.8,-0.5,2020
Jordan Bell,C,25,MIN,24,219,14.3,.560,.143,.518,12.4,22.4,17.2,9.4,0.4,3.4,20.7,16.4,0.1,0.2,0.3,.076,-3.6,0.6,-3.1,-0.1,2020
DeAndre' Bembry,SG,25,ATL,41,878,9.8,.501,.284,.198,4.0,14.1,9.0,12.8,2.7,1.8,19.1,14.2,-0.4,0.8,0.3,.019,-3.6,1.4,-2.2,0.0,2020
Dragan Bender,SF,22,MIL,4,50,11.3,.656,.455,.091,0.0,16.7,8.8,12.7,0.0,5.2,8.0,10.3,0.1,0.1,0.2,.177,-1.6,2.2,0.6,0.0,2020
Dāvis Bertāns,PF,27,WAS,32,939,15.8,.621,.757,.155,2.7,15.9,9.0,8.1,1.0,1.8,6.9,18.5,1.9,0.1,2.1,.106,3.4,-2.3,1.1,0.7,2020
Patrick Beverley,PG,31,LAC,34,975,12.8,.533,.591,.146,4.9,16.6,10.9,17.9,2.1,2.0,14.3,12.9,1.1,1.6,2.7,.131,0.9,3.2,4.1,1.5,2020
Khem Birch,C,27,ORL,28,603,9.6,.519,.012,.610,8.4,15.6,11.9,6.8,1.1,2.7,16.1,8.9,0.4,0.8,1.2,.093,-3.5,2.7,-0.7,0.2,2020
Goga Bitadze,C,20,IND,33,311,12.3,.537,.262,.321,7.1,19.6,13.4,7.4,0.3,7.0,15.1,15.9,0.1,0.5,0.6,.091,-3.6,2.6,-1.0,0.1,2020
Bismack Biyombo,C,27,CHO,41,803,16.6,.570,.000,.511,12.7,21.2,16.8,7.2,0.6,3.9,11.2,17.1,1.4,0.6,2.0,.118,-2.0,0.2,-1.7,0.1,2020
Nemanja Bjelica,PF,31,SAC,41,1127,16.5,.600,.475,.108,6.2,21.1,13.5,14.2,1.6,2.0,13.1,18.6,1.8,1.2,3.0,.129,1.6,1.0,2.5,1.3,2020
Eric Bledsoe,PG,30,MIL,35,908,19.5,.578,.311,.280,3.0,13.7,8.7,28.6,1.6,1.8,14.5,24.6,1.8,1.6,3.5,.183,1.6,1.0,2.5,1.0,2020
Bogdan Bogdanović,SG,27,SAC,30,842,14.4,.547,.555,.159,1.3,10.8,6.0,20.3,1.9,0.9,13.3,23.7,0.4,0.6,1.1,.061,0.9,-1.5,-0.7,0.3,2020
Bojan Bogdanović,SF,30,UTA,40,1335,16.2,.601,.468,.299,2.1,11.1,6.8,10.0,0.9,0.3,13.6,26.6,1.6,1.2,2.9,.103,1.4,-1.9,-0.5,0.5,2020
Jonah Bolden,PF,24,PHI,2,5,7.7,.532,.000,2.000,0.0,0.0,0.0,0.0,9.7,0.0,34.7,24.8,0.0,0.0,0.0,-0.210,-10.0,4.0,-6.0,0.0,2020
Jordan Bone,PG,22,DET,4,14,-5.8,.286,.286,.000,0.0,0.0,0.0,31.4,0.0,0.0,22.2,27.8,-0.1,0.0,-0.1,-0.321,-14.3,-11.1,-25.4,-0.1,2020
Isaac Bonga,SF,20,WAS,36,620,11.4,.617,.232,.393,6.2,15.2,10.5,8.3,1.8,1.5,14.3,10.2,0.9,0.2,1.1,.083,-0.7,0.1,-0.6,0.2,2020
Devin Booker,SG,23,PHO,38,1362,20.6,.626,.291,.376,1.8,10.3,5.9,29.4,1.0,0.6,15.5,29.3,3.3,0.8,4.1,.143,3.7,-2.1,1.5,1.2,2020
Chris Boucher,PF,27,TOR,37,480,20.2,.562,.365,.418,15.8,20.1,18.0,5.0,1.3,6.7,7.4,19.4,1.2,1.0,2.2,.215,0.4,2.1,2.5,0.5,2020
Brian Bowen,SG,21,IND,3,10,1.1,.250,.250,.000,0.0,10.9,5.5,0.0,0.0,8.7,0.0,17.5,0.0,0.0,0.0,-0.145,-12.5,-0.4,-12.9,0.0,2020
Ky Bowman,PG,22,GSW,36,810,9.8,.493,.340,.111,2.3,10.1,6.0,19.7,2.1,0.6,14.1,16.8,-0.2,0.5,0.3,.018,-2.8,-1.2,-4.0,-0.4,2020
Avery Bradley,SG,29,LAL,27,637,7.8,.516,.355,.060,2.3,8.3,5.4,6.3,1.8,0.3,12.8,15.7,-0.2,0.8,0.6,.043,-2.6,-0.3,-2.9,-0.1,2020
Tony Bradley,C,22,UTA,30,300,19.8,.635,.000,.311,17.7,24.9,21.5,4.7,1.3,3.8,14.2,17.4,0.8,0.5,1.3,.211,-0.2,1.2,1.0,0.2,2020
Jarrell Brantley,PF,23,UTA,2,9,10.2,,,,0.0,46.0,24.0,13.4,0.0,18.3,100.0,4.9,0.0,0.0,0.0,.061,-11.7,14.9,3.1,0.0,2020
Ignas Brazdeikis,SF,21,NYK,9,53,3.4,.351,.409,.227,3.7,6.2,4.9,10.9,0.0,1.8,7.6,20.8,-0.1,0.0,-0.1,-0.119,-6.4,-4.3,-10.8,-0.1,2020
Mikal Bridges,SF,23,PHO,41,944,12.6,.607,.327,.337,3.7,14.8,9.1,8.0,2.8,1.6,13.7,12.4,1.0,1.2,2.1,.108,-1.0,2.1,1.1,0.7,2020
Miles Bridges,SF,21,CHO,44,1336,11.9,.536,.392,.155,4.4,16.0,9.9,9.8,1.0,2.3,12.8,18.9,0.2,0.7,1.0,.035,-1.9,-0.4,-2.3,-0.1,2020
Oshae Brissett,SF,21,TOR,13,113,6.8,.460,.400,.200,7.6,10.9,9.3,4.9,1.3,0.8,10.9,13.9,0.0,0.1,0.1,.056,-3.8,-0.3,-4.0,-0.1,2020
Ryan Broekhoff,SG,29,DAL,10,77,16.3,.669,.800,.240,1.4,17.3,9.5,7.3,1.3,1.1,6.7,16.4,0.2,0.1,0.3,.178,2.4,-1.9,0.5,0.0,2020
Malcolm Brogdon,PG,27,IND,30,920,19.7,.554,.292,.273,2.5,13.5,8.0,37.0,1.3,0.6,14.1,26.6,1.7,1.0,2.7,.141,2.9,-0.7,2.2,1.0,2020
Dillon Brooks,SG,24,MEM,42,1175,12.5,.533,.417,.193,3.6,8.9,6.3,10.5,1.6,1.2,9.7,23.8,0.5,0.6,1.1,.045,-0.3,-2.1,-2.4,-0.1,2020
Bruce Brown,SG,23,DET,41,1121,12.1,.506,.213,.290,4.0,14.0,9.0,20.3,2.2,1.6,16.3,16.3,0.4,1.0,1.4,.060,-1.7,1.2,-0.5,0.4,2020
Charlie Brown,SG,22,ATL,5,27,17.5,.533,.400,.500,7.9,8.0,8.0,5.2,0.0,6.1,0.0,18.8,0.1,0.0,0.1,.136,-1.0,-2.2,-3.2,0.0,2020
Jaylen Brown,SF,23,BOS,35,1169,18.0,.598,.359,.302,3.6,18.4,11.0,10.7,1.7,0.7,12.0,24.2,1.9,1.7,3.5,.145,1.5,-0.1,1.3,1.0,2020
Moses Brown,C,20,POR,6,21,11.1,.465,.000,.444,9.9,38.4,24.3,0.0,2.3,0.0,15.7,25.8,0.0,0.0,0.0,-0.018,-11.7,-7.3,-19.0,-0.1,2020
Sterling Brown,SF,24,MIL,30,470,10.2,.506,.521,.205,4.4,19.8,12.5,8.1,1.9,0.7,15.0,16.5,-0.1,0.9,0.8,.084,-3.0,1.0,-2.0,0.0,2020
Troy Brown,SG,20,WAS,38,982,14.4,.537,.259,.232,4.9,21.2,12.7,11.2,2.5,0.4,10.8,17.5,0.8,0.5,1.3,.066,-0.8,-0.2,-1.0,0.3,2020
Jalen Brunson,PG,23,DAL,42,707,15.1,.537,.332,.177,2.7,11.7,7.3,28.0,1.2,0.4,13.3,19.9,1.2,0.5,1.7,.113,0.1,-1.8,-1.6,0.1,2020
Thomas Bryant,C,22,WAS,21,555,18.6,.605,.188,.274,8.4,23.6,15.6,13.2,0.8,2.8,11.3,18.5,1.2,0.2,1.4,.121,0.9,-0.2,0.8,0.4,2020
Reggie Bullock,SG,28,NYK,8,189,12.9,.493,.513,.064,2.6,4.0,3.3,9.9,3.3,0.0,1.2,18.1,0.2,0.1,0.3,.068,0.7,-2.1,-1.4,0.0,2020
Trey Burke,PG,27,PHI,22,311,16.6,.562,.298,.149,5.0,7.0,6.0,24.1,1.1,0.3,8.5,19.5,0.7,0.3,1.0,.151,1.2,-2.5,-1.3,0.1,2020
Alec Burks,SG,28,GSW,40,1165,16.1,.551,.362,.368,2.7,14.6,8.5,17.5,1.8,0.9,10.1,23.4,1.4,0.8,2.2,.091,0.4,-1.3,-0.8,0.3,2020
Deonte Burton,SG,26,OKC,24,189,3.8,.364,.478,.104,3.0,14.8,9.0,6.7,0.8,2.2,7.9,17.8,-0.4,0.2,-0.2,-0.062,-6.5,-1.2,-7.7,-0.3,2020
Jimmy Butler,SF,30,MIA,36,1263,23.7,.581,.200,.706,6.7,15.3,11.2,28.3,2.6,1.6,12.4,25.0,4.1,1.9,6.0,.227,3.5,1.9,5.4,2.3,2020
Bruno Caboclo,SF,24,MEM,22,192,12.0,.441,.362,.043,9.5,14.9,12.2,7.0,2.4,5.4,9.1,16.8,-0.1,0.2,0.2,.041,-3.1,1.8,-1.3,0.0,2020
Kentavious Caldwell-Pope,SG,26,LAL,41,1041,11.9,.595,.462,.214,2.7,6.7,4.8,9.4,1.5,0.7,9.9,14.8,1.5,1.1,2.6,.121,0.6,-0.4,0.2,0.6,2020
Vlatko Čančar,SF,22,DEN,7,12,14.7,.515,.333,.667,9.1,0.0,4.6,21.7,0.0,0.0,0.0,14.0,0.0,0.0,0.0,.180,1.2,-4.7,-3.5,0.0,2020
Clint Capela,C,25,HOU,33,1108,21.3,.637,.000,.274,13.0,31.4,22.2,5.5,1.3,4.4,12.5,15.9,2.7,1.9,4.6,.198,-0.7,2.2,1.6,1.0,2020
DeMarre Carroll,SF,33,SAS,15,135,5.1,.437,.448,.690,5.5,18.6,12.1,10.0,0.7,1.3,20.9,15.2,-0.2,0.1,-0.1,-0.031,-5.0,-1.0,-6.0,-0.1,2020
Jevon Carter,PG,24,PHO,26,340,9.1,.486,.534,.091,3.5,12.2,7.7,15.1,2.8,1.8,18.7,14.0,-0.1,0.4,0.3,.037,-2.9,1.3,-1.6,0.0,2020
Vince Carter,SF,43,ATL,35,540,6.4,.450,.665,.115,1.4,11.8,6.6,8.6,1.1,2.1,9.5,16.3,-0.5,0.2,-0.3,-0.022,-3.9,-1.7,-5.6,-0.5,2020
Wendell Carter,C,20,CHI,37,1109,16.2,.592,.091,.417,12.1,23.8,17.7,6.1,1.3,2.8,14.5,16.4,1.7,1.6,3.3,.145,-1.5,1.7,0.2,0.6,2020
Michael Carter-Williams,SG,28,ORL,19,310,13.3,.464,.323,.333,5.9,14.6,10.1,18.0,3.2,2.3,13.7,17.2,0.0,0.5,0.5,.081,-2.3,2.8,0.5,0.2,2020
Alex Caruso,PG,25,LAL,38,729,10.6,.556,.410,.289,1.5,9.2,5.5,11.8,2.5,1.2,15.2,13.4,0.4,1.1,1.5,.100,-1.4,1.2,-0.2,0.3,2020
Willie Cauley-Stein,C,26,GSW,38,869,16.2,.572,.000,.232,7.5,22.2,14.6,9.7,2.4,4.9,11.8,14.5,0.9,1.2,2.1,.115,-2.4,3.4,1.0,0.7,2020
Tyson Chandler,C,37,HOU,24,209,11.6,.717,.000,.722,11.9,19.1,15.5,3.6,1.3,3.3,22.8,6.0,0.3,0.3,0.6,.138,-2.0,1.5,-0.5,0.1,2020
Wilson Chandler,SF,32,BRK,13,260,9.0,.530,.542,.139,1.2,21.7,11.8,8.8,1.3,1.6,15.5,14.5,-0.1,0.4,0.3,.056,-4.1,1.1,-3.0,-0.1,2020
Zylan Cheatham,SF,24,NOP,3,31,0.2,.400,.200,.000,3.3,17.5,10.2,8.1,0.0,2.8,37.5,10.7,-0.1,0.0,-0.1,-0.092,-8.8,0.2,-8.6,-0.1,2020
Chris Chiozza,PG,24,WAS,10,123,9.3,.397,.471,.000,0.0,13.9,6.6,28.6,3.8,1.4,20.9,14.4,-0.1,0.1,0.0,-0.007,-4.0,-0.2,-4.2,-0.1,2020
Marquese Chriss,PF,22,GSW,38,666,17.3,.560,.108,.471,10.8,22.0,16.2,16.8,1.7,4.6,18.0,19.1,0.7,0.8,1.4,.103,-1.8,2.5,0.6,0.4,2020
Gary Clark,PF,25,TOT,20,249,12.0,.555,.841,.101,6.2,13.7,9.9,6.5,0.4,2.8,2.7,12.3,0.5,0.2,0.7,.125,-0.2,-1.5,-1.7,0.0,2020
Gary Clark,PF,25,HOU,18,212,12.0,.564,.864,.119,5.4,14.0,9.7,7.6,0.4,2.8,3.1,12.4,0.4,0.2,0.6,.131,0.3,-1.1,-0.9,0.1,2020
Gary Clark,PF,25,ORL,2,37,11.5,.500,.700,.000,11.0,11.7,11.3,0.0,0.0,2.4,0.0,11.7,0.0,0.0,0.1,.094,-2.5,-3.8,-6.3,0.0,2020
Brandon Clarke,PF,23,MEM,36,770,22.4,.683,.139,.231,6.8,21.7,14.3,10.8,0.9,3.6,9.7,19.5,2.3,0.7,3.0,.188,2.1,0.4,2.5,0.9,2020
Jordan Clarkson,SG,27,TOT,40,943,18.2,.575,.480,.228,3.2,7.2,5.2,14.6,1.3,1.1,8.7,25.6,1.8,0.3,2.1,.106,2.7,-3.1,-0.5,0.4,2020
Jordan Clarkson,SG,27,CLE,29,666,19.2,.581,.488,.264,3.5,7.9,5.7,17.5,1.2,1.0,9.7,25.9,1.5,0.1,1.5,.111,3.4,-3.4,0.0,0.3,2020
Jordan Clarkson,SG,27,UTA,11,277,15.8,.558,.460,.144,2.5,5.6,4.1,7.9,1.4,1.2,6.3,25.0,0.3,0.3,0.5,.095,0.9,-2.4,-1.5,0.0,2020
Nicolas Claxton,PF,20,BRK,10,120,9.2,.495,.227,.545,7.0,11.6,9.3,12.6,0.4,3.4,18.0,11.6,0.0,0.1,0.1,.056,-4.2,1.3,-2.9,0.0,2020
Chris Clemons,SG,22,HOU,24,220,15.0,.589,.780,.046,0.9,8.4,4.7,12.8,1.3,1.9,11.2,23.3,0.3,0.2,0.4,.095,1.0,-3.5,-2.5,0.0,2020
Antonius Cleveland,SG,25,DAL,3,14,7.4,.667,.333,.000,0.0,21.9,11.2,0.0,0.0,0.0,25.0,12.2,0.0,0.0,0.0,-0.001,-6.7,-4.6,-11.3,0.0,2020
Amir Coffey,SG,22,LAC,2,5,35.9,.833,.667,.000,0.0,0.0,0.0,42.6,0.0,0.0,0.0,24.7,0.0,0.0,0.0,.452,14.7,-12.3,2.4,0.0,2020
John Collins,PF,22,ATL,16,483,20.2,.577,.294,.204,7.5,27.4,17.3,8.1,1.2,5.8,9.4,22.9,0.6,0.6,1.2,.123,-0.7,1.0,0.3,0.3,2020
Zach Collins,PF,22,POR,3,86,9.1,.624,.368,.316,4.8,9.4,7.1,9.3,0.0,2.0,21.7,13.6,0.1,0.0,0.1,.050,-1.8,-1.4,-3.2,0.0,2020
Mike Conley,PG,32,UTA,22,647,12.3,.491,.410,.280,2.8,9.1,6.1,23.4,1.2,0.5,12.9,23.7,0.2,0.6,0.8,.059,-0.7,-1.1,-1.7,0.0,2020
Pat Connaughton,SG,27,MIL,40,719,11.1,.532,.520,.143,4.5,17.8,11.5,12.0,0.8,2.7,15.1,12.6,0.4,1.3,1.7,.115,-1.9,2.2,0.3,0.4,2020
Quinn Cook,PG,26,LAL,27,357,11.0,.536,.386,.043,1.6,8.6,5.2,14.5,1.2,0.2,13.4,19.6,0.1,0.4,0.4,.059,-2.1,-2.1,-4.2,-0.2,2020
Tyler Cook,PF,22,CLE,8,28,26.7,.799,.000,.750,11.7,15.7,13.7,5.9,1.7,0.0,8.6,17.8,0.2,0.0,0.2,.286,4.3,-2.9,1.4,0.0,2020
Robert Covington,PF,29,MIN,40,1155,14.2,.577,.623,.204,2.4,19.0,10.5,6.3,2.8,2.7,12.1,17.8,0.7,1.7,2.4,.099,-0.4,1.7,1.2,0.9,2020
Allen Crabbe,SG,27,ATL,28,522,7.3,.482,.650,.084,2.0,11.4,6.7,7.4,1.3,0.6,7.5,12.8,0.0,0.2,0.2,.014,-2.8,-1.6,-4.4,-0.3,2020
Torrey Craig,SF,29,DEN,28,383,7.4,.470,.488,.174,5.1,12.8,8.9,6.2,1.2,3.4,10.6,11.7,0.0,0.5,0.5,.056,-3.2,1.2,-2.0,0.0,2020
Jae Crowder,SF,29,MEM,39,1178,11.3,.514,.671,.223,3.1,18.6,10.9,12.4,1.7,1.0,11.1,15.7,0.5,0.9,1.4,.059,-0.2,0.3,0.0,0.6,2020
Jarrett Culver,SG,20,MIN,40,983,10.1,.448,.373,.197,5.3,10.4,7.8,12.4,2.0,2.2,11.5,20.2,-0.9,0.9,0.0,-0.001,-3.2,0.4,-2.8,-0.2,2020
Seth Curry,SG,29,DAL,40,904,13.9,.601,.574,.175,2.2,6.8,4.6,11.2,1.2,0.7,10.2,18.5,1.6,0.5,2.1,.112,1.6,-2.1,-0.5,0.3,2020
Stephen Curry,PG,31,GSW,4,112,20.7,.548,.561,.273,3.7,15.7,9.5,42.8,2.1,1.6,16.9,33.7,0.1,0.1,0.2,.079,4.6,-1.2,3.5,0.2,2020
Troy Daniels,SG,28,LAL,31,372,10.2,.559,.701,.079,2.1,8.6,5.4,3.9,0.9,0.5,5.1,15.8,0.4,0.4,0.7,.091,-0.3,-2.5,-2.8,-0.1,2020
Anthony Davis,PF,26,LAL,35,1231,28.4,.605,.195,.444,7.2,21.7,14.6,14.7,2.1,6.4,9.7,29.9,4.1,2.7,6.8,.266,3.3,3.7,7.0,2.8,2020
Ed Davis,C,30,UTA,21,232,6.5,.387,.000,.367,11.2,27.2,19.6,4.4,1.9,3.2,27.2,9.0,-0.2,0.5,0.3,.061,-5.5,3.9,-1.6,0.0,2020
Terence Davis,SG,22,TOR,41,702,15.2,.606,.558,.133,4.6,16.2,10.5,16.6,1.6,0.9,14.2,18.0,1.1,1.1,2.2,.149,1.1,0.7,1.7,0.7,2020
Dewayne Dedmon,C,30,SAC,26,360,7.8,.495,.467,.175,8.9,24.1,16.3,3.7,1.2,3.1,21.8,20.0,-0.6,0.4,-0.1,-0.020,-5.8,-0.8,-6.6,-0.4,2020
Matthew Dellavedova,PG,29,CLE,39,502,8.3,.441,.547,.239,2.6,7.9,5.2,28.0,1.5,0.2,19.8,13.8,0.0,0.0,0.1,.008,-2.7,-2.9,-5.6,-0.5,2020
DeMar DeRozan,SF,30,SAS,40,1364,21.8,.606,.041,.393,1.9,14.8,8.4,24.1,1.4,0.8,11.8,26.7,3.5,0.8,4.3,.152,2.4,-1.0,1.4,1.2,2020
Cheick Diallo,C,23,PHO,25,231,18.7,.704,.014,.296,6.9,23.3,14.9,8.6,1.2,1.5,13.9,17.1,0.6,0.2,0.8,.166,-0.9,-0.3,-1.1,0.0,2020
Hamidou Diallo,SF,21,OKC,22,423,9.8,.474,.146,.238,5.3,13.2,9.4,4.6,2.5,1.0,11.2,19.6,-0.4,0.5,0.2,.018,-4.6,-0.2,-4.8,-0.3,2020
Gorgui Dieng,C,30,MIN,37,676,18.5,.561,.413,.217,9.2,24.9,16.8,11.8,2.3,4.2,11.5,18.1,1.0,1.1,2.1,.151,0.0,2.8,2.8,0.8,2020
Spencer Dinwiddie,SG,26,BRK,40,1242,18.5,.539,.367,.409,1.4,8.9,5.2,35.5,1.1,0.9,12.3,31.3,1.9,1.1,3.0,.116,2.6,-2.1,0.5,0.8,2020
Donte DiVincenzo,SG,23,MIL,39,884,14.9,.557,.486,.158,4.0,14.7,9.7,13.2,3.1,1.0,12.6,16.7,0.9,1.9,2.8,.153,0.2,2.5,2.7,1.1,2020
Luka Dončić,PG,20,DAL,38,1247,30.1,.599,.448,.456,4.7,25.8,15.5,47.8,1.6,0.3,15.1,37.1,5.2,1.6,6.8,.261,10.2,2.1,12.3,4.5,2020
Luguentz Dort,SG,20,OKC,7,115,0.9,.391,.560,.400,1.0,8.4,4.8,3.5,0.8,0.0,9.3,12.4,-0.2,0.1,-0.1,-0.041,-5.3,-1.8,-7.1,-0.1,2020
Damyean Dotson,SG,25,NYK,36,595,9.8,.489,.554,.118,1.0,10.8,5.7,11.2,1.2,0.6,6.5,16.3,0.1,0.1,0.2,.020,-1.7,-2.5,-4.2,-0.3,2020
Sekou Doumbouya,SF,19,DET,15,267,13.3,.604,.356,.256,2.5,16.8,9.7,3.5,1.6,1.2,8.2,17.7,0.3,0.2,0.5,.092,-1.3,-1.8,-3.2,-0.1,2020
PJ Dozier,PG,23,DEN,2,20,16.3,.600,.400,.000,0.0,22.2,11.0,16.6,0.0,0.0,0.0,21.6,0.1,0.0,0.1,.181,1.8,-3.5,-1.6,0.0,2020
Goran Dragić,PG,33,MIA,31,865,15.7,.572,.482,.286,1.8,9.6,5.9,28.6,1.0,0.8,15.7,25.2,1.1,0.7,1.8,.097,1.4,-2.4,-1.0,0.2,2020
Andre Drummond,C,26,DET,40,1344,21.9,.554,.037,.381,14.5,37.9,26.2,13.2,2.9,4.4,18.3,24.6,0.8,2.7,3.5,.124,-1.4,4.6,3.2,1.8,2020
Jared Dudley,SF,34,LAL,28,247,7.4,.604,.711,.053,1.4,10.8,6.2,8.3,1.7,0.7,11.4,7.5,0.2,0.3,0.6,.109,-1.2,0.6,-0.7,0.1,2020
Kris Dunn,PG,25,CHI,43,1060,11.2,.476,.334,.132,2.1,13.7,7.7,19.6,3.9,1.2,14.7,14.8,-0.1,1.8,1.7,.077,-2.5,2.8,0.3,0.6,2020
Carsen Edwards,SG,21,BOS,27,267,6.5,.432,.621,.137,2.0,13.6,7.8,10.1,1.6,0.7,11.4,18.2,-0.3,0.3,0.1,.009,-3.8,-1.0,-4.8,-0.2,2020
Henry Ellenson,PF,23,BRK,5,15,-1.1,.143,.571,.000,14.0,26.4,20.4,8.8,0.0,0.0,0.0,19.4,-0.1,0.0,-0.1,-0.180,-9.8,-2.9,-12.7,0.0,2020
Wayne Ellington,SG,32,NYK,23,330,5.8,.457,.818,.061,0.6,11.9,6.0,9.8,1.2,0.6,12.1,14.8,-0.2,0.1,-0.2,-0.027,-2.9,-2.3,-5.2,-0.3,2020
Joel Embiid,C,25,PHI,31,963,25.6,.590,.234,.500,9.2,34.3,21.9,17.5,1.3,3.7,13.1,31.7,2.4,1.9,4.3,.212,1.9,2.3,4.2,1.5,2020
James Ennis,SF,29,PHI,41,715,12.5,.566,.464,.263,7.4,14.4,10.9,7.2,1.4,1.5,10.7,15.8,0.9,0.9,1.8,.122,-0.5,-0.1,-0.6,0.3,2020
Drew Eubanks,PF,22,SAS,7,38,21.5,.685,.000,.214,16.8,27.6,22.2,8.2,0.0,2.3,20.7,21.8,0.1,0.0,0.1,.151,-0.5,-2.2,-2.6,0.0,2020
Jacob Evans,SG,22,GSW,21,311,3.2,.407,.260,.221,2.3,9.2,5.6,9.9,0.9,2.0,16.8,18.7,-0.7,0.1,-0.6,-0.098,-7.9,-1.8,-9.8,-0.6,2020
Dante Exum,SG,24,TOT,20,239,11.0,.600,.343,.271,1.4,13.1,7.3,12.4,1.2,0.7,20.3,17.8,0.1,0.1,0.2,.036,-2.6,-1.3,-3.9,-0.1,2020
Dante Exum,SG,24,UTA,11,83,5.0,.503,.261,.087,4.1,11.2,7.8,11.9,0.6,2.0,29.5,17.9,-0.2,0.1,-0.1,-0.046,-6.4,0.1,-6.3,-0.1,2020
Dante Exum,SG,24,CLE,9,156,14.2,.642,.383,.362,0.0,14.0,7.0,12.7,1.6,0.0,15.5,17.7,0.2,0.0,0.3,.079,-0.6,-2.1,-2.7,0.0,2020
Tacko Fall,C,24,BOS,4,21,24.1,.690,.000,.273,0.0,50.9,25.5,0.0,0.0,8.7,19.6,31.1,0.0,0.1,0.0,.078,-10.7,-4.1,-14.8,-0.1,2020
Derrick Favors,C,28,NOP,24,577,20.0,.607,.024,.171,14.6,30.1,22.2,12.4,1.1,4.1,14.9,15.4,1.3,0.7,1.9,.161,0.0,2.6,2.7,0.7,2020
Cristiano Felício,PF,27,CHI,3,23,8.1,.727,.000,.333,4.5,14.6,9.4,0.0,0.0,0.0,22.5,8.2,0.0,0.0,0.0,.063,-6.0,-3.6,-9.5,0.0,2020
Terrance Ferguson,SF,21,OKC,36,935,4.8,.533,.771,.066,2.4,4.6,3.5,4.8,1.1,1.1,13.2,9.3,0.1,0.6,0.7,.034,-1.2,0.1,-1.1,0.2,2020
Bruno Fernando,C,21,ATL,37,437,10.8,.519,.231,.308,9.3,18.8,14.0,12.2,1.0,2.3,18.4,15.5,0.1,0.3,0.4,.039,-3.4,0.0,-3.5,-0.2,2020
Yogi Ferrell,PG,26,SAC,30,386,11.9,.532,.389,.254,1.1,9.6,5.3,17.8,1.3,0.7,11.9,18.0,0.3,0.2,0.5,.065,-2.0,-2.3,-4.2,-0.2,2020
Dorian Finney-Smith,PF,26,DAL,42,1235,12.2,.595,.575,.224,7.0,11.6,9.3,6.1,1.1,1.4,10.9,12.7,2.0,0.9,2.9,.113,1.3,0.2,1.6,1.1,2020
Bryn Forbes,SG,26,SAS,40,1034,10.6,.540,.629,.136,1.0,8.5,4.8,9.6,1.0,0.0,8.3,19.0,0.6,0.2,0.8,.036,0.4,-3.2,-2.8,-0.2,2020
Evan Fournier,SG,27,ORL,41,1280,17.4,.595,.439,.265,0.5,8.5,4.4,17.8,1.6,0.5,10.5,24.8,2.1,1.3,3.4,.128,2.7,-1.8,0.9,0.9,2020
De'Aaron Fox,PG,22,SAC,23,717,20.8,.562,.227,.433,3.4,12.7,7.9,38.8,2.2,1.6,16.9,28.7,1.2,0.7,1.9,.124,2.4,0.0,2.4,0.8,2020
Melvin Frazier,SG,23,ORL,11,43,9.2,.480,.412,.235,2.4,7.5,4.9,3.6,3.4,4.2,9.6,20.9,0.0,0.1,0.0,.031,-4.5,0.9,-3.6,0.0,2020
Michael Frazier,SG,25,HOU,2,14,10.6,.500,.800,.000,7.4,14.6,11.0,10.0,0.0,0.0,0.0,14.6,0.0,0.0,0.0,.108,0.1,-3.8,-3.7,0.0,2020
Tim Frazier,PG,29,DET,24,318,11.4,.487,.299,.276,2.8,7.4,5.1,36.2,2.0,0.8,22.9,17.2,0.1,0.2,0.3,.047,-2.7,-2.7,-5.4,-0.3,2020
Markelle Fultz,PG,21,ORL,41,1111,13.9,.507,.168,.202,1.8,11.5,6.5,27.6,2.3,0.6,14.9,21.7,0.0,1.4,1.4,.062,-1.8,0.2,-1.5,0.1,2020
Wenyen Gabriel,PF,22,SAC,11,61,7.7,.444,.471,.588,7.2,11.4,9.3,6.8,2.4,3.1,18.9,18.9,-0.1,0.1,0.0,-0.025,-5.1,0.2,-4.9,0.0,2020
Daniel Gafford,C,21,CHI,32,411,17.9,.666,.000,.364,9.6,10.6,10.1,5.3,1.1,9.6,11.6,13.5,0.9,0.6,1.5,.173,-1.3,4.4,3.1,0.5,2020
Danilo Gallinari,PF,31,OKC,36,1098,20.0,.616,.560,.356,2.3,17.4,10.0,12.0,1.1,0.3,8.0,24.3,3.0,1.0,4.0,.174,3.8,-1.8,2.1,1.1,2020
Langston Galloway,SG,28,DET,42,1056,12.5,.588,.641,.198,1.7,7.6,4.7,8.1,1.4,0.6,6.7,16.0,1.5,0.4,1.9,.088,1.3,-2.0,-0.7,0.4,2020
Darius Garland,PG,20,CLE,42,1243,9.4,.512,.451,.117,1.6,5.6,3.6,18.5,1.3,0.0,17.7,21.0,-0.7,-0.1,-0.7,-0.028,-1.7,-3.1,-4.9,-0.9,2020
Marc Gasol,C,35,TOR,29,822,11.4,.524,.518,.147,3.0,20.8,12.1,17.1,1.5,3.6,15.4,12.5,0.5,1.6,2.1,.121,-1.6,4.1,2.5,0.9,2020
Rudy Gay,PF,33,SAS,39,879,15.5,.557,.383,.251,4.7,22.5,13.7,11.4,1.0,2.3,13.2,21.1,0.6,0.7,1.3,.074,-0.8,-0.4,-1.2,0.2,2020
Paul George,SF,29,LAC,26,799,20.9,.586,.515,.286,1.6,18.0,10.0,19.5,2.2,1.3,14.0,31.2,1.2,1.3,2.5,.151,3.2,0.5,3.7,1.1,2020
Taj Gibson,C,34,NYK,39,635,13.1,.546,.061,.176,10.8,16.8,13.7,9.1,1.7,2.1,16.1,14.0,0.5,0.4,0.9,.070,-1.9,0.8,-1.1,0.1,2020
Harry Giles,PF,21,SAC,16,180,12.0,.492,.000,.156,6.7,21.8,14.1,16.0,2.5,2.1,17.1,24.0,-0.2,0.2,0.1,.022,-5.1,1.2,-3.9,-0.1,2020
Shai Gilgeous-Alexander,SG,21,OKC,42,1489,17.8,.563,.233,.325,2.2,15.2,8.8,14.2,1.7,1.1,9.8,24.4,2.0,1.6,3.6,.116,0.3,0.0,0.3,0.9,2020
Rudy Gobert,C,27,UTA,39,1343,22.0,.677,.000,.641,12.0,32.5,22.7,7.5,1.0,4.6,15.0,16.6,3.7,2.7,6.4,.230,0.9,4.0,4.9,2.4,2020
Brandon Goodwin,PG,24,ATL,13,179,12.2,.515,.474,.103,2.4,14.5,8.4,19.2,2.1,1.4,14.7,22.2,-0.1,0.1,0.1,.021,-2.0,-1.5,-3.5,-0.1,2020
Aaron Gordon,PF,24,ORL,36,1122,13.9,.505,.320,.256,5.4,19.5,12.3,14.3,1.1,1.6,10.7,21.0,0.3,1.4,1.8,.075,-1.4,0.9,-0.4,0.4,2020
Eric Gordon,SG,31,HOU,16,462,7.6,.484,.681,.176,1.3,5.5,3.5,5.9,0.7,0.7,8.5,21.9,-0.2,0.2,-0.1,-0.007,-2.4,-3.9,-6.4,-0.5,2020
Devonte' Graham,PG,24,CHO,44,1549,16.5,.541,.606,.260,2.4,9.3,5.7,35.9,1.2,0.8,14.8,25.2,2.1,0.4,2.6,.080,3.2,-2.9,0.3,0.9,2020
Treveon Graham,SG,26,MIN,33,663,6.3,.447,.474,.211,4.4,11.4,7.8,6.3,1.2,0.2,9.0,13.1,-0.2,0.4,0.2,.015,-3.6,-0.9,-4.5,-0.4,2020
Jerami Grant,PF,25,DEN,41,981,12.3,.565,.409,.355,2.7,12.1,7.3,5.6,1.0,2.7,8.4,17.4,1.0,1.0,2.0,.097,-1.1,-0.3,-1.5,0.1,2020
Josh Gray,PG,26,NOP,2,23,-5.0,.500,.000,.000,4.5,4.7,4.6,10.6,0.0,0.0,71.4,12.6,-0.1,0.0,-0.1,-0.237,-11.6,-2.0,-13.5,-0.1,2020
Danny Green,SG,32,LAL,40,1003,12.0,.577,.686,.110,3.2,12.4,7.9,7.1,2.2,1.6,9.8,14.3,1.0,1.5,2.5,.122,0.8,1.2,2.0,1.0,2020
Draymond Green,PF,29,GSW,32,934,12.2,.478,.385,.274,2.0,21.8,11.6,28.3,2.5,2.4,20.5,16.2,-0.3,1.1,0.8,.039,-2.9,2.2,-0.7,0.3,2020
JaMychal Green,PF,29,LAC,33,700,11.0,.550,.681,.152,7.2,24.0,15.8,4.5,1.1,1.7,12.8,13.7,0.5,1.1,1.6,.111,-1.0,0.8,-0.2,0.3,2020
Javonte Green,SF,26,BOS,32,248,14.0,.623,.235,.221,4.3,16.0,10.1,5.2,2.1,1.5,12.9,14.7,0.3,0.4,0.7,.136,-1.7,0.5,-1.2,0.0,2020
Jeff Green,PF,33,UTA,30,553,10.3,.523,.533,.323,2.9,12.5,7.9,5.2,1.1,1.5,10.8,19.8,0.0,0.6,0.6,.056,-2.1,-0.9,-3.0,-0.1,2020
Blake Griffin,PF,30,DET,18,512,12.1,.476,.444,.392,3.8,14.7,9.2,17.6,0.7,1.1,12.0,28.2,-0.3,0.2,-0.1,-0.008,-2.0,-2.5,-4.5,-0.3,2020
Marko Guduric,SG,24,MEM,28,387,7.4,.472,.504,.134,3.3,11.5,7.4,12.7,1.1,1.3,17.2,17.5,-0.4,0.2,-0.2,-0.024,-3.7,-1.6,-5.3,-0.3,2020
Kyle Guy,SG,22,SAC,1,3,-13.5,.000,1.000,.000,0.0,0.0,0.0,0.0,0.0,0.0,0.0,14.5,0.0,0.0,0.0,-0.362,-12.8,-5.3,-18.1,0.0,2020
Rui Hachimura,PF,21,WAS,25,729,14.3,.533,.158,.178,5.5,16.5,10.8,8.1,1.1,0.4,5.8,19.6,0.8,0.0,0.9,.058,-1.0,-2.5,-3.4,-0.3,2020
Devon Hall,SG,24,OKC,5,20,3.7,.370,.400,.800,0.0,5.4,2.8,19.5,0.0,0.0,12.9,17.1,0.0,0.0,0.0,-0.061,-6.8,-4.7,-11.5,0.0,2020
Tim Hardaway,SG,27,DAL,39,1017,15.3,.574,.587,.185,1.7,10.0,5.9,9.7,1.1,0.3,6.3,22.0,1.8,0.6,2.5,.117,2.0,-2.8,-0.8,0.3,2020
James Harden,SG,30,HOU,39,1449,30.8,.627,.554,.507,3.1,14.1,8.6,35.6,2.1,2.1,13.6,37.8,6.8,1.7,8.5,.282,10.5,-0.1,10.4,4.5,2020
Maurice Harkless,SF,26,LAC,42,956,10.1,.573,.324,.216,4.7,13.3,9.1,5.6,2.2,2.6,15.8,10.4,0.5,1.5,2.0,.100,-1.4,3.4,2.0,1.0,2020
Jared Harper,PG,22,PHO,1,2,-19.5,.000,1.000,.000,0.0,0.0,0.0,0.0,0.0,0.0,0.0,21.1,0.0,0.0,0.0,-0.520,-16.3,-7.3,-23.6,0.0,2020
Montrezl Harrell,C,26,LAC,41,1181,22.8,.597,.025,.414,10.2,15.6,13.0,10.8,1.1,3.3,10.7,25.7,2.9,1.7,4.5,.184,1.2,1.2,2.4,1.3,2020
Gary Harris,SG,25,DEN,37,1217,10.2,.521,.435,.171,1.8,7.5,4.6,9.2,2.2,0.8,8.9,15.2,0.6,1.3,1.9,.073,-0.8,0.3,-0.5,0.5,2020
Joe Harris,SF,28,BRK,40,1268,12.6,.584,.529,.130,3.1,10.2,6.8,10.2,1.0,0.8,10.4,17.6,1.4,1.1,2.5,.096,0.4,-0.5,-0.1,0.6,2020
Tobias Harris,PF,27,PHI,43,1470,17.4,.567,.295,.192,2.5,18.9,10.8,14.0,1.2,1.4,8.3,23.6,2.2,2.0,4.2,.136,0.6,0.1,0.7,1.0,2020
Shaquille Harrison,SF,26,CHI,25,183,14.0,.463,.217,.383,4.0,17.1,10.3,20.3,2.9,2.6,7.9,17.7,0.1,0.3,0.4,.106,-2.9,2.0,-0.9,0.0,2020
Josh Hart,SF,24,NOP,35,1001,11.2,.556,.698,.199,3.3,19.1,11.0,6.9,1.7,0.9,11.0,15.7,0.6,0.7,1.4,.065,-0.4,-0.5,-0.8,0.3,2020
Isaiah Hartenstein,C,21,HOU,18,238,20.0,.696,.051,.441,10.9,25.0,17.9,9.8,1.6,4.3,15.6,14.4,0.7,0.4,1.1,.214,-0.2,2.3,2.1,0.2,2020
Udonis Haslem,PF,39,MIA,2,11,16.2,.906,.000,4.000,0.0,28.9,15.3,0.0,0.0,0.0,0.0,11.0,0.1,0.0,0.1,.293,-1.8,-5.6,-7.4,0.0,2020
Jaxson Hayes,C,19,NOP,39,782,18.4,.673,.020,.648,9.2,15.8,12.4,6.6,1.3,5.0,11.3,15.0,2.1,0.7,2.8,.171,0.3,1.6,1.9,0.8,2020
Gordon Hayward,SF,29,BOS,24,759,18.4,.596,.319,.141,3.2,16.8,10.0,19.4,1.1,1.2,10.3,20.2,1.7,1.0,2.6,.166,2.1,0.4,2.6,0.9,2020
John Henson,PF,29,CLE,21,277,19.1,.546,.232,.317,8.7,22.9,15.8,16.3,2.1,7.7,13.8,16.8,0.3,0.4,0.7,.122,-0.7,4.6,3.8,0.4,2020
Dewan Hernandez,C,23,TOR,4,11,4.3,.340,.200,.400,19.4,46.6,33.3,0.0,4.4,0.0,14.5,26.7,0.0,0.0,0.0,.010,-13.7,-5.8,-19.5,0.0,2020
Juan Hernangómez,PF,24,DEN,26,308,6.0,.434,.595,.215,4.6,17.7,11.1,7.6,0.3,0.9,12.2,13.8,-0.2,0.3,0.1,.009,-4.3,-1.2,-5.5,-0.3,2020
Willy Hernangómez,C,25,CHO,15,109,21.6,.588,.217,.500,15.4,27.3,21.1,8.5,0.5,3.4,15.1,26.5,0.1,0.1,0.2,.090,-1.4,-2.2,-3.6,0.0,2020
Tyler Herro,SG,20,MIA,38,1078,11.6,.535,.466,.150,1.4,15.1,8.6,11.9,1.1,0.3,12.4,22.1,-0.1,1.0,1.0,.043,-1.8,-1.5,-3.3,-0.4,2020
Kevin Hervey,PF,23,OKC,3,9,-13.5,.000,.750,.000,0.0,23.9,12.3,13.5,0.0,0.0,0.0,19.6,-0.1,0.0,-0.1,-0.400,-14.9,-2.9,-17.8,0.0,2020
Mario Hezonja,PF,24,POR,31,503,8.9,.506,.312,.296,3.9,20.0,12.1,7.1,1.7,0.7,14.0,13.8,0.0,0.4,0.5,.046,-3.2,0.0,-3.2,-0.2,2020
Buddy Hield,SG,27,SAC,41,1407,14.5,.541,.549,.129,2.9,13.9,8.3,15.0,1.2,0.8,12.4,27.2,0.4,0.9,1.3,.043,0.9,-2.0,-1.0,0.3,2020
George Hill,PG,33,MIL,40,851,19.1,.692,.462,.242,4.7,9.7,7.3,19.3,1.6,0.4,10.8,15.7,3.0,1.3,4.3,.241,4.0,0.0,3.9,1.3,2020
Solomon Hill,SF,28,MEM,40,756,10.6,.534,.611,.138,3.1,14.7,8.9,13.3,1.8,0.7,12.9,13.7,0.4,0.5,0.9,.060,-0.7,-0.3,-1.1,0.2,2020
Jaylen Hoard,SF,20,POR,10,64,13.3,.462,.091,.409,12.9,15.7,14.4,4.4,3.0,0.0,13.4,19.8,0.0,0.1,0.0,.035,-3.9,-1.5,-5.4,-0.1,2020
Aaron Holiday,PG,23,IND,40,942,13.6,.536,.407,.148,1.9,9.2,5.6,21.7,1.7,0.7,12.6,20.7,0.7,1.0,1.7,.086,0.2,-1.0,-0.8,0.3,2020
Jrue Holiday,SG,29,NOP,34,1212,16.5,.513,.322,.158,3.8,10.8,7.2,28.5,2.2,1.8,13.9,25.7,0.6,0.9,1.5,.058,0.7,-0.2,0.5,0.8,2020
Justin Holiday,SG,30,IND,42,1062,11.5,.564,.652,.118,1.8,12.8,7.3,7.9,1.9,1.9,7.3,13.1,1.0,1.4,2.3,.106,0.4,1.3,1.7,1.0,2020
Rondae Hollis-Jefferson,SF,25,TOR,33,664,16.2,.538,.062,.433,11.9,14.5,13.2,12.0,2.2,1.7,12.3,18.4,1.0,1.1,2.2,.157,-0.8,2.2,1.4,0.6,2020
Richaun Holmes,C,26,SAC,37,1087,21.1,.692,.000,.301,11.5,21.3,16.3,5.4,1.8,4.5,11.6,15.9,3.3,1.4,4.7,.208,1.4,2.4,3.8,1.6,2020
Rodney Hood,SF,27,POR,21,619,12.3,.625,.413,.157,1.7,10.1,5.9,7.3,1.3,0.5,9.4,13.9,1.0,0.2,1.2,.093,0.7,-1.0,-0.3,0.3,2020
Al Horford,C,33,PHI,39,1209,16.3,.528,.370,.112,6.0,17.2,11.7,18.6,1.5,2.6,8.4,18.2,1.7,1.8,3.6,.141,0.9,2.0,2.9,1.5,2020
Talen Horton-Tucker,SG,19,LAL,2,5,15.1,.000,1.000,.000,0.0,0.0,0.0,44.8,9.6,0.0,0.0,8.5,0.0,0.0,0.0,.112,-5.5,-3.5,-9.0,0.0,2020
Danuel House,SF,26,HOU,34,1037,10.6,.573,.649,.194,3.7,9.5,6.6,5.5,1.3,1.4,9.6,13.2,1.1,0.8,1.9,.088,-0.2,-0.4,-0.6,0.4,2020
Dwight Howard,C,34,LAL,41,813,18.8,.697,.028,.627,14.2,26.8,20.7,4.8,0.9,6.3,18.4,14.5,1.8,1.7,3.4,.203,-0.3,3.2,2.9,1.0,2020
Kevin Huerter,SG,21,ATL,31,864,13.1,.556,.539,.145,2.3,13.8,8.0,18.9,1.6,1.4,14.3,18.5,0.6,0.5,1.1,.059,-0.1,-0.8,-1.0,0.2,2020
De'Andre Hunter,SF,22,ATL,41,1271,7.8,.507,.437,.205,1.6,11.3,6.4,8.1,1.0,0.6,12.1,17.8,-0.6,0.3,-0.3,-0.010,-3.1,-1.9,-5.0,-1.0,2020
Chandler Hutchison,SF,23,CHI,16,240,10.3,.521,.219,.534,1.3,20.5,10.5,5.6,2.2,2.0,15.1,18.9,-0.2,0.4,0.2,.035,-6.1,0.5,-5.5,-0.2,2020
Serge Ibaka,C,30,TOR,31,825,17.3,.571,.205,.216,9.1,24.1,16.7,7.7,0.8,3.2,13.5,24.6,0.6,1.5,2.1,.121,-1.9,0.8,-1.2,0.2,2020
Ersan İlyasova,PF,32,MIL,39,654,18.4,.621,.441,.273,7.7,23.0,15.8,7.9,1.1,1.7,8.0,17.5,1.7,1.3,3.0,.218,1.1,0.5,1.6,0.6,2020
Joe Ingles,SF,32,UTA,41,1231,13.9,.606,.620,.164,1.5,13.0,7.5,22.4,1.5,0.4,16.7,16.2,1.9,1.4,3.3,.130,1.9,0.4,2.4,1.4,2020
Brandon Ingram,PF,22,NOP,37,1277,21.7,.602,.331,.330,2.7,18.5,10.4,20.6,1.3,2.0,12.5,29.3,2.9,0.9,3.8,.141,3.2,-0.6,2.6,1.5,2020
Kyrie Irving,PG,27,BRK,14,461,26.4,.570,.327,.234,3.4,12.7,8.2,40.7,1.7,1.4,8.5,33.0,1.5,0.6,2.1,.216,7.4,0.1,7.5,1.1,2020
Jonathan Isaac,SF,22,ORL,32,949,17.2,.542,.283,.227,6.1,18.7,12.2,7.3,2.6,7.4,11.7,18.3,0.5,2.0,2.5,.127,-1.8,5.3,3.5,1.3,2020
Wesley Iwundu,SF,25,ORL,28,505,9.2,.479,.280,.384,3.6,12.8,8.1,7.9,1.6,1.6,9.3,13.8,0.1,0.6,0.7,.066,-3.8,0.9,-2.8,-0.1,2020
Frank Jackson,PG,21,NOP,33,458,7.7,.490,.450,.230,2.2,8.1,5.1,8.7,1.1,0.4,12.5,21.7,-0.4,0.1,-0.3,-0.027,-3.8,-3.6,-7.4,-0.6,2020
Jaren Jackson,C,20,MEM,41,1148,17.5,.602,.475,.219,4.2,13.8,9.0,7.9,1.2,4.4,10.0,24.4,1.7,0.9,2.6,.108,1.7,-0.7,1.1,0.9,2020
Justin Jackson,PF,24,DAL,38,611,10.4,.515,.514,.132,2.8,12.7,7.9,5.0,0.7,0.7,3.0,16.2,0.6,0.4,0.9,.074,-1.3,-2.3,-3.6,-0.2,2020
Reggie Jackson,PG,29,DET,2,36,10.9,.437,.455,.091,3.1,12.5,7.8,31.1,0.0,0.0,8.0,15.0,0.0,0.0,0.0,.059,-1.7,-3.8,-5.5,0.0,2020
Justin James,SG,23,SAC,22,192,9.3,.445,.343,.164,2.3,13.8,7.9,10.0,1.3,4.4,8.9,17.9,-0.2,0.2,0.0,.001,-5.0,0.3,-4.6,-0.1,2020
LeBron James,PG,35,LAL,39,1362,26.5,.572,.312,.281,3.3,20.4,12.1,50.6,1.8,1.3,14.4,31.5,4.3,2.2,6.5,.230,6.9,2.3,9.3,3.9,2020
Amile Jefferson,PF,26,ORL,14,68,7.8,.369,.000,1.091,12.0,20.6,16.2,8.0,0.0,4.0,15.6,12.3,-0.1,0.1,0.0,.021,-6.9,1.6,-5.3,-0.1,2020
DaQuan Jeffries,SG,22,SAC,2,11,12.6,1.000,.000,.000,10.0,0.0,5.1,12.5,0.0,0.0,0.0,4.0,0.0,0.0,0.0,.170,2.3,-3.1,-0.8,0.0,2020
Ty Jerome,PG,22,PHO,12,137,9.0,.410,.408,.102,2.3,11.4,6.8,22.8,3.8,0.0,15.0,18.6,-0.2,0.2,0.0,.001,-4.0,0.1,-3.9,-0.1,2020
Alize Johnson,SF,23,IND,11,46,14.7,.541,.000,.429,14.4,21.3,17.9,6.1,0.0,0.0,5.7,16.8,0.1,0.0,0.1,.149,-1.7,-2.7,-4.4,0.0,2020
B.J. Johnson,SF,24,ORL,4,38,4.6,.393,.357,.000,2.7,8.5,5.5,7.9,2.6,0.0,17.6,19.3,-0.1,0.0,-0.1,-0.094,-7.5,-0.8,-8.4,-0.1,2020
Cameron Johnson,PF,23,PHO,38,754,11.8,.574,.683,.148,5.0,12.0,8.4,6.6,1.1,1.4,8.5,15.9,0.8,0.5,1.3,.082,0.3,-1.2,-0.9,0.2,2020
James Johnson,PF,32,MIA,11,157,13.3,.623,.500,.295,5.3,16.2,11.1,7.6,0.9,3.7,13.9,16.1,0.2,0.2,0.4,.118,-0.8,0.3,-0.6,0.1,2020
Keldon Johnson,SF,20,SAS,2,7,-2.4,.250,.000,.000,0.0,30.0,15.1,0.0,0.0,0.0,0.0,24.5,0.0,0.0,0.0,-0.264,-18.0,-9.0,-27.0,0.0,2020
Stanley Johnson,PF,23,TOR,13,71,1.6,.355,.480,.160,4.5,17.3,11.0,5.8,2.0,1.3,20.7,20.3,-0.3,0.1,-0.2,-0.105,-9.3,0.1,-9.2,-0.1,2020
Tyler Johnson,SG,27,PHO,28,473,7.9,.470,.471,.191,2.3,9.7,5.9,13.6,1.0,1.3,11.4,17.2,-0.2,0.3,0.1,.008,-3.4,-1.4,-4.8,-0.3,2020
Nikola Jokić,C,24,DEN,41,1289,24.2,.591,.272,.253,8.0,26.8,17.3,33.3,1.5,1.7,14.2,26.1,3.6,2.0,5.6,.210,5.0,2.6,7.6,3.1,2020
Damian Jones,C,24,ATL,37,616,16.3,.723,.045,.448,9.0,14.8,11.9,5.8,1.0,4.0,11.1,12.2,1.7,0.4,2.1,.165,0.0,0.5,0.6,0.4,2020
Derrick Jones,SF,22,MIA,27,656,13.0,.561,.404,.339,3.8,15.2,9.8,5.4,2.3,2.8,8.7,15.4,0.6,1.0,1.6,.116,-1.2,1.4,0.2,0.4,2020
Tyus Jones,PG,23,MEM,42,802,13.9,.502,.269,.129,0.7,7.8,4.2,32.1,2.2,0.6,13.5,15.8,0.9,0.4,1.3,.081,-1.4,-2.5,-3.9,-0.4,2020
DeAndre Jordan,C,31,BRK,37,777,20.6,.675,.000,.443,11.7,34.8,23.6,14.1,0.9,3.7,18.0,14.3,1.9,1.5,3.4,.212,-0.7,3.9,3.2,1.0,2020
Cory Joseph,PG,28,SAC,41,1047,9.2,.474,.320,.143,2.4,9.6,5.9,19.5,1.5,1.2,14.8,13.5,0.3,0.7,0.9,.042,-2.6,-0.2,-2.8,-0.2,2020
Mfiondu Kabengele,C,22,LAC,10,44,18.6,.622,.545,.136,2.4,16.0,9.4,3.5,1.1,2.0,4.1,22.7,0.1,0.1,0.2,.188,1.3,-2.8,-1.5,0.0,2020
Frank Kaminsky,C,26,PHO,32,718,14.7,.554,.401,.315,4.5,20.0,12.0,14.6,0.9,1.2,9.4,20.7,0.9,0.6,1.4,.097,-0.3,-0.7,-1.0,0.2,2020
Enes Kanter,C,27,BOS,33,606,24.1,.610,.022,.260,17.2,30.5,23.9,8.8,1.3,4.4,12.0,19.9,1.7,1.2,2.9,.232,0.8,2.3,3.1,0.8,2020
Luke Kennard,SG,23,DET,28,922,14.5,.589,.535,.219,1.1,10.8,6.0,18.8,0.6,0.5,10.3,19.6,1.7,0.2,1.9,.101,2.0,-2.5,-0.5,0.4,2020
Stanton Kidd,SF,27,UTA,4,15,-13.7,.000,.333,.000,0.0,20.7,10.8,8.1,0.0,0.0,40.0,14.6,-0.1,0.0,-0.1,-0.322,-16.3,0.3,-16.0,-0.1,2020
Michael Kidd-Gilchrist,PF,26,CHO,12,160,6.2,.421,.321,.170,5.9,18.6,12.0,9.4,0.0,1.7,10.9,17.5,-0.2,0.1,-0.1,-0.030,-5.8,-2.1,-7.9,-0.2,2020
Louis King,SF,20,DET,4,12,14.8,.500,.429,.000,9.4,9.3,9.4,14.5,4.1,0.0,12.5,28.9,0.0,0.0,0.0,.016,-0.1,-1.9,-1.9,0.0,2020
Maxi Kleber,C,28,DAL,41,1029,14.1,.626,.632,.217,6.5,15.8,11.3,5.5,0.6,3.0,10.0,13.7,2.1,0.9,3.0,.140,1.4,0.3,1.7,1.0,2020
Brandon Knight,PG,28,CLE,16,241,5.7,.431,.744,.151,1.4,7.7,4.5,18.3,1.0,0.7,14.9,19.1,-0.3,0.0,-0.3,-0.064,-2.9,-3.6,-6.4,-0.3,2020
Kevin Knox,SF,20,NYK,41,803,10.2,.492,.518,.273,2.0,15.6,8.5,8.3,1.2,2.0,8.1,18.0,0.0,0.4,0.4,.023,-2.2,-1.3,-3.5,-0.3,2020
John Konchar,SG,23,MEM,2,8,1.4,,,,0.0,13.2,6.7,0.0,0.0,0.0,,0.0,0.0,0.0,0.0,.003,-7.1,-0.9,-8.1,0.0,2020
Furkan Korkmaz,SG,22,PHI,42,858,11.1,.569,.609,.117,1.3,10.7,6.1,5.5,1.3,0.8,8.2,17.2,0.6,0.9,1.5,.085,-0.7,-1.5,-2.2,0.0,2020
Luke Kornet,C,24,CHI,23,274,10.8,.471,.632,.138,3.4,13.5,8.2,6.9,1.1,6.5,5.1,15.1,0.0,0.4,0.4,.067,-3.2,1.9,-1.3,0.0,2020
Kyle Korver,SF,38,MIL,37,613,10.4,.598,.796,.133,1.5,8.9,5.5,9.1,1.3,1.0,13.9,15.0,0.5,0.9,1.4,.109,-0.1,-0.3,-0.5,0.2,2020
Rodions Kurucs,PF,21,BRK,25,323,8.8,.571,.393,.214,4.5,15.7,10.3,9.8,1.5,0.5,20.7,15.0,0.0,0.4,0.4,.053,-3.5,0.3,-3.2,-0.1,2020
Kyle Kuzma,PF,24,LAL,32,781,11.8,.532,.435,.199,3.3,13.5,8.6,6.2,0.6,1.5,11.0,23.7,0.0,0.9,0.9,.055,-2.2,-2.0,-4.2,-0.4,2020
Skal Labissière,C,23,POR,33,567,15.5,.588,.088,.224,11.9,18.5,15.2,10.4,0.6,4.6,15.7,14.3,1.0,0.5,1.5,.127,-0.5,1.7,1.2,0.5,2020
Jeremy Lamb,SG,27,IND,31,910,14.8,.548,.334,.238,2.2,15.9,9.1,11.5,2.1,1.4,9.2,20.0,0.8,1.3,2.1,.110,-0.2,0.9,0.8,0.6,2020
Romeo Langford,SG,20,BOS,11,106,8.5,.531,.450,.400,5.1,6.1,5.6,2.4,1.4,1.7,7.8,10.3,0.1,0.1,0.2,.091,-2.1,-0.1,-2.2,0.0,2020
Zach LaVine,SG,24,CHI,43,1461,19.4,.569,.415,.288,2.1,13.3,7.4,21.3,1.9,1.2,13.2,31.3,1.5,1.7,3.2,.105,2.5,-0.8,1.6,1.3,2020
Jake Layman,PF,25,MIN,14,369,10.3,.539,.409,.076,3.3,8.4,5.7,4.6,1.5,2.2,11.7,17.3,0.0,0.3,0.2,.031,-2.6,-0.5,-3.1,-0.1,2020
T.J. Leaf,PF,22,IND,21,177,13.7,.468,.215,.154,12.5,24.0,18.3,4.7,1.9,1.5,8.0,18.7,0.0,0.3,0.3,.089,-3.3,-0.6,-3.8,-0.1,2020
Jalen Lecque,G,19,PHO,1,2,-19.5,.000,.000,.000,0.0,0.0,0.0,0.0,0.0,0.0,0.0,21.1,0.0,0.0,0.0,-0.520,-22.1,-6.0,-28.1,0.0,2020
Courtney Lee,SG,34,DAL,10,80,12.7,.717,.522,.000,0.0,6.4,3.3,5.4,0.0,2.1,8.0,13.4,0.2,0.0,0.2,.115,0.5,-2.6,-2.1,0.0,2020
Damion Lee,SG,27,GSW,27,734,14.0,.539,.389,.304,3.5,17.5,10.3,14.5,1.6,0.2,10.2,20.5,0.6,0.5,1.1,.071,-0.8,-1.4,-2.1,0.0,2020
Alex Len,C,26,ATL,38,711,18.2,.598,.215,.315,9.6,23.6,16.5,9.5,1.2,3.5,11.5,18.9,1.2,0.7,1.9,.128,-0.6,0.3,-0.3,0.3,2020
Kawhi Leonard,SF,28,LAC,32,1025,25.9,.577,.264,.327,3.4,19.8,11.8,27.2,2.7,1.5,12.4,33.7,2.4,1.9,4.3,.201,4.1,2.3,6.4,2.2,2020
Meyers Leonard,PF,27,MIA,41,823,11.8,.667,.525,.106,3.2,23.2,13.7,8.4,0.6,1.7,13.4,11.5,1.1,1.0,2.1,.123,-0.6,0.5,-0.1,0.4,2020
Caris LeVert,SG,25,BRK,15,417,10.8,.486,.288,.242,3.8,10.9,7.5,20.0,1.1,0.4,15.9,28.3,-0.6,0.4,-0.2,-0.026,-3.5,-1.6,-5.1,-0.3,2020
Damian Lillard,PG,29,POR,41,1505,24.6,.604,.495,.392,1.4,9.9,5.7,33.5,1.3,0.8,11.1,29.0,5.6,0.6,6.2,.198,7.7,-2.5,5.2,2.8,2020
Nassir Little,PF,19,POR,32,387,8.6,.466,.381,.340,6.1,15.6,10.9,5.1,1.0,2.0,9.7,13.5,0.0,0.2,0.3,.032,-3.3,-0.6,-3.9,-0.2,2020
Kevon Looney,C,23,GSW,10,105,6.6,.380,.063,.156,14.7,14.7,14.7,5.6,1.4,1.7,14.9,16.3,-0.1,0.1,-0.1,-0.033,-6.4,-1.1,-7.5,-0.1,2020
Brook Lopez,C,31,MIL,41,1076,14.1,.534,.532,.192,2.5,14.5,8.9,7.4,1.3,8.3,8.7,16.4,0.6,2.5,3.1,.139,-1.6,4.8,3.2,1.4,2020
Robin Lopez,C,31,MIL,42,600,11.8,.557,.328,.203,6.9,11.6,9.4,6.3,0.5,4.2,15.0,17.0,0.2,1.0,1.2,.095,-2.6,1.1,-1.6,0.1,2020
Kevin Love,PF,31,CLE,35,1095,17.8,.599,.505,.343,3.2,32.9,18.1,14.3,0.8,1.0,16.0,23.2,1.3,0.8,2.1,.091,0.7,-0.4,0.3,0.6,2020
Kyle Lowry,PG,33,TOR,30,1132,17.5,.579,.593,.398,1.6,10.6,6.2,31.1,1.5,1.1,14.4,23.1,2.4,1.5,4.0,.168,3.4,-0.2,3.2,1.5,2020
Timothé Luwawu-Cabarrot,SG,24,BRK,18,307,5.7,.504,.493,.253,3.1,10.7,7.0,5.4,1.4,0.3,16.1,13.5,-0.2,0.3,0.1,.022,-4.3,-0.3,-4.6,-0.2,2020
Trey Lyles,PF,24,SAS,40,693,11.8,.498,.503,.124,7.8,27.7,17.8,9.1,0.8,1.9,11.4,13.0,0.4,0.6,1.0,.069,-1.7,0.3,-1.4,0.1,2020
Daryl Macon,SG,24,MIA,4,14,-2.9,.500,.667,.000,0.0,0.0,0.0,9.6,0.0,0.0,40.0,15.7,0.0,0.0,0.0,-0.152,-9.3,-5.8,-15.1,0.0,2020
Josh Magette,PG,30,ORL,8,38,5.4,.378,.267,.133,2.7,14.2,8.3,19.9,3.9,2.4,23.9,23.8,-0.2,0.1,-0.1,-0.116,-8.7,2.3,-6.4,0.0,2020
Ian Mahinmi,C,33,WAS,21,462,14.3,.540,.133,.583,11.0,18.2,14.4,8.7,1.8,5.4,17.5,16.3,0.3,0.3,0.6,.064,-1.8,2.0,0.2,0.3,2020
Thon Maker,C,22,DET,40,440,12.0,.598,.316,.705,6.7,13.8,10.2,5.1,1.4,4.1,17.3,14.8,0.3,0.4,0.7,.080,-2.3,0.6,-1.7,0.0,2020
Terance Mann,SG,23,LAC,26,220,7.7,.506,.213,.213,1.9,10.5,6.3,17.0,1.3,1.2,20.2,12.0,0.0,0.2,0.3,.060,-3.7,0.5,-3.2,-0.1,2020
Boban Marjanović,C,31,DAL,21,209,21.3,.579,.071,.283,15.8,31.3,23.7,6.4,0.7,1.2,12.6,26.0,0.4,0.3,0.7,.157,-1.9,-2.7,-4.7,-0.1,2020
Lauri Markkanen,PF,22,CHI,43,1296,14.9,.563,.526,.270,4.2,19.7,11.7,8.3,1.3,1.6,10.9,21.1,1.2,1.6,2.7,.102,-0.3,-0.2,-0.5,0.5,2020
Caleb Martin,SF,24,CHO,5,32,5.0,.369,.300,.500,3.3,14.3,8.5,13.7,1.6,5.7,19.7,20.8,-0.1,0.0,-0.1,-0.113,-9.1,1.0,-8.1,0.0,2020
Cody Martin,SF,24,CHO,31,444,10.2,.490,.388,.408,4.0,15.2,9.4,12.2,2.5,1.0,12.9,13.7,0.1,0.4,0.5,.050,-3.0,0.3,-2.7,-0.1,2020
Kelan Martin,SF,24,MIN,17,295,6.3,.441,.523,.046,1.7,19.2,10.2,4.5,0.5,1.4,5.1,16.4,-0.2,0.2,0.0,-0.003,-5.1,-1.9,-7.0,-0.4,2020
Frank Mason,PG,25,MIL,4,18,6.2,.285,.571,.571,5.8,5.2,5.5,32.6,2.5,0.0,10.2,22.4,0.0,0.0,0.0,-0.023,-4.4,-2.1,-6.5,0.0,2020
Garrison Mathews,SG,23,WAS,15,196,14.7,.726,.840,.640,3.2,9.9,6.4,6.7,0.7,0.4,9.8,15.0,0.6,0.0,0.6,.146,3.5,-4.2,-0.7,0.1,2020
Wesley Matthews,SG,33,MIL,40,968,8.2,.540,.679,.167,1.0,8.6,5.0,7.0,1.2,0.5,8.6,12.3,0.5,1.4,1.9,.092,-1.1,0.2,-0.9,0.3,2020
Patrick McCaw,SF,24,TOR,20,539,8.1,.517,.425,.080,2.0,7.2,4.7,13.4,2.0,0.2,15.8,11.0,0.1,0.7,0.8,.073,-2.1,1.1,-1.1,0.1,2020
CJ McCollum,SG,28,POR,42,1495,17.0,.540,.363,.120,2.0,9.5,5.8,17.4,1.0,1.6,8.0,25.7,1.9,0.6,2.5,.079,1.8,-2.0,-0.2,0.7,2020
T.J. McConnell,PG,27,IND,40,751,16.5,.540,.046,.104,2.9,12.0,7.5,38.8,1.6,0.6,18.8,18.0,1.0,0.8,1.9,.119,-0.8,-0.8,-1.6,0.1,2020
Jalen McDaniels,PF,22,CHO,2,7,11.2,.400,.200,.000,15.0,0.0,7.8,0.0,0.0,0.0,0.0,31.3,0.0,0.0,0.0,-0.103,-6.4,-11.4,-17.9,0.0,2020
Doug McDermott,PF,28,IND,42,869,12.7,.591,.517,.100,2.5,12.0,7.3,7.5,0.3,0.4,7.3,18.7,1.1,0.7,1.8,.098,0.8,-2.4,-1.7,0.1,2020
JaVale McGee,C,32,LAL,41,696,21.4,.650,.015,.245,12.6,24.9,19.0,5.9,1.6,8.6,12.3,15.4,1.7,1.6,3.3,.227,-0.2,5.0,4.8,1.2,2020
Rodney McGruder,SG,28,LAC,30,496,6.9,.486,.587,.135,3.6,13.8,8.8,4.9,1.4,1.2,9.8,10.1,0.1,0.6,0.7,.066,-2.3,1.2,-1.1,0.1,2020
Alfonzo McKinnie,SF,27,CLE,28,359,7.9,.470,.398,.143,6.7,15.0,10.8,3.5,2.0,1.2,13.3,14.3,-0.2,0.2,0.0,.000,-3.7,-0.9,-4.6,-0.2,2020
Jordan McLaughlin,PG,23,MIN,7,112,12.2,.490,.526,.105,1.8,11.4,6.5,24.7,2.1,0.0,11.2,16.5,0.1,0.1,0.2,.075,-1.4,-1.6,-3.0,0.0,2020
Ben McLemore,SG,26,HOU,40,968,11.5,.595,.848,.137,1.6,8.9,5.3,5.5,1.3,0.9,8.7,16.1,1.3,0.7,1.9,.094,0.8,-2.0,-1.2,0.2,2020
Jordan McRae,SG,28,WAS,25,559,16.7,.539,.325,.264,3.0,14.2,8.3,18.8,1.4,2.0,9.9,25.3,0.6,0.1,0.7,.062,0.4,-2.2,-1.8,0.0,2020
Nicolò Melli,C,29,NOP,31,476,11.4,.570,.616,.268,3.5,13.2,8.2,8.8,2.0,0.9,12.0,15.2,0.5,0.3,0.8,.077,-0.6,-0.9,-1.5,0.1,2020
De'Anthony Melton,PG,21,MEM,31,540,17.9,.561,.309,.335,4.8,19.2,12.0,23.9,3.5,1.8,16.9,20.1,0.7,0.7,1.4,.126,0.4,2.0,2.4,0.6,2020
Chimezie Metu,PF,22,SAS,11,41,34.8,.609,.000,.273,20.8,23.0,21.9,13.0,1.2,6.3,3.9,26.8,0.2,0.0,0.2,.288,4.7,0.6,5.3,0.1,2020
Khris Middleton,SF,28,MIL,36,1022,21.2,.607,.361,.232,3.1,16.0,9.9,20.4,1.6,0.5,11.0,26.1,2.6,1.8,4.4,.204,3.0,0.2,3.2,1.3,2020
C.J. Miles,SG,32,WAS,10,161,11.2,.472,.593,.339,2.6,5.7,4.0,9.8,2.9,2.1,5.6,18.4,0.0,0.1,0.1,.030,-0.8,-1.9,-2.7,0.0,2020
Malcolm Miller,SF,26,TOR,21,115,5.3,.442,.750,.300,0.9,11.6,6.4,9.1,1.7,1.6,11.7,9.5,-0.1,0.2,0.1,.048,-4.0,1.3,-2.7,0.0,2020
Patty Mills,PG,31,SAS,40,931,14.9,.596,.625,.184,1.3,5.6,3.5,12.3,1.7,0.5,8.8,19.9,1.5,0.3,1.8,.093,2.7,-3.1,-0.4,0.4,2020
Paul Millsap,PF,34,DEN,32,798,17.2,.586,.266,.340,8.7,17.0,12.8,8.2,1.7,2.5,11.5,19.9,1.5,1.1,2.6,.155,0.4,0.6,1.0,0.6,2020
Shake Milton,SG,23,PHI,12,102,5.2,.492,.524,.310,2.2,13.9,8.1,12.7,0.5,0.8,21.4,25.7,-0.2,0.1,-0.1,-0.059,-5.9,-2.9,-8.8,-0.2,2020
Donovan Mitchell,SG,23,UTA,40,1387,20.4,.560,.316,.238,2.5,10.5,6.7,22.3,1.6,0.6,9.9,31.0,2.5,1.6,4.0,.140,2.7,-0.9,1.8,1.3,2020
Naz Mitrou-Long,SG,26,IND,3,43,10.3,.438,.688,.000,0.0,15.2,7.6,22.3,1.1,2.0,11.1,18.4,0.0,0.1,0.0,.022,-2.5,-0.9,-3.4,0.0,2020
Adam Mokoka,SG,21,CHI,2,6,-20.0,.000,.400,.000,34.5,0.0,17.9,0.0,0.0,0.0,0.0,35.5,-0.1,0.0,-0.1,-0.698,-21.3,-13.7,-35.1,-0.1,2020
Malik Monk,SG,21,CHO,42,806,11.0,.510,.460,.169,2.3,13.0,7.5,16.6,1.1,1.0,13.4,21.1,-0.2,0.3,0.2,.010,-2.2,-2.2,-4.4,-0.5,2020
E'Twaun Moore,SG,30,NOP,30,648,12.7,.510,.388,.117,3.7,12.1,7.7,12.2,1.4,0.7,7.0,21.0,0.4,0.3,0.6,.048,-0.9,-2.2,-3.1,-0.2,2020
Ja Morant,PG,20,MEM,36,1074,18.7,.575,.166,.314,2.3,10.1,6.2,35.1,1.6,0.9,17.6,26.5,1.5,0.5,2.1,.093,1.0,-1.8,-0.8,0.3,2020
Juwan Morgan,PF,22,UTA,7,28,0.9,.400,.600,.000,0.0,14.8,7.7,4.7,0.0,2.9,28.6,11.0,-0.1,0.0,0.0,-0.066,-7.7,0.8,-7.0,0.0,2020
Marcus Morris,SF,30,NYK,34,1081,17.1,.584,.410,.339,3.6,14.8,8.9,7.7,1.3,1.3,9.1,23.7,1.9,0.4,2.4,.105,1.7,-2.2,-0.5,0.4,2020
Markieff Morris,PF,30,DET,34,752,12.7,.574,.485,.189,2.9,16.4,9.7,11.1,1.4,0.9,14.8,21.8,0.2,0.5,0.7,.047,-0.7,-1.5,-2.2,0.0,2020
Monte Morris,PG,24,DEN,41,747,15.8,.522,.245,.147,1.6,7.7,4.6,26.7,1.7,1.1,7.5,18.5,1.3,0.7,2.0,.128,-0.2,-1.8,-2.0,0.0,2020
Johnathan Motley,PF,24,LAC,7,17,21.6,.765,.200,.400,6.2,5.9,6.1,42.4,8.3,0.0,40.5,23.9,0.0,0.0,0.1,.204,1.5,2.9,4.4,0.0,2020
Emmanuel Mudiay,PG,23,UTA,38,661,13.5,.553,.261,.224,2.2,13.5,8.1,22.1,1.2,1.0,17.5,21.6,0.3,0.8,1.1,.077,-1.6,-0.1,-1.7,0.1,2020
Dejounte Murray,PG,23,SAS,36,870,17.4,.544,.154,.199,5.6,20.5,13.1,24.3,3.3,1.0,18.3,20.4,0.6,1.1,1.7,.093,0.0,2.1,2.1,0.9,2020
Jamal Murray,PG,22,DEN,40,1279,17.0,.537,.333,.219,2.8,11.3,7.0,22.1,2.1,0.8,11.5,25.0,1.4,1.5,2.9,.109,1.1,-0.5,0.6,0.8,2020
Džanan Musa,SF,20,BRK,28,359,7.9,.470,.475,.308,3.8,12.4,8.2,11.1,1.3,0.2,16.0,18.8,-0.3,0.4,0.0,.001,-4.6,-1.1,-5.7,-0.3,2020
Mike Muscala,C,28,OKC,28,348,9.7,.484,.743,.159,3.6,18.2,11.1,10.1,0.8,1.4,8.3,16.7,0.0,0.3,0.4,.054,-1.5,-1.0,-2.5,0.0,2020
Sviatoslav Mykhailiuk,SF,22,DET,37,760,10.8,.596,.731,.137,1.5,6.6,4.1,11.6,1.5,0.2,13.0,15.8,0.7,0.2,1.0,.061,0.7,-2.4,-1.7,0.1,2020
Abdel Nader,SF,26,OKC,32,520,10.7,.595,.510,.232,2.2,8.5,5.4,6.7,1.0,1.6,14.4,16.5,0.3,0.4,0.7,.063,-1.3,-1.2,-2.5,-0.1,2020
Larry Nance,C,27,CLE,33,797,15.3,.591,.432,.199,7.3,23.8,15.5,9.3,1.7,1.6,12.2,13.7,1.2,0.6,1.7,.104,0.3,0.9,1.1,0.6,2020
Shabazz Napier,PG,28,MIN,28,619,13.3,.521,.556,.307,1.0,10.9,5.8,30.0,2.1,0.8,18.2,20.8,0.2,0.5,0.7,.056,-0.9,-1.5,-2.3,-0.1,2020
Raul Neto,PG,27,PHI,34,362,12.1,.582,.385,.110,1.5,8.1,4.9,19.2,2.1,0.5,19.1,16.8,0.2,0.4,0.6,.084,-2.0,-1.2,-3.1,-0.1,2020
Georges Niang,PF,26,UTA,35,462,11.7,.618,.692,.082,2.0,13.2,7.8,6.3,0.6,0.7,8.5,15.7,0.6,0.5,1.1,.113,0.6,-1.5,-0.8,0.1,2020
Nerlens Noel,C,25,OKC,35,646,23.1,.707,.006,.465,10.3,20.0,15.3,9.9,2.8,7.1,15.4,15.5,2.0,1.3,3.3,.245,1.5,5.6,7.1,1.5,2020
Zach Norvell,SG,22,LAL,2,5,-5.6,.000,.000,.000,0.0,21.3,11.0,0.0,0.0,0.0,0.0,8.5,0.0,0.0,0.0,-0.151,-14.2,-2.8,-17.0,0.0,2020
Jaylen Nowell,SG,20,MIN,7,81,7.3,.449,.548,.258,2.5,4.0,3.2,10.9,0.0,1.0,8.0,19.1,0.0,0.0,0.0,-0.018,-3.9,-4.4,-8.2,-0.1,2020
Frank Ntilikina,PG,21,NYK,38,839,9.8,.494,.425,.174,1.9,8.6,5.1,20.7,2.4,1.6,17.5,14.3,0.1,0.4,0.5,.029,-2.1,-0.3,-2.4,-0.1,2020
Kendrick Nunn,SG,24,MIA,41,1240,14.2,.549,.413,.107,1.1,8.5,5.0,19.4,1.5,0.6,10.6,23.7,1.0,1.1,2.1,.080,0.2,-2.0,-1.8,0.1,2020
David Nwaba,SF,27,BRK,20,268,14.2,.627,.394,.380,3.1,13.7,8.6,4.4,1.9,3.7,8.8,14.1,0.4,0.4,0.8,.144,-1.7,1.5,-0.1,0.1,2020
Royce O'Neale,PF,26,UTA,41,1210,9.4,.632,.615,.123,0.8,16.7,9.1,11.2,1.3,1.0,13.8,8.6,1.4,1.6,3.0,.117,0.1,2.4,2.5,1.4,2020
Kyle O'Quinn,C,29,PHI,20,211,16.5,.545,.328,.138,12.2,27.4,19.9,19.9,0.9,6.8,22.6,16.3,0.2,0.4,0.6,.131,-1.7,4.6,2.9,0.3,2020
Semi Ojeleye,PF,25,BOS,38,544,6.3,.531,.636,.159,2.8,9.8,6.3,4.4,1.1,0.3,6.9,7.9,0.4,0.5,0.9,.079,-1.8,0.0,-1.8,0.0,2020
Jahlil Okafor,C,24,NOP,24,399,18.3,.633,.015,.419,11.1,18.5,14.7,13.4,0.6,4.1,17.8,20.3,0.8,0.3,1.0,.125,-0.6,0.6,0.0,0.2,2020
Elie Okobo,PG,22,PHO,32,380,14.4,.533,.387,.395,2.2,9.7,5.9,24.4,1.9,0.7,8.5,17.0,0.6,0.3,0.9,.117,-0.3,-1.6,-2.0,0.0,2020
Josh Okogie,SG,21,MIN,39,931,10.7,.526,.418,.485,5.3,14.1,9.6,8.8,2.1,1.7,16.7,15.4,0.1,1.0,1.1,.056,-2.5,1.2,-1.3,0.2,2020
KZ Okpala,SF,20,MIA,3,3,-13.5,,,,0.0,35.4,18.7,0.0,0.0,0.0,100.0,14.6,0.0,0.0,0.0,-0.406,-23.2,-1.3,-24.5,0.0,2020
Kelly Olynyk,C,28,MIA,37,730,12.9,.620,.588,.260,4.7,20.3,13.0,9.4,1.6,1.3,15.9,16.3,0.8,1.0,1.8,.121,-0.1,0.3,0.2,0.4,2020
Miye Oni,SG,22,UTA,3,8,-5.0,,,,0.0,12.9,6.8,0.0,0.0,0.0,100.0,5.5,0.0,0.0,0.0,-0.139,-11.7,0.6,-11.1,0.0,2020
Cedi Osman,SF,24,CLE,42,1228,10.5,.555,.519,.148,1.9,11.2,6.5,10.3,1.3,0.8,12.8,16.4,0.6,0.2,0.8,.032,-0.4,-1.2,-1.6,0.1,2020
Kelly Oubre,SF,24,PHO,40,1361,15.7,.567,.368,.310,3.8,16.9,10.2,7.1,2.0,1.9,8.6,22.0,1.4,1.5,3.0,.104,-0.2,0.1,-0.1,0.7,2020
Jabari Parker,PF,24,ATL,32,837,17.5,.565,.293,.183,6.9,17.7,12.3,11.9,2.3,1.5,12.4,24.1,0.6,0.8,1.4,.079,0.0,-0.5,-0.5,0.3,2020
Chandler Parsons,SF,31,ATL,5,54,5.8,.389,.778,.000,2.0,12.0,7.0,7.6,3.4,1.5,14.3,16.2,-0.1,0.1,-0.1,-0.060,-5.2,-0.2,-5.4,0.0,2020
Eric Paschall,PF,23,GSW,38,1019,14.6,.569,.198,.323,5.2,12.7,8.8,11.0,0.9,0.9,11.3,21.5,1.0,0.4,1.4,.066,-1.2,-2.1,-3.2,-0.3,2020
Anžejs Pasečņiks,C,24,WAS,16,330,12.7,.555,.011,.484,11.0,18.6,14.6,6.7,1.1,1.8,15.4,17.0,0.3,0.1,0.4,.053,-2.3,-1.2,-3.5,-0.1,2020
Patrick Patterson,PF,30,LAC,37,509,11.6,.551,.756,.150,5.2,15.4,10.4,7.1,0.6,0.5,6.1,14.7,0.7,0.5,1.2,.117,0.6,-1.1,-0.5,0.2,2020
Justin Patton,C,22,OKC,5,24,4.9,.450,.400,.000,4.7,17.9,11.5,12.7,0.0,0.0,16.7,22.1,0.0,0.0,0.0,-0.064,-5.8,-3.0,-8.8,0.0,2020
Chris Paul,PG,34,OKC,42,1341,20.4,.596,.365,.308,1.2,15.7,8.6,31.6,2.4,0.3,13.1,21.9,3.4,1.7,5.0,.180,3.5,0.5,3.9,2.0,2020
Elfrid Payton,PG,25,NYK,24,601,14.0,.448,.192,.131,4.3,12.5,8.2,34.5,2.8,1.1,16.3,18.9,0.0,0.4,0.4,.030,-1.3,0.1,-1.3,0.1,2020
Gary Payton,PG,27,WAS,13,286,13.3,.525,.365,.095,5.8,14.3,9.8,15.2,3.7,1.8,17.2,13.4,0.1,0.2,0.4,.062,-0.5,1.7,1.2,0.2,2020
Norvel Pelle,SF,26,PHI,12,129,12.6,.596,.000,.320,9.5,27.1,18.4,5.3,0.4,11.0,26.0,12.9,0.0,0.3,0.3,.109,-5.8,5.7,-0.2,0.1,2020
Theo Pinson,SG,24,BRK,24,318,4.5,.379,.500,.113,3.0,11.2,7.2,21.0,1.6,0.5,17.2,23.6,-0.9,0.3,-0.6,-0.092,-6.3,-1.3,-7.6,-0.4,2020
Mason Plumlee,C,29,DEN,41,722,19.0,.602,.020,.553,11.5,24.2,17.8,20.3,1.6,3.4,20.0,18.5,1.2,1.2,2.4,.161,-0.1,3.2,3.1,0.9,2020
Vincent Poirier,C,26,BOS,11,51,10.4,.430,.000,.222,16.8,16.8,16.8,8.2,1.9,3.6,16.8,19.9,0.0,0.1,0.1,.052,-4.8,1.5,-3.3,0.0,2020
Jakob Pöltl,C,24,SAS,40,704,18.5,.600,.000,.311,11.5,22.5,17.0,14.2,1.4,7.2,16.8,12.3,1.3,0.9,2.3,.156,-0.1,4.7,4.6,1.2,2020
Shamorie Ponds,PG,21,TOR,4,11,33.6,.765,.400,.400,0.0,9.3,4.8,32.8,0.0,8.6,0.0,22.9,0.1,0.0,0.1,.457,9.3,0.1,9.4,0.0,2020
Jordan Poole,SG,20,GSW,36,762,5.1,.400,.552,.224,0.5,9.2,4.8,13.4,1.4,0.8,9.6,20.3,-1.4,0.3,-1.1,-0.071,-5.1,-2.7,-7.8,-1.1,2020
Kevin Porter,SF,19,CLE,34,742,9.7,.521,.360,.217,1.8,14.8,8.3,13.3,1.9,0.7,17.5,19.4,-0.4,0.3,-0.1,-0.005,-2.8,-0.8,-3.5,-0.3,2020
Michael Porter,PF,21,DEN,32,383,19.2,.629,.340,.157,8.0,21.7,14.8,7.9,1.2,3.4,12.4,21.9,0.7,0.6,1.2,.153,0.4,-0.3,0.2,0.2,2020
Otto Porter,SF,26,CHI,9,226,13.7,.544,.476,.238,3.7,11.4,7.4,9.6,1.9,1.2,7.0,18.8,0.2,0.3,0.5,.106,-0.4,-0.6,-1.1,0.1,2020
Bobby Portis,C,24,NYK,42,891,15.2,.524,.334,.163,7.1,21.9,14.2,11.1,1.2,1.0,9.5,20.9,0.8,0.5,1.2,.067,-0.6,-1.3,-1.9,0.0,2020
Kristaps Porziņģis,PF,24,DAL,31,968,16.7,.510,.419,.254,6.0,25.0,15.7,7.0,0.9,5.7,9.0,25.5,0.4,1.5,1.9,.093,-2.2,0.9,-1.3,0.2,2020
Dwight Powell,C,28,DAL,39,1052,16.4,.679,.171,.478,7.6,14.5,11.1,7.7,1.6,1.8,11.3,12.6,2.8,1.1,3.8,.175,1.8,1.4,3.2,1.4,2020
Norman Powell,SG,26,TOR,30,868,16.6,.638,.463,.233,1.8,11.8,6.9,9.4,1.9,1.3,11.3,20.0,1.5,1.3,2.7,.152,1.5,0.5,2.0,0.9,2020
Julius Randle,PF,25,NYK,40,1283,17.2,.532,.273,.339,6.9,23.5,14.8,17.2,1.2,0.7,14.0,27.3,0.6,0.7,1.3,.050,0.3,-0.8,-0.5,0.5,2020
Josh Reaves,SG,22,DAL,2,1,-40.4,.000,.000,.000,0.0,0.0,0.0,0.0,0.0,0.0,0.0,42.7,0.0,0.0,0.0,-1.024,-38.2,-12.1,-50.3,0.0,2020
Cam Reddish,SF,20,ATL,38,988,6.8,.443,.445,.224,2.5,12.8,7.6,9.0,2.0,1.5,15.2,18.3,-1.6,0.6,-1.0,-0.047,-4.9,-0.4,-5.4,-0.8,2020
J.J. Redick,SG,35,NOP,37,1053,15.7,.643,.625,.275,0.8,10.2,5.4,10.2,0.6,0.5,8.3,19.3,2.6,0.2,2.7,.124,2.8,-3.2,-0.3,0.4,2020
Naz Reid,C,20,MIN,11,145,15.1,.505,.552,.161,6.2,15.5,10.7,12.1,1.3,3.4,7.9,28.8,0.0,0.1,0.2,.054,0.0,-1.9,-2.0,0.0,2020
Josh Richardson,SG,26,PHI,35,1128,13.1,.538,.389,.232,2.9,8.8,5.9,15.8,1.5,1.6,12.6,21.8,0.7,1.3,2.0,.084,-0.5,-0.4,-0.8,0.3,2020
Austin Rivers,SG,27,HOU,38,870,9.1,.508,.538,.201,2.1,8.2,5.2,9.7,1.2,0.6,7.7,14.7,0.6,0.5,1.1,.060,-1.8,-1.6,-3.3,-0.3,2020
Duncan Robinson,SF,25,MIA,41,1140,12.5,.660,.864,.082,0.7,11.7,6.5,5.8,0.9,0.9,6.6,15.1,2.0,1.0,3.0,.127,2.6,-1.5,1.0,0.9,2020
Glenn Robinson,SF,26,GSW,42,1336,12.2,.551,.319,.136,4.6,11.8,8.1,8.2,1.4,0.7,8.6,16.3,1.0,0.6,1.6,.059,-1.1,-1.0,-2.1,0.0,2020
Jerome Robinson,SG,22,LAC,34,392,5.5,.439,.479,.143,1.3,12.3,7.0,12.0,1.2,1.6,15.4,15.7,-0.4,0.5,0.0,.004,-4.5,0.4,-4.1,-0.2,2020
Justin Robinson,PG,22,WAS,9,49,8.4,.542,.417,.000,2.1,9.3,5.5,18.4,0.0,1.8,20.0,12.6,0.0,0.0,0.0,.000,-3.3,-3.5,-6.8,-0.1,2020
Mitchell Robinson,C,21,NYK,38,857,23.0,.710,.000,.435,12.6,18.2,15.3,3.4,1.9,7.3,9.2,14.4,2.8,1.0,3.8,.212,1.7,2.8,4.5,1.4,2020
Rajon Rondo,PG,33,LAL,27,582,13.4,.493,.360,.127,2.7,16.3,9.7,33.4,2.1,0.3,21.5,19.3,0.1,0.9,1.0,.083,-1.6,0.5,-1.1,0.1,2020
Derrick Rose,PG,31,DET,36,929,21.8,.564,.200,.185,2.4,7.8,5.1,41.8,1.5,1.2,14.3,31.4,1.7,0.4,2.1,.107,3.0,-2.7,0.4,0.6,2020
Terrence Ross,SG,28,ORL,40,1023,13.7,.543,.575,.221,0.9,11.4,6.0,6.0,2.1,1.1,7.5,22.4,0.5,1.3,1.8,.083,-0.2,-1.1,-1.3,0.2,2020
Terry Rozier,PG,25,CHO,44,1504,15.4,.550,.449,.203,2.5,11.6,6.8,21.9,1.7,0.4,12.6,24.3,1.4,0.7,2.1,.067,1.4,-1.9,-0.4,0.6,2020
Ricky Rubio,PG,29,PHO,34,1098,16.4,.514,.301,.266,2.5,14.0,8.1,41.3,2.0,0.6,16.4,20.7,1.5,1.0,2.5,.109,0.5,-0.4,0.2,0.6,2020
D'Angelo Russell,SG,23,GSW,25,796,18.8,.552,.489,.244,1.0,10.9,5.8,36.5,1.3,0.9,13.0,32.0,0.7,0.3,1.0,.060,4.2,-3.1,1.1,0.6,2020
Domantas Sabonis,C,23,IND,39,1331,20.7,.578,.076,.331,10.8,30.6,20.7,19.0,1.2,1.5,14.6,23.2,2.5,2.2,4.7,.170,1.3,2.6,3.9,2.0,2020
JaKarr Sampson,SF,26,IND,13,198,12.0,.621,.208,.167,4.5,14.3,9.4,2.8,1.5,3.1,10.4,12.7,0.2,0.3,0.4,.107,-1.9,1.0,-0.9,0.1,2020
Dario Šarić,PF,25,PHO,41,1029,12.4,.546,.490,.166,6.3,21.1,13.5,10.6,1.2,0.9,12.6,17.3,0.7,1.0,1.6,.076,-0.9,0.0,-0.9,0.3,2020
Tomáš Satoranský,PG,28,CHI,43,1234,14.6,.563,.376,.245,3.7,10.2,6.8,27.6,2.3,0.5,17.9,16.4,1.6,1.4,3.0,.117,0.1,0.1,0.2,0.7,2020
Admiral Schofield,SF,22,WAS,24,288,7.0,.523,.622,.162,2.2,10.7,6.2,6.3,1.1,0.9,8.1,12.4,0.1,0.0,0.1,.018,-1.8,-2.5,-4.3,-0.2,2020
Dennis Schröder,PG,26,OKC,41,1267,15.3,.562,.359,.204,1.2,12.2,6.8,20.4,1.0,0.7,14.8,27.3,0.5,1.0,1.5,.056,0.1,-1.7,-1.6,0.1,2020
Mike Scott,PF,31,PHI,43,783,9.3,.525,.656,.094,4.6,14.9,9.8,4.5,0.8,0.3,5.7,13.6,0.6,0.8,1.4,.084,-1.4,-1.5,-2.8,-0.2,2020
Thabo Sefolosha,PF,35,HOU,25,249,8.6,.476,.627,.020,5.4,16.9,11.2,8.3,1.9,1.4,12.0,9.6,0.1,0.3,0.4,.074,-2.8,0.8,-2.0,0.0,2020
Collin Sexton,SG,21,CLE,42,1327,15.2,.531,.210,.233,3.4,7.6,5.5,12.6,1.5,0.3,10.3,27.0,0.8,0.1,0.9,.032,-0.6,-3.0,-3.6,-0.5,2020
Landry Shamet,SG,22,LAC,25,665,7.8,.571,.758,.140,0.5,7.6,4.1,8.1,0.7,0.7,10.0,13.0,0.6,0.6,1.1,.082,0.0,-0.6,-0.6,0.2,2020
Iman Shumpert,SG,29,BRK,13,241,5.4,.403,.516,.109,3.9,10.3,7.2,6.8,2.3,0.7,13.0,13.3,-0.3,0.3,0.0,-0.001,-4.9,0.9,-4.0,-0.1,2020
Pascal Siakam,PF,25,TOR,30,1074,18.9,.553,.306,.232,3.8,18.1,11.1,17.5,1.3,2.4,10.5,29.2,1.1,1.8,2.9,.129,0.8,1.1,1.8,1.0,2020
Chris Silva,PF,23,MIA,30,249,18.4,.712,.036,.745,21.9,19.6,20.7,9.1,1.2,6.3,28.4,18.0,0.6,0.4,1.0,.189,0.4,2.7,3.1,0.3,2020
Ben Simmons,PG,23,PHI,41,1468,19.6,.583,.011,.394,6.0,17.5,11.9,34.7,2.8,1.5,20.6,20.1,2.5,2.6,5.1,.166,1.2,3.3,4.4,2.4,2020
Anfernee Simons,SG,20,POR,43,964,9.4,.505,.410,.161,1.7,10.1,6.0,9.4,0.8,0.5,9.9,19.1,0.0,0.3,0.2,.012,-2.0,-2.5,-4.5,-0.6,2020
Alen Smailagić,PF,19,GSW,9,92,17.2,.629,.310,.345,7.8,17.9,12.7,14.3,0.5,2.9,13.0,17.7,0.2,0.1,0.2,.129,-0.3,-1.0,-1.3,0.0,2020
Marcus Smart,SG,25,BOS,31,973,13.5,.509,.578,.214,2.8,8.2,5.5,20.2,2.4,1.3,10.1,17.4,1.1,1.3,2.4,.120,1.2,0.5,1.7,0.9,2020
Dennis Smith,PG,22,NYK,21,339,6.3,.392,.325,.238,3.8,10.0,6.7,24.5,1.4,2.0,17.7,21.0,-0.7,0.1,-0.6,-0.084,-5.0,-1.5,-6.5,-0.4,2020
Ish Smith,PG,31,WAS,41,1076,14.0,.517,.263,.126,1.8,10.9,6.1,25.1,1.5,1.2,11.2,19.1,0.9,0.1,1.0,.044,-0.4,-2.1,-2.5,-0.1,2020
Tony Snell,SF,28,DET,38,1001,9.4,.617,.690,.054,0.7,6.8,3.8,7.8,0.8,0.5,6.5,11.3,1.3,0.2,1.5,.071,0.6,-1.7,-1.1,0.2,2020
Omari Spellman,PF,22,GSW,40,708,16.5,.570,.351,.305,10.3,18.7,14.4,8.9,1.9,2.7,14.5,19.0,0.7,0.7,1.4,.093,-1.0,0.1,-0.8,0.2,2020
Max Strus,SG,23,CHI,2,6,31.0,.727,.333,.333,17.2,0.0,9.0,0.0,0.0,0.0,0.0,24.5,0.0,0.0,0.0,.327,7.3,-9.3,-2.0,0.0,2020
Edmond Sumner,PG,24,IND,15,227,11.6,.508,.319,.159,3.4,8.1,5.8,15.6,2.4,1.5,10.9,16.0,0.1,0.3,0.4,.086,-1.3,0.4,-0.9,0.1,2020
Caleb Swanigan,PF,22,SAC,7,23,0.0,.512,.000,.500,9.6,25.1,17.2,11.8,2.1,8.1,55.1,20.6,-0.1,0.0,-0.1,-0.176,-12.7,5.8,-7.0,0.0,2020
Jayson Tatum,PF,21,BOS,39,1331,18.0,.534,.359,.218,3.1,18.4,10.8,13.4,1.9,2.3,9.9,27.5,1.1,2.1,3.2,.116,0.2,0.7,0.9,1.0,2020
Jeff Teague,PG,31,MIN,34,945,16.5,.578,.269,.444,1.6,8.2,4.8,33.4,1.2,1.1,16.4,20.3,1.9,0.5,2.4,.122,0.3,-2.3,-2.0,0.0,2020
Garrett Temple,SG,33,BRK,36,1052,9.7,.498,.657,.152,2.1,9.6,6.0,12.8,1.4,1.3,11.0,16.9,0.0,1.0,1.1,.049,-1.4,0.0,-1.4,0.2,2020
Daniel Theis,C,27,BOS,36,787,16.4,.574,.219,.242,9.7,20.2,15.0,9.5,1.4,5.9,10.5,14.4,1.4,1.5,2.9,.177,0.0,4.0,4.0,1.2,2020
Isaiah Thomas,PG,30,WAS,32,752,11.6,.527,.423,.187,1.0,5.9,3.3,24.4,0.7,0.6,15.1,24.0,0.1,-0.2,-0.1,-0.007,-0.9,-5.2,-6.1,-0.8,2020
Khyri Thomas,SG,23,DET,2,6,3.9,.568,,,0.0,0.0,0.0,0.0,0.0,0.0,0.0,6.4,0.0,0.0,0.0,.024,-4.5,-3.1,-7.5,0.0,2020
Matt Thomas,SG,25,TOR,16,185,12.4,.660,.746,.119,1.7,10.5,6.2,5.6,1.0,0.0,10.1,16.0,0.3,0.2,0.5,.124,0.7,-2.0,-1.2,0.0,2020
Tristan Thompson,C,28,CLE,40,1263,17.1,.534,.019,.294,14.4,21.8,18.1,10.3,1.1,2.6,14.1,18.5,1.4,0.7,2.2,.083,-0.5,1.1,0.6,0.8,2020
Matisse Thybulle,SG,22,PHI,35,658,10.3,.542,.604,.216,2.9,5.8,4.4,8.5,3.7,3.9,16.9,12.0,0.1,1.3,1.3,.097,-1.5,3.5,2.0,0.7,2020
Anthony Tolliver,PF,34,POR,33,554,7.7,.515,.761,.162,5.0,15.1,10.1,6.8,0.7,1.4,14.3,11.2,0.2,0.3,0.4,.038,-1.5,-0.6,-2.1,0.0,2020
Karl-Anthony Towns,C,24,MIN,24,807,27.9,.650,.483,.349,8.2,27.5,17.6,23.2,1.4,2.9,13.3,28.9,2.9,1.1,4.0,.237,7.3,1.7,9.0,2.2,2020
Gary Trent,SG,21,POR,30,403,8.6,.498,.639,.066,2.1,7.8,4.9,6.3,1.7,1.0,7.4,14.3,0.1,0.2,0.3,.030,-1.4,-1.5,-2.9,-0.1,2020
Allonzo Trier,PG,24,NYK,19,233,13.3,.605,.549,.476,0.9,10.3,5.4,15.9,0.4,1.6,16.8,21.5,0.3,0.0,0.3,.056,-0.4,-3.6,-4.1,-0.1,2020
P.J. Tucker,PF,34,HOU,40,1397,9.2,.604,.657,.131,4.6,16.6,10.6,5.3,1.5,1.0,15.1,8.9,1.3,1.4,2.7,.091,-0.6,1.3,0.6,0.9,2020
Rayjon Tucker,SG,22,UTA,8,57,5.2,.451,.500,.500,2.0,12.7,7.6,4.6,0.9,0.0,7.6,10.1,0.0,0.1,0.0,.036,-3.9,-0.5,-4.4,0.0,2020
Evan Turner,PG,31,ATL,18,230,7.4,.434,.079,.222,3.2,13.7,8.4,21.9,1.6,2.9,26.6,17.0,-0.4,0.2,-0.3,-0.057,-7.3,0.3,-7.0,-0.3,2020
Myles Turner,C,23,IND,34,1000,15.3,.568,.452,.313,4.9,17.6,11.3,6.0,0.9,6.1,10.0,18.4,1.0,1.6,2.5,.122,-0.4,2.4,2.0,1.0,2020
Jonas Valančiūnas,C,27,MEM,39,994,22.3,.645,.145,.225,11.6,30.2,20.9,12.5,0.6,3.6,14.8,22.4,2.3,1.0,3.3,.161,1.4,0.9,2.3,1.1,2020
Denzel Valentine,SF,26,CHI,23,271,15.1,.556,.607,.041,1.1,16.1,8.3,13.4,2.5,1.7,8.8,21.4,0.2,0.4,0.6,.104,-0.1,-0.3,-0.4,0.1,2020
Jarred Vanderbilt,SF,20,DEN,4,13,1.1,1.000,.000,.000,0.0,17.1,8.5,9.9,0.0,0.0,66.7,10.0,0.0,0.0,0.0,-0.080,-7.9,-1.2,-9.1,0.0,2020
Fred VanVleet,PG,25,TOR,31,1125,16.3,.534,.463,.282,0.9,10.1,5.6,29.2,2.5,1.0,12.9,22.8,1.4,1.8,3.2,.135,1.4,0.6,2.0,1.1,2020
Noah Vonleh,C,24,MIN,28,347,15.7,.605,.163,.326,9.8,25.2,17.3,11.1,1.5,1.4,16.2,14.0,0.6,0.4,1.0,.137,-1.7,1.1,-0.6,0.1,2020
Nikola Vučević,C,29,ORL,31,976,22.5,.533,.281,.185,8.7,28.8,18.5,18.9,1.4,2.7,6.6,26.1,1.8,1.7,3.5,.170,2.3,2.3,4.6,1.6,2020
Dean Wade,PF,23,CLE,7,47,16.3,.766,.300,.100,4.7,30.3,17.5,3.2,2.1,5.4,22.3,12.2,0.0,0.1,0.1,.111,-2.7,1.9,-0.9,0.0,2020
Moritz Wagner,C,22,WAS,21,429,18.6,.682,.350,.269,8.2,24.7,16.0,9.9,1.6,2.6,19.4,21.3,0.8,0.3,1.0,.115,1.2,-0.6,0.6,0.3,2020
Kemba Walker,PG,29,BOS,36,1148,22.0,.589,.530,.255,2.6,10.8,6.7,25.2,1.3,1.7,10.7,28.1,3.1,1.4,4.5,.187,5.4,-1.1,4.4,1.9,2020
Lonnie Walker,SG,21,SAS,32,381,11.9,.519,.272,.185,3.4,14.9,9.1,7.6,1.5,0.9,10.7,22.1,-0.1,0.2,0.1,.018,-3.0,-2.5,-5.5,-0.3,2020
Tyrone Wallace,SG,25,ATL,14,160,4.0,.389,.341,.386,2.0,12.9,7.4,11.1,2.0,0.5,16.3,16.0,-0.3,0.1,-0.2,-0.069,-6.9,-1.2,-8.1,-0.2,2020
Taurean Waller-Prince,SF,25,BRK,40,1214,9.6,.501,.581,.094,2.9,19.0,11.1,10.0,1.4,1.2,14.5,19.6,-0.9,1.6,0.7,.027,-2.8,0.6,-2.2,-0.1,2020
Derrick Walton,PG,24,LAC,22,215,8.5,.627,.583,.194,1.0,6.1,3.6,12.4,0.9,0.0,9.3,8.2,0.3,0.2,0.5,.115,-0.7,-1.1,-1.8,0.0,2020
Brad Wanamaker,PG,30,BOS,39,734,12.3,.557,.272,.408,1.9,9.9,5.9,20.1,1.6,1.2,16.6,15.7,0.8,0.9,1.7,.114,-1.4,-0.1,-1.5,0.1,2020
T.J. Warren,SF,26,IND,42,1360,16.4,.584,.228,.216,3.2,9.8,6.5,6.7,1.5,1.2,7.5,22.6,2.0,1.5,3.4,.121,0.7,-0.9,-0.2,0.6,2020
PJ Washington,PF,21,CHO,39,1186,13.5,.576,.350,.260,2.8,17.5,9.9,10.7,1.5,2.7,12.9,17.8,0.8,0.9,1.8,.072,-1.3,0.6,-0.7,0.4,2020
Yuta Watanabe,SG,25,MEM,4,18,11.8,.583,.333,.000,6.0,23.5,14.8,0.0,0.0,4.8,14.3,16.2,0.0,0.0,0.0,.033,-6.2,-4.2,-10.3,0.0,2020
Tremont Waters,PG,22,BOS,5,39,14.0,.506,.550,.200,0.0,8.2,4.1,19.9,3.7,4.7,18.7,29.3,-0.1,0.1,0.0,.021,-2.9,0.7,-2.2,0.0,2020
Paul Watson,SG,25,ATL,2,17,-7.0,.000,.429,.000,0.0,12.7,6.3,21.5,2.7,0.0,0.0,17.1,-0.1,0.0,-0.1,-0.320,-13.4,-1.9,-15.3,-0.1,2020
Russell Westbrook,PG,31,HOU,34,1203,18.8,.510,.227,.305,4.4,18.2,11.3,34.2,2.0,0.9,15.1,33.1,0.7,1.4,2.1,.085,-0.1,0.7,0.5,0.8,2020
Coby White,SG,19,CHI,43,1039,10.4,.481,.473,.135,1.7,14.5,7.9,14.9,1.5,0.3,11.3,23.5,-0.9,1.0,0.2,.008,-2.7,-1.4,-4.1,-0.6,2020
Derrick White,SG,25,SAS,38,888,14.5,.577,.336,.328,2.2,11.1,6.7,17.6,1.1,2.7,12.3,17.3,1.3,0.5,1.8,.098,0.3,-0.5,-0.3,0.4,2020
Hassan Whiteside,C,30,POR,39,1174,25.3,.630,.009,.345,14.0,33.6,23.9,6.4,0.6,8.2,13.5,20.3,3.2,2.0,5.1,.210,-0.1,3.2,3.1,1.5,2020
Andrew Wiggins,SF,24,MIN,33,1143,16.7,.527,.328,.253,3.7,11.3,7.4,17.0,0.9,2.3,9.9,28.5,0.7,0.8,1.5,.061,0.2,-1.3,-1.1,0.2,2020
Grant Williams,PF,21,BOS,38,573,6.6,.468,.444,.342,5.8,11.0,8.4,9.0,1.2,2.7,18.7,12.3,-0.2,0.7,0.6,.047,-3.2,1.5,-1.7,0.0,2020
Johnathan Williams,C,24,WAS,6,123,16.0,.682,.045,.227,10.9,23.1,16.7,6.4,0.4,3.5,7.6,8.8,0.3,0.0,0.3,.136,-0.1,0.1,-0.1,0.1,2020
Kenrich Williams,PF,25,NOP,35,779,7.9,.430,.671,.168,6.5,18.0,12.1,8.5,1.5,2.3,12.0,9.3,0.1,0.6,0.7,.042,-2.4,1.6,-0.8,0.2,2020
Lou Williams,SG,33,LAC,39,1168,18.3,.560,.330,.365,1.5,8.5,5.1,31.8,1.0,0.4,15.0,28.4,2.0,1.0,3.1,.126,1.8,-2.0,-0.2,0.5,2020
Marvin Williams,PF,33,CHO,36,705,12.3,.604,.573,.238,1.9,13.3,7.4,7.3,1.8,2.1,9.7,14.1,0.9,0.5,1.3,.090,-0.7,-0.3,-1.0,0.2,2020
Robert Williams,C,22,BOS,19,269,18.4,.671,.000,.286,9.2,25.4,17.3,10.7,3.1,7.1,22.5,11.3,0.4,0.7,1.1,.196,-1.1,7.0,6.0,0.5,2020
Nigel Williams-Goss,PG,25,UTA,9,28,5.8,.254,.286,.286,8.1,11.1,9.7,22.5,1.7,2.9,20.2,15.5,-0.1,0.0,0.0,-0.039,-6.5,1.9,-4.6,0.0,2020
D.J. Wilson,PF,23,MIL,24,228,8.5,.500,.584,.091,2.7,18.3,11.0,9.7,0.0,1.5,12.1,16.5,0.0,0.3,0.3,.063,-3.5,-0.7,-4.2,-0.1,2020
Justise Winslow,SF,23,MIA,11,352,8.9,.440,.209,.209,5.4,17.2,11.6,18.6,1.0,1.4,14.6,20.6,-0.3,0.4,0.1,.008,-4.1,0.4,-3.7,-0.1,2020
Christian Wood,PF,24,DET,38,639,22.1,.654,.267,.516,8.8,26.3,17.6,6.8,1.0,4.0,12.4,21.4,1.6,0.7,2.3,.176,0.6,-0.2,0.3,0.4,2020
Delon Wright,SG,27,DAL,40,819,18.1,.570,.291,.248,5.1,13.5,9.4,21.4,3.0,1.7,11.5,15.0,1.9,1.1,3.0,.177,1.6,2.0,3.6,1.1,2020
Thaddeus Young,PF,31,CHI,42,943,12.2,.486,.366,.127,6.9,15.2,10.9,12.3,2.5,1.1,13.5,20.4,-0.5,1.3,0.8,.042,-2.3,0.9,-1.5,0.1,2020
Trae Young,PG,21,ATL,38,1337,23.8,.593,.450,.390,1.8,12.1,6.9,43.6,1.6,0.3,16.2,34.8,3.0,0.6,3.6,.128,7.3,-2.4,4.9,2.3,2020
Cody Zeller,C,27,CHO,41,945,19.0,.591,.181,.373,12.8,20.8,16.6,9.3,1.3,1.6,12.3,21.1,1.9,0.7,2.6,.130,0.5,-0.8,-0.4,0.4,2020
Ante Žižić,C,23,CLE,16,159,19.0,.621,.000,.306,9.6,28.3,18.9,2.9,1.8,2.1,8.3,16.3,0.4,0.1,0.5,.156,-2.2,-1.3,-3.5,-0.1,2020
Ivica Zubac,C,22,LAC,42,737,21.5,.646,.009,.402,15.0,25.3,20.3,7.6,0.4,5.0,12.1,17.1,2.3,1.3,3.5,.231,0.8,2.4,3.1,1.0,2020
