Player,Pos,Age,Tm,G,GS,MP,FG,FGA,FG%,3P,3PA,3P%,2P,2PA,2P%,FT,FTA,FT%,ORB,DRB,TRB,AST,STL,BLK,TOV,PF,PTS,ORtg,DRtg,Year
Steven Adams,C,26,OKC,38,38,1052,8.7,14.0,.617,0.0,0.0,.000,8.7,14.0,.619,3.4,5.9,.570,6.3,11.3,17.6,4.7,1.3,2.0,2.6,3.2,20.7,126,106,2020
Bam Adebayo,C,22,MIA,41,41,1407,8.6,14.7,.587,0.0,0.3,.111,8.6,14.4,.598,5.3,7.8,.681,3.6,11.1,14.7,6.6,1.7,1.7,3.9,3.6,22.7,119,104,2020
LaMarcus Aldridge,C,34,SAS,38,38,1250,10.9,21.4,.507,1.7,3.9,.437,9.2,17.5,.523,4.2,4.9,.845,2.9,8.0,10.9,3.5,0.8,2.5,2.0,3.5,27.6,118,111,2020
Nickeil Alexander-Walker,SG,21,NOP,33,0,453,7.4,21.4,.346,3.9,11.2,.349,3.5,10.2,.343,1.5,2.5,.625,0.7,6.6,7.3,6.7,1.0,0.5,3.3,4.1,20.3,93,114,2020
Grayson Allen,SG,24,MEM,27,0,461,7.5,16.5,.454,3.3,8.7,.384,4.1,7.8,.532,2.8,3.3,.848,0.5,5.7,6.2,3.9,0.6,0.1,2.2,3.5,21.1,111,116,2020
Jarrett Allen,C,21,BRK,40,36,1064,8.0,12.1,.657,0.0,0.1,.000,8.0,12.0,.664,4.5,7.1,.634,5.6,11.6,17.2,2.2,1.2,2.3,2.0,4.4,20.4,131,104,2020
Kadeem Allen,SG,27,NYK,9,0,96,8.6,21.1,.405,2.5,8.0,.313,6.0,13.1,.462,2.5,4.0,.625,1.0,3.0,4.0,9.6,2.0,1.0,4.0,3.5,22.1,100,115,2020
Al-Farouq Aminu,PF,29,ORL,18,2,380,3.2,11.1,.291,1.2,4.6,.250,2.1,6.4,.320,2.4,3.7,.655,3.1,8.1,11.2,2.7,2.3,1.0,2.2,3.5,10.0,88,105,2020
Justin Anderson,SF,26,BRK,3,0,17,2.8,16.6,.167,0.0,8.3,.000,2.8,8.3,.333,2.8,5.5,.500,0.0,5.5,5.5,0.0,0.0,2.8,0.0,5.5,8.3,50,110,2020
Kyle Anderson,PF,26,MEM,36,3,603,5.3,11.7,.454,0.5,2.5,.212,4.8,9.2,.521,2.0,3.2,.634,2.6,7.9,10.5,5.9,1.9,1.2,2.2,3.9,13.2,109,111,2020
Ryan Anderson,PF,31,HOU,2,0,14,6.6,23.2,.286,3.3,16.6,.200,3.3,6.6,.500,0.0,0.0,,0.0,23.2,23.2,6.6,3.3,0.0,3.3,3.3,16.6,79,97,2020
Giannis Antetokounmpo,PF,25,MIL,40,40,1230,16.4,29.7,.552,2.5,7.6,.324,13.9,22.1,.631,9.5,15.5,.615,3.5,15.7,19.2,8.2,1.7,1.6,5.0,4.7,44.8,118,97,2020
Kostas Antetokounmpo,PF,22,LAL,3,0,5,0.0,0.0,,0.0,0.0,,0.0,0.0,,0.0,0.0,,0.0,9.6,9.6,9.6,0.0,0.0,0.0,0.0,0.0,226,109,2020
Thanasis Antetokounmpo,SF,27,MIL,13,0,55,9.2,16.7,.550,0.0,1.7,.000,9.2,15.0,.611,3.3,6.7,.500,5.0,0.8,5.8,5.0,0.8,0.8,4.2,5.8,21.7,107,108,2020
Carmelo Anthony,PF,35,POR,28,28,892,9.3,21.0,.443,2.3,5.9,.391,7.0,15.2,.463,3.7,4.5,.833,1.7,7.7,9.3,2.0,1.4,0.8,2.6,4.5,24.7,104,112,2020
OG Anunoby,SF,22,TOR,40,39,1203,7.3,14.4,.504,2.3,6.1,.379,5.0,8.4,.595,1.3,2.0,.647,1.6,7.6,9.2,2.7,1.9,1.1,2.1,4.0,18.2,111,104,2020
Ryan Arcidiacono,PG,25,CHI,39,0,586,4.2,10.9,.383,2.6,6.6,.400,1.6,4.4,.358,1.5,2.0,.750,1.1,4.4,5.6,4.8,1.3,0.2,1.8,5.3,12.5,109,111,2020
Trevor Ariza,SF,34,SAC,32,0,791,4.0,10.2,.388,2.7,7.6,.352,1.3,2.7,.488,1.3,1.7,.778,1.3,7.7,9.1,3.1,2.2,0.4,1.7,3.9,11.9,108,110,2020
D.J. Augustin,PG,32,ORL,39,6,1013,6.2,15.7,.393,2.3,6.6,.346,3.9,9.2,.426,5.5,6.3,.877,0.7,3.9,4.6,8.9,1.3,0.0,2.6,2.1,20.1,114,111,2020
Deandre Ayton,C,21,PHO,11,6,340,11.9,21.3,.558,0.0,0.1,.000,11.9,21.1,.562,1.8,2.3,.765,5.7,12.6,18.2,2.8,0.7,2.5,2.6,4.6,25.6,112,107,2020
Dwayne Bacon,SG,24,CHO,34,10,621,6.7,18.5,.364,1.5,5.2,.292,5.2,13.3,.392,2.6,4.1,.647,1.0,5.8,6.8,3.6,1.7,0.2,2.5,3.8,17.6,89,114,2020
Marvin Bagley,PF,20,SAC,11,4,265,11.7,25.0,.467,0.6,3.1,.176,11.1,21.8,.508,4.4,5.6,.800,3.9,10.0,13.9,1.3,0.7,1.9,3.0,6.5,28.3,101,110,2020
Lonzo Ball,PG,22,NOP,34,25,1037,7.0,17.8,.392,3.4,9.7,.352,3.6,8.1,.441,1.0,1.9,.512,1.8,6.7,8.5,9.4,1.8,0.5,4.1,2.9,18.4,101,113,2020
Mo Bamba,C,21,ORL,38,0,585,6.9,15.8,.439,1.8,6.0,.306,5.1,9.8,.521,1.3,2.0,.625,4.8,12.2,16.9,2.0,1.3,4.1,2.8,6.1,16.9,100,101,2020
J.J. Barea,PG,35,DAL,12,3,187,11.2,24.5,.457,4.9,10.4,.475,6.2,14.1,.444,1.3,1.3,1.000,1.3,4.4,5.7,10.2,0.8,0.3,3.9,1.6,28.6,116,114,2020
Harrison Barnes,PF,27,SAC,41,41,1441,7.3,16.3,.452,1.9,5.4,.354,5.4,10.9,.500,4.9,6.1,.794,1.3,5.5,6.8,3.1,0.9,0.2,1.8,1.7,21.5,114,114,2020
RJ Barrett,SG,19,NYK,41,41,1281,7.9,20.1,.393,1.8,5.4,.329,6.1,14.7,.417,4.2,6.9,.603,1.7,6.4,8.1,3.8,1.6,0.6,3.4,3.5,21.8,93,114,2020
Will Barton,SF,29,DEN,38,38,1269,8.5,18.9,.451,2.5,6.8,.371,6.0,12.1,.495,2.7,3.5,.758,2.3,7.8,10.1,5.4,1.6,0.8,2.1,3.1,22.3,113,107,2020
Keita Bates-Diop,SF,24,MIN,29,0,525,6.2,14.7,.418,2.5,6.9,.364,3.7,7.8,.466,3.6,5.0,.714,1.5,6.3,7.8,1.5,1.2,1.2,1.0,2.6,18.4,112,111,2020
Nicolas Batum,SF,31,CHO,20,2,454,2.8,7.8,.366,1.4,4.9,.289,1.4,2.8,.500,0.7,0.7,1.000,2.2,7.4,9.6,6.5,1.7,0.9,2.3,4.0,7.8,106,112,2020
Aron Baynes,C,33,PHO,32,25,744,9.2,18.4,.497,2.6,7.7,.336,6.6,10.7,.612,2.8,3.9,.721,3.4,8.5,11.9,3.9,0.4,1.2,2.4,7.3,23.7,115,111,2020
Kent Bazemore,SF,30,POR,43,21,1111,4.8,13.9,.347,2.4,7.3,.327,2.4,6.6,.368,2.5,3.1,.806,0.6,6.8,7.4,2.6,1.9,1.3,2.6,5.2,14.5,91,111,2020
Darius Bazley,PF,19,OKC,42,6,706,4.4,12.2,.362,1.9,5.9,.314,2.6,6.3,.407,1.2,1.9,.643,1.0,9.3,10.3,1.5,1.0,1.9,2.6,2.8,12.0,84,107,2020
Bradley Beal,SG,26,WAS,34,34,1207,12.2,27.9,.437,3.2,10.3,.313,8.9,17.6,.510,8.0,9.6,.835,1.4,4.6,6.0,8.3,1.3,0.4,4.3,3.0,35.6,110,118,2020
Malik Beasley,SG,23,DEN,31,0,518,8.0,19.6,.408,4.2,10.6,.396,3.8,9.1,.421,1.4,1.6,.882,0.6,4.4,5.0,2.9,1.6,0.5,2.4,3.4,21.6,101,110,2020
Marco Belinelli,SG,33,SAS,36,0,536,6.0,17.0,.356,2.9,8.8,.333,3.1,8.2,.380,2.0,2.7,.733,0.2,4.9,5.1,4.0,0.7,0.0,1.2,2.4,17.0,99,117,2020
Jordan Bell,C,25,MIN,24,0,219,6.2,12.0,.518,0.4,1.7,.250,5.8,10.3,.563,3.6,6.2,.586,5.8,9.8,15.6,3.0,0.4,1.9,3.8,3.0,16.5,106,110,2020
DeAndre' Bembry,SG,25,ATL,41,4,878,5.4,11.8,.459,0.8,3.3,.238,4.6,8.4,.547,1.2,2.3,.523,1.7,6.0,7.8,4.2,2.7,1.0,3.0,4.2,12.8,95,111,2020
Dragan Bender,SF,22,MIL,4,0,50,5.5,10.1,.545,1.8,4.6,.400,3.7,5.5,.667,0.9,0.9,1.000,0.0,8.3,8.3,4.6,0.0,2.8,0.9,9.2,13.8,132,103,2020
Dāvis Bertāns,PF,27,WAS,32,4,939,7.9,18.2,.433,5.9,13.8,.428,2.0,4.4,.449,2.5,2.8,.877,1.2,6.5,7.7,2.7,1.0,1.0,1.4,4.1,24.1,121,117,2020
Patrick Beverley,PG,31,LAC,34,34,975,5.0,11.9,.421,2.4,7.0,.342,2.6,4.9,.535,1.1,1.7,.611,2.2,7.7,9.9,6.4,2.1,1.1,2.1,5.2,13.5,114,105,2020
Khem Birch,C,27,ORL,28,17,603,3.2,6.6,.488,0.0,0.1,.000,3.2,6.6,.494,2.3,4.0,.560,4.0,7.0,11.1,2.4,1.1,1.5,1.6,4.8,8.7,112,107,2020
Goga Bitadze,C,20,IND,33,2,311,6.3,13.2,.476,0.6,3.5,.182,5.7,9.7,.581,3.0,4.2,.704,3.1,8.8,11.9,2.7,0.3,3.9,2.7,6.9,16.2,104,105,2020
Bismack Biyombo,C,27,CHO,41,25,803,7.6,14.0,.542,0.0,0.0,,7.6,14.0,.542,4.4,7.2,.612,6.0,9.2,15.2,2.2,0.6,2.1,2.2,5.6,19.6,117,112,2020
Nemanja Bjelica,PF,31,SAC,41,38,1127,8.3,17.3,.480,3.6,8.2,.434,4.7,9.1,.522,1.6,1.9,.837,2.7,9.0,11.7,4.5,1.6,1.0,2.7,5.4,21.8,115,109,2020
Eric Bledsoe,PG,30,MIL,35,35,908,9.9,20.7,.477,2.3,6.5,.359,7.6,14.3,.530,4.8,5.8,.835,1.3,6.8,8.1,9.1,1.6,1.0,3.9,3.8,27.0,114,103,2020
Bogdan Bogdanović,SG,27,SAC,30,0,842,9.2,21.6,.426,4.6,12.0,.383,4.6,9.6,.479,2.3,3.4,.661,0.6,4.6,5.2,6.3,1.9,0.5,3.6,3.6,25.3,105,112,2020
Bojan Bogdanović,SF,30,UTA,40,40,1335,10.1,22.5,.449,4.3,10.5,.410,5.8,11.9,.483,6.1,6.7,.903,0.9,5.2,6.1,3.0,0.9,0.2,4.0,2.6,30.6,109,110,2020
Jonah Bolden,PF,24,PHI,2,0,5,9.7,9.7,1.000,0.0,0.0,,9.7,9.7,1.000,0.0,19.4,.000,0.0,0.0,0.0,0.0,9.7,0.0,9.7,0.0,19.4,46,94,2020
Jordan Bone,PG,22,DET,4,0,14,6.9,24.3,.286,0.0,6.9,.000,6.9,17.4,.400,0.0,0.0,,0.0,0.0,0.0,10.4,0.0,0.0,6.9,6.9,13.9,63,120,2020
Isaac Bonga,SF,20,WAS,36,24,620,4.5,8.4,.536,0.7,2.0,.346,3.8,6.5,.593,2.5,3.3,.750,2.8,6.2,9.0,3.0,1.8,0.8,1.7,6.0,12.2,123,116,2020
Devin Booker,SG,23,PHO,38,38,1362,11.9,23.6,.505,2.4,6.9,.357,9.5,16.7,.566,8.1,8.9,.914,0.8,4.3,5.1,8.3,1.0,0.3,5.0,4.0,34.4,115,114,2020
Chris Boucher,PF,27,TOR,37,0,480,7.7,17.0,.453,2.0,6.2,.323,5.7,10.8,.528,5.2,7.1,.732,7.1,9.4,16.5,1.6,1.3,3.4,1.6,6.4,22.5,122,101,2020
Brian Bowen,SG,21,IND,3,0,10,4.9,19.5,.250,0.0,4.9,.000,4.9,14.6,.333,0.0,0.0,,0.0,4.9,4.9,0.0,0.0,4.9,0.0,0.0,9.8,54,107,2020
Ky Bowman,PG,22,GSW,36,10,810,6.4,15.5,.412,1.8,5.3,.348,4.5,10.2,.445,1.4,1.7,.828,1.1,4.4,5.4,6.1,2.1,0.3,2.7,4.8,16.0,99,113,2020
Avery Bradley,SG,29,LAL,27,22,637,6.8,15.0,.455,1.6,5.3,.296,5.3,9.7,.543,0.7,0.9,.750,1.0,3.8,4.7,2.3,1.8,0.2,2.3,4.8,15.9,98,108,2020
Tony Bradley,C,22,UTA,30,2,300,9.0,14.5,.622,0.0,0.0,,9.0,14.5,.622,2.9,4.5,.643,7.6,11.6,19.2,1.5,1.3,2.3,2.7,9.7,21.0,124,103,2020
Jarrell Brantley,PF,23,UTA,2,0,9,0.0,0.0,,0.0,0.0,,0.0,0.0,,0.0,0.0,,0.0,21.5,21.5,5.4,0.0,10.8,5.4,5.4,0.0,47,89,2020
Ignas Brazdeikis,SF,21,NYK,9,0,53,5.5,20.0,.273,0.9,8.2,.111,4.6,11.8,.385,3.6,4.6,.800,1.8,2.7,4.6,3.6,0.0,0.9,1.8,2.7,15.5,82,120,2020
Mikal Bridges,SF,23,PHO,41,4,944,5.3,10.4,.514,1.0,3.4,.294,4.3,7.0,.621,2.8,3.5,.800,1.6,6.2,7.9,2.8,2.8,0.8,1.9,4.1,14.4,115,108,2020
Miles Bridges,SF,21,CHO,44,44,1336,7.8,17.5,.443,2.4,6.9,.346,5.4,10.7,.505,2.2,2.7,.795,2.1,6.9,9.0,3.0,1.0,1.2,2.7,3.6,20.1,102,114,2020
Oshae Brissett,SF,21,TOR,13,0,113,4.7,12.7,.367,1.3,5.1,.250,3.4,7.6,.444,2.1,2.5,.833,3.4,5.1,8.5,1.7,1.3,0.4,1.7,6.4,12.7,99,107,2020
Ryan Broekhoff,SG,29,DAL,10,0,77,7.0,15.8,.440,6.3,12.6,.500,0.6,3.2,.200,3.2,3.8,.833,0.6,8.2,8.9,2.5,1.3,0.6,1.3,4.4,23.4,131,110,2020
Malcolm Brogdon,PG,27,IND,30,30,920,10.1,22.7,.444,2.3,6.6,.344,7.8,16.1,.485,5.7,6.2,.923,1.1,6.0,7.2,11.9,1.3,0.3,4.2,3.0,28.2,112,109,2020
Dillon Brooks,SG,24,MEM,42,42,1175,9.2,22.1,.415,3.6,9.2,.391,5.6,12.9,.433,3.6,4.3,.843,1.5,3.9,5.5,3.4,1.6,0.6,2.6,6.4,25.6,104,114,2020
Bruce Brown,SG,23,DET,41,32,1121,5.9,13.6,.436,1.0,2.9,.328,5.0,10.7,.466,2.7,3.9,.681,1.7,6.1,7.8,6.9,2.2,1.0,3.0,4.7,15.5,105,111,2020
Charlie Brown,SG,22,ATL,5,0,27,5.2,17.2,.300,3.4,6.9,.500,1.7,10.3,.167,8.6,8.6,1.000,3.4,3.4,6.9,1.7,0.0,3.4,0.0,0.0,22.4,124,116,2020
Jaylen Brown,SF,23,BOS,35,35,1169,10.5,21.3,.492,3.0,7.7,.395,7.5,13.7,.547,4.9,6.5,.756,1.6,8.3,9.9,3.3,1.7,0.4,3.3,4.2,28.9,112,106,2020
Moses Brown,C,20,POR,6,0,21,9.1,20.4,.444,0.0,0.0,,9.1,20.4,.444,4.5,9.1,.500,4.5,18.1,22.6,0.0,2.3,0.0,4.5,9.1,22.6,87,104,2020
Sterling Brown,SF,24,MIL,30,0,470,5.5,14.2,.384,2.5,7.4,.342,2.9,6.8,.429,2.2,2.9,.767,2.0,9.8,11.7,2.9,1.9,0.4,2.7,3.4,15.7,98,101,2020
Troy Brown,SG,20,WAS,38,14,982,7.3,15.9,.461,1.3,4.1,.322,6.0,11.8,.510,2.8,3.7,.769,2.2,8.7,10.9,3.7,2.5,0.2,2.1,3.4,18.9,109,114,2020
Jalen Brunson,PG,23,DAL,42,8,707,8.3,18.2,.457,1.9,6.1,.318,6.4,12.2,.525,2.5,3.2,.787,1.2,5.6,6.8,9.4,1.2,0.2,3.0,3.8,21.1,114,112,2020
Thomas Bryant,C,22,WAS,21,20,555,9.1,16.5,.548,0.9,3.1,.297,8.1,13.4,.606,3.4,4.5,.741,3.8,9.6,13.4,4.2,0.8,1.5,2.3,4.0,22.4,120,115,2020
Reggie Bullock,SG,28,NYK,8,5,189,7.9,19.9,.397,3.3,10.2,.325,4.6,9.7,.474,1.0,1.3,.800,1.3,1.8,3.1,3.1,3.3,0.0,0.3,4.1,20.2,110,114,2020
Trey Burke,PG,27,PHI,22,0,311,9.0,18.9,.479,2.5,5.6,.444,6.6,13.3,.494,2.0,2.8,.722,2.2,3.1,5.3,7.8,1.1,0.2,1.9,3.0,22.6,120,111,2020
Alec Burks,SG,28,GSW,40,16,1165,8.3,20.4,.408,2.7,7.4,.367,5.6,13.0,.432,6.7,7.5,.896,1.3,6.4,7.6,5.1,1.8,0.5,2.7,3.7,26.1,110,113,2020
Deonte Burton,SG,26,OKC,24,0,189,5.4,17.3,.313,1.3,8.3,.156,4.1,9.0,.457,1.0,1.8,.571,1.3,6.7,8.0,2.3,0.8,1.3,1.5,5.4,13.2,79,110,2020
Jimmy Butler,SF,30,MIA,36,36,1263,8.2,18.6,.444,1.0,3.7,.271,7.2,14.8,.487,10.8,13.1,.823,2.7,7.0,9.8,8.9,2.6,0.8,3.4,1.8,28.3,122,106,2020
Bruno Caboclo,SF,24,MEM,22,0,192,6.8,16.7,.406,1.0,6.1,.160,5.8,10.7,.545,0.5,0.7,.667,4.1,6.5,10.7,2.4,2.4,2.9,1.7,5.6,15.0,97,108,2020
Kentavious Caldwell-Pope,SG,26,LAL,41,20,1041,6.4,13.7,.465,2.7,6.3,.428,3.7,7.4,.497,2.4,2.9,.813,1.1,3.0,4.2,3.4,1.5,0.4,1.7,3.5,17.9,118,109,2020
Vlatko Čančar,SF,22,DEN,7,0,12,4.1,12.3,.333,0.0,4.1,.000,4.1,8.2,.500,8.2,8.2,1.000,4.1,0.0,4.1,8.2,0.0,0.0,0.0,4.1,16.5,138,117,2020
Clint Capela,C,25,HOU,33,33,1108,9.0,14.1,.637,0.0,0.0,,9.0,14.1,.637,2.2,3.9,.565,5.8,14.2,20.0,1.7,1.3,2.4,2.3,3.7,20.1,126,104,2020
DeMarre Carroll,SF,33,SAS,15,0,135,3.2,10.2,.310,1.1,4.6,.231,2.1,5.7,.375,4.2,7.1,.600,2.5,8.5,10.9,3.9,0.7,0.7,3.5,7.1,11.7,88,114,2020
Jevon Carter,PG,24,PHO,26,2,340,4.6,12.2,.375,2.3,6.5,.362,2.2,5.7,.390,0.8,1.1,.750,1.5,5.1,6.6,5.4,2.8,1.0,2.9,4.8,12.3,96,108,2020
Vince Carter,SF,43,ATL,35,0,540,5.3,15.7,.335,3.0,10.4,.289,2.2,5.3,.426,1.3,1.8,.714,0.6,5.1,5.7,2.8,1.1,1.2,1.7,4.7,14.8,91,114,2020
Wendell Carter,C,20,CHI,37,37,1109,7.2,13.4,.537,0.3,1.2,.214,6.9,12.2,.569,4.1,5.6,.736,5.6,10.2,15.9,1.9,1.3,1.4,2.7,6.2,18.8,116,106,2020
Michael Carter-Williams,SG,28,ORL,19,0,310,5.5,14.7,.376,1.1,4.7,.233,4.4,9.9,.444,3.5,4.9,.710,2.8,6.6,9.5,6.0,3.2,1.3,2.7,4.3,15.6,100,103,2020
Alex Caruso,PG,25,LAL,38,0,729,5.0,11.3,.439,1.7,4.7,.366,3.3,6.7,.490,2.6,3.3,.780,0.7,4.1,4.8,4.5,2.5,0.7,2.3,3.9,14.2,108,106,2020
Willie Cauley-Stein,C,26,GSW,38,34,869,7.3,13.1,.561,0.0,0.0,,7.3,13.1,.561,1.8,3.0,.600,3.5,9.6,13.1,2.9,2.4,2.6,1.9,5.3,16.5,113,107,2020
Tyson Chandler,C,37,HOU,24,5,209,3.1,4.0,.778,0.0,0.0,,3.1,4.0,.778,1.3,2.9,.462,5.3,8.7,14.0,1.3,1.3,1.8,1.6,6.4,7.5,138,108,2020
Wilson Chandler,SF,32,BRK,13,0,260,5.6,13.0,.431,1.8,7.1,.256,3.8,6.0,.636,1.6,1.8,.900,0.5,10.3,10.9,2.9,1.3,0.9,2.5,4.7,14.7,98,106,2020
Zylan Cheatham,SF,24,NOP,3,0,31,3.0,7.5,.400,0.0,1.5,.000,3.0,6.0,.500,0.0,0.0,,1.5,7.5,9.0,3.0,0.0,1.5,4.5,7.5,6.0,67,115,2020
Chris Chiozza,PG,24,WAS,10,0,123,3.8,12.9,.294,2.6,6.1,.438,1.1,6.8,.167,0.0,0.0,,0.0,5.7,5.7,10.6,3.8,0.8,3.4,4.5,10.2,91,112,2020
Marquese Chriss,PF,22,GSW,38,3,666,7.1,14.7,.485,0.4,1.6,.227,6.8,13.1,.516,5.2,6.9,.760,5.0,9.6,14.6,5.1,1.7,2.4,3.9,5.4,19.8,109,109,2020
Gary Clark,PF,25,TOT,20,0,249,5.1,12.9,.391,3.8,10.9,.345,1.3,2.1,.636,1.1,1.3,.857,2.8,6.2,9.0,2.3,0.4,1.5,0.4,3.9,15.0,126,112,2020
Gary Clark,PF,25,HOU,18,0,212,5.0,12.9,.390,3.9,11.2,.353,1.1,1.7,.625,1.3,1.5,.857,2.4,6.3,8.7,2.6,0.4,1.5,0.4,4.6,15.3,128,112,2020
Gary Clark,PF,25,ORL,2,0,37,5.3,13.2,.400,2.6,9.2,.286,2.6,4.0,.667,0.0,0.0,,5.3,5.3,10.6,0.0,0.0,1.3,0.0,0.0,13.2,117,111,2020
Brandon Clarke,PF,23,MEM,36,2,770,11.2,17.8,.631,1.0,2.5,.415,10.2,15.4,.665,3.3,4.1,.809,3.0,9.6,12.5,3.3,0.9,1.9,2.1,3.6,26.8,129,111,2020
Jordan Clarkson,SG,27,TOT,40,0,943,10.7,24.0,.447,4.2,11.5,.368,6.5,12.5,.521,4.6,5.5,.849,1.4,3.2,4.6,4.3,1.3,0.6,2.5,2.7,30.3,114,115,2020
Jordan Clarkson,SG,27,CLE,29,0,666,10.5,23.8,.442,4.3,11.6,.371,6.2,12.2,.509,5.6,6.3,.884,1.5,3.5,5.0,5.1,1.2,0.6,2.9,2.4,30.9,116,118,2020
Jordan Clarkson,SG,27,UTA,11,0,277,11.2,24.3,.460,4.0,11.2,.359,7.2,13.1,.547,2.5,3.5,.700,1.1,2.6,3.7,2.3,1.4,0.7,1.8,3.3,28.9,108,110,2020
Nicolas Claxton,PF,20,BRK,10,0,120,4.3,8.6,.500,0.0,2.0,.000,4.3,6.7,.647,2.0,4.7,.417,3.1,5.5,8.6,4.3,0.4,2.0,2.4,3.9,10.6,103,110,2020
Chris Clemons,SG,22,HOU,24,0,220,9.9,23.0,.431,7.0,17.9,.388,3.0,5.1,.583,0.8,1.1,.800,0.4,3.8,4.2,3.8,1.3,1.1,3.0,4.2,27.6,110,112,2020
Antonius Cleveland,SG,25,DAL,3,0,14,7.0,10.4,.667,0.0,3.5,.000,7.0,7.0,1.000,0.0,0.0,,0.0,10.4,10.4,0.0,0.0,0.0,3.5,0.0,13.9,90,113,2020
Amir Coffey,SG,22,LAC,2,0,5,18.7,28.1,.667,9.4,18.7,.500,9.4,9.4,1.000,0.0,0.0,,0.0,0.0,0.0,9.4,0.0,0.0,0.0,9.4,46.8,170,115,2020
John Collins,PF,22,ATL,16,16,483,10.7,21.3,.502,2.1,6.3,.338,8.6,15.0,.571,3.3,4.3,.756,3.3,11.8,15.0,2.2,1.2,3.3,2.4,5.2,26.8,111,108,2020
Zach Collins,PF,22,POR,3,3,86,5.0,10.5,.474,1.7,3.9,.429,3.3,6.6,.500,3.3,3.3,1.000,2.2,4.4,6.6,3.3,0.0,1.1,3.3,6.1,14.9,111,117,2020
Mike Conley,PG,32,UTA,22,22,647,7.4,20.3,.365,3.0,8.3,.360,4.4,12.0,.369,4.6,5.7,.803,1.2,4.3,5.5,7.6,1.2,0.3,3.4,3.6,22.4,102,110,2020
Pat Connaughton,SG,27,MIL,40,0,719,4.9,11.2,.440,1.7,5.8,.286,3.3,5.4,.607,1.1,1.6,.720,2.0,8.8,10.8,4.4,0.8,1.4,2.1,2.5,12.6,109,103,2020
Quinn Cook,PG,26,LAL,27,0,357,8.6,18.8,.457,2.7,7.2,.370,5.9,11.5,.512,0.7,0.8,.833,0.7,3.9,4.6,5.0,1.2,0.1,2.9,2.7,20.5,103,110,2020
Tyler Cook,PF,22,CLE,8,0,28,10.4,13.9,.750,0.0,0.0,,10.4,13.9,.750,8.7,10.4,.833,5.2,7.0,12.2,1.7,1.7,0.0,1.7,7.0,29.6,155,115,2020
Robert Covington,PF,29,MIN,40,39,1155,7.1,16.2,.436,3.6,10.1,.356,3.5,6.1,.570,2.6,3.3,.793,1.1,8.3,9.5,1.9,2.8,1.5,2.4,4.8,20.4,107,106,2020
Allen Crabbe,SG,27,ATL,28,1,522,4.6,12.8,.364,2.7,8.3,.323,2.0,4.5,.440,0.8,1.1,.750,0.9,4.9,5.8,2.5,1.3,0.4,1.1,3.2,12.8,100,115,2020
Torrey Craig,SF,29,DEN,28,6,383,4.4,11.1,.395,1.3,5.4,.238,3.1,5.7,.545,1.2,1.9,.600,2.3,5.7,8.0,2.3,1.2,1.8,1.4,6.8,11.2,101,108,2020
Jae Crowder,SF,29,MEM,39,39,1178,5.3,14.2,.376,2.9,9.5,.303,2.4,4.7,.525,2.4,3.2,.775,1.3,8.2,9.5,4.5,1.7,0.6,1.9,3.0,16.0,106,112,2020
Jarrett Culver,SG,20,MIN,40,27,983,7.3,18.6,.394,1.8,7.0,.260,5.5,11.7,.473,1.7,3.7,.455,2.5,4.6,7.0,3.8,2.0,1.2,2.6,3.9,18.1,93,110,2020
Seth Curry,SG,29,DAL,40,9,904,8.0,17.6,.457,3.9,10.1,.390,4.1,7.5,.547,2.7,3.1,.895,1.0,3.2,4.3,3.8,1.2,0.4,2.2,3.6,22.7,118,113,2020
Stephen Curry,PG,31,GSW,4,4,112,11.5,28.2,.409,3.8,15.8,.243,7.7,12.4,.621,7.7,7.7,1.000,1.7,6.8,8.5,11.1,2.1,0.9,6.4,4.3,34.6,105,111,2020
Troy Daniels,SG,28,LAL,31,0,372,6.8,16.3,.417,4.4,11.4,.382,2.4,4.9,.500,0.9,1.3,.700,0.9,3.9,4.8,1.4,0.9,0.3,0.9,2.7,18.9,112,110,2020
Anthony Davis,PF,26,LAL,35,35,1231,12.8,25.4,.504,1.5,5.0,.297,11.3,20.5,.554,9.7,11.3,.859,3.0,9.8,12.8,4.4,2.1,3.5,3.3,3.5,36.8,121,100,2020
Ed Davis,C,30,UTA,21,0,232,2.3,6.3,.367,0.0,0.0,,2.3,6.3,.367,1.0,2.3,.455,4.8,12.7,17.6,1.7,1.9,1.9,2.7,10.2,5.6,89,101,2020
Terence Davis,SG,22,TOR,41,1,702,7.6,16.4,.467,3.7,9.1,.403,4.0,7.2,.547,2.0,2.2,.938,2.0,7.6,9.6,5.3,1.6,0.5,2.9,4.3,21.0,115,105,2020
Dewayne Dedmon,C,30,SAC,26,4,360,6.7,16.3,.408,1.6,7.6,.214,5.0,8.7,.578,2.5,2.9,.857,3.9,10.2,14.2,1.2,1.2,1.6,4.9,8.7,17.4,88,109,2020
Matthew Dellavedova,PG,29,CLE,39,0,502,3.8,11.3,.333,1.1,6.2,.172,2.7,5.1,.528,2.4,2.7,.893,1.2,3.5,4.7,10.1,1.5,0.1,3.1,5.5,11.1,102,118,2020
DeMar DeRozan,SF,30,SAS,40,40,1364,12.1,22.3,.541,0.3,0.9,.308,11.8,21.4,.551,7.3,8.8,.833,0.8,6.7,7.6,7.2,1.4,0.4,3.5,4.0,31.7,117,113,2020
Cheick Diallo,C,23,PHO,25,0,231,9.6,14.4,.662,0.2,0.2,1.000,9.4,14.2,.657,3.7,4.3,.857,3.1,9.8,12.8,2.6,1.2,0.8,2.6,4.7,23.0,126,110,2020
Hamidou Diallo,SF,21,OKC,22,1,423,7.5,17.4,.430,0.6,2.5,.227,6.9,14.9,.465,2.7,4.2,.639,2.3,6.0,8.3,1.5,2.5,0.6,2.4,5.6,18.2,93,108,2020
Gorgui Dieng,C,30,MIN,37,17,676,7.5,16.6,.450,2.6,6.9,.384,4.8,9.8,.496,2.8,3.6,.788,4.3,10.9,15.2,3.6,2.3,2.4,2.4,5.4,20.4,115,104,2020
Spencer Dinwiddie,SG,26,BRK,40,29,1242,11.1,26.3,.424,2.8,9.7,.294,8.3,16.6,.499,8.3,10.8,.775,0.6,4.2,4.8,9.8,1.1,0.5,4.4,4.8,33.5,109,111,2020
Donte DiVincenzo,SG,23,MIL,39,20,884,6.8,15.1,.449,2.5,7.4,.338,4.3,7.8,.553,2.0,2.4,.826,1.8,7.3,9.0,4.6,3.1,0.5,2.3,3.3,18.0,111,100,2020
Luka Dončić,PG,20,DAL,38,38,1247,13.9,29.9,.467,4.4,13.4,.329,9.5,16.5,.578,10.7,13.6,.782,2.1,12.3,14.4,13.3,1.6,0.2,6.4,3.6,42.9,119,108,2020
Luguentz Dort,SG,20,OKC,7,0,115,3.4,10.6,.320,0.4,5.9,.071,3.0,4.7,.636,2.5,4.2,.600,0.4,3.8,4.2,1.3,0.8,0.0,1.3,7.6,9.8,80,113,2020
Damyean Dotson,SG,25,NYK,36,0,595,6.5,16.6,.392,2.8,9.2,.301,3.7,7.4,.505,1.3,1.9,.667,0.5,4.8,5.3,3.7,1.2,0.3,1.2,2.0,17.0,103,117,2020
Sekou Doumbouya,SF,19,DET,15,8,267,8.6,16.4,.522,2.2,5.8,.375,6.4,10.6,.603,2.7,4.2,.652,1.1,7.3,8.4,1.1,1.6,0.7,1.6,6.7,22.0,113,112,2020
PJ Dozier,PG,23,DEN,2,0,20,12.3,24.7,.500,4.9,9.9,.500,7.4,14.8,.500,0.0,0.0,,0.0,9.9,9.9,4.9,0.0,0.0,0.0,12.3,29.6,126,110,2020
Goran Dragić,PG,33,MIA,31,1,865,9.3,20.9,.445,4.1,10.1,.402,5.2,10.8,.484,4.3,6.0,.717,0.7,4.4,5.1,8.7,1.0,0.4,4.4,3.3,27.0,109,111,2020
Andre Drummond,C,26,DET,40,39,1344,10.3,19.4,.531,0.0,0.7,.050,10.2,18.6,.550,4.4,7.4,.603,6.2,16.4,22.6,3.9,2.9,2.6,5.1,5.3,25.0,105,101,2020
Jared Dudley,SF,34,LAL,28,1,247,3.1,7.4,.421,2.5,5.2,.481,0.6,2.1,.273,0.4,0.4,1.000,0.6,4.8,5.4,3.3,1.7,0.4,1.0,6.2,9.1,122,107,2020
Kris Dunn,PG,25,CHI,43,24,1060,5.6,13.4,.416,1.1,4.5,.242,4.5,8.9,.503,1.3,1.8,.718,1.0,5.9,6.9,6.4,3.9,0.6,2.5,6.4,13.5,100,104,2020
Carsen Edwards,SG,21,BOS,27,0,267,5.3,17.2,.305,3.3,10.7,.305,2.0,6.5,.306,2.0,2.4,.846,0.9,6.2,7.1,3.6,1.6,0.4,2.4,4.3,15.8,90,107,2020
Henry Ellenson,PF,23,BRK,5,0,15,3.1,22.0,.143,0.0,12.6,.000,3.1,9.4,.333,0.0,0.0,,6.3,12.6,18.8,3.1,0.0,0.0,0.0,3.1,6.3,59,109,2020
Wayne Ellington,SG,32,NYK,23,1,330,4.7,14.5,.323,3.7,11.9,.309,1.0,2.6,.389,0.6,0.9,.667,0.3,5.3,5.6,3.4,1.2,0.3,2.0,3.2,13.6,92,117,2020
Joel Embiid,C,25,PHI,31,31,963,12.0,25.4,.472,1.9,5.9,.322,10.1,19.4,.518,10.6,12.7,.837,4.0,15.3,19.2,5.1,1.3,2.1,4.7,5.5,36.5,114,102,2020
James Ennis,SF,29,PHI,41,0,715,6.3,14.2,.445,2.4,6.6,.361,3.9,7.6,.518,2.9,3.7,.782,3.2,6.4,9.6,2.5,1.4,0.9,1.9,5.6,17.9,114,107,2020
Drew Eubanks,PF,22,SAS,7,0,38,11.3,17.6,.643,0.0,0.0,,11.3,17.6,.643,3.8,3.8,1.000,7.5,12.5,20.1,2.5,0.0,1.3,5.0,6.3,26.4,119,112,2020
Jacob Evans,SG,22,GSW,21,0,311,4.9,16.0,.308,1.5,4.2,.370,3.4,11.8,.286,2.9,3.5,.826,1.1,4.0,5.1,3.2,0.9,1.1,3.5,4.6,14.3,79,115,2020
Dante Exum,SG,24,TOT,20,0,239,7.1,14.2,.500,2.0,4.9,.417,5.1,9.4,.543,2.8,3.9,.737,0.6,5.9,6.5,4.1,1.2,0.4,4.1,3.7,19.1,103,114,2020
Dante Exum,SG,24,UTA,11,0,83,5.8,13.4,.435,1.2,3.5,.333,4.7,9.9,.471,1.2,1.2,1.000,1.8,5.3,7.0,4.1,0.6,1.2,5.8,4.7,14.0,83,110,2020
Dante Exum,SG,24,CLE,9,0,156,7.8,14.7,.532,2.5,5.6,.444,5.3,9.0,.586,3.7,5.3,.706,0.0,6.2,6.2,4.1,1.6,0.0,3.1,3.1,21.8,114,116,2020
Tacko Fall,C,24,BOS,4,0,21,18.4,25.3,.727,0.0,0.0,,18.4,25.3,.727,2.3,6.9,.333,0.0,23.0,23.0,0.0,0.0,4.6,6.9,9.2,39.1,94,95,2020
Derrick Favors,C,28,NOP,24,22,577,8.2,13.7,.600,0.1,0.3,.250,8.2,13.4,.608,1.4,2.3,.586,6.6,12.9,19.6,4.0,1.1,2.3,2.6,4.4,18.0,123,108,2020
Cristiano Felício,PF,27,CHI,3,0,23,4.2,6.3,.667,0.0,0.0,,4.2,6.3,.667,2.1,2.1,1.000,2.1,6.3,8.4,0.0,0.0,0.0,2.1,0.0,10.5,116,113,2020
Terrance Ferguson,SF,21,OKC,36,36,935,3.4,8.7,.398,2.1,6.7,.320,1.3,2.0,.658,0.5,0.6,.818,1.0,2.1,3.1,1.8,1.1,0.6,1.4,6.1,9.5,102,113,2020
Bruno Fernando,C,21,ATL,37,8,437,6.0,12.5,.479,0.4,2.9,.148,5.5,9.6,.578,2.3,3.8,.611,4.0,8.1,12.1,3.9,1.0,1.3,3.2,6.7,14.7,102,113,2020
Yogi Ferrell,PG,26,SAC,30,0,386,6.7,16.0,.421,1.9,6.2,.306,4.8,9.8,.494,3.6,4.1,.875,0.5,4.1,4.6,6.0,1.3,0.4,2.4,3.0,18.9,108,114,2020
Dorian Finney-Smith,PF,26,DAL,42,39,1235,5.5,11.8,.465,2.6,6.8,.378,2.9,5.0,.583,1.9,2.6,.716,3.2,5.5,8.7,2.2,1.1,0.8,1.6,3.7,15.4,122,112,2020
Bryn Forbes,SG,26,SAS,40,39,1034,7.3,18.3,.399,4.2,11.5,.361,3.1,6.8,.463,2.2,2.5,.870,0.5,3.9,4.3,3.3,1.0,0.0,1.8,3.3,20.9,106,117,2020
Evan Fournier,SG,27,ORL,41,41,1280,10.5,22.4,.469,3.9,9.8,.395,6.6,12.6,.527,4.9,6.0,.821,0.2,3.9,4.1,5.0,1.6,0.3,2.9,3.9,29.8,113,110,2020
De'Aaron Fox,PG,22,SAC,23,21,717,10.8,22.6,.479,1.7,5.1,.333,9.1,17.4,.522,6.9,9.8,.706,1.5,5.4,6.9,11.4,2.2,0.8,5.5,4.7,30.2,110,110,2020
Melvin Frazier,SG,23,ORL,11,0,43,6.8,19.3,.353,4.5,8.0,.571,2.3,11.4,.200,2.3,4.5,.500,1.1,3.4,4.5,1.1,3.4,2.3,2.3,9.1,20.4,91,103,2020
Michael Frazier,SG,25,HOU,2,0,14,6.6,16.6,.400,3.3,13.2,.250,3.3,3.3,1.000,0.0,0.0,,3.3,6.6,9.9,3.3,0.0,0.0,0.0,6.6,16.6,122,114,2020
Tim Frazier,PG,29,DET,24,11,318,5.0,13.3,.379,1.5,4.0,.385,3.5,9.3,.377,2.9,3.7,.792,1.2,3.2,4.4,12.7,2.0,0.5,4.4,5.7,14.5,104,114,2020
Markelle Fultz,PG,21,ORL,41,36,1111,8.7,19.1,.455,0.8,3.2,.260,7.9,15.9,.494,2.9,3.9,.739,0.9,5.2,6.1,8.3,2.3,0.4,3.6,3.6,21.1,101,107,2020
Wenyen Gabriel,PF,22,SAC,11,0,61,4.8,13.7,.353,0.8,6.4,.125,4.0,7.2,.556,4.8,8.0,.600,3.2,4.8,8.0,2.4,2.4,1.6,4.0,5.6,15.3,87,109,2020
Daniel Gafford,C,21,CHI,32,4,411,7.8,11.6,.677,0.0,0.0,,7.8,11.6,.677,2.2,4.2,.528,4.5,4.6,9.0,1.6,1.1,4.9,1.8,7.0,17.9,127,106,2020
Danilo Gallinari,PF,31,OKC,36,36,1098,9.3,21.3,.438,4.9,11.9,.409,4.4,9.4,.474,6.8,7.6,.901,1.0,7.9,8.9,3.7,1.1,0.2,2.1,2.1,30.4,121,110,2020
Langston Galloway,SG,28,DET,42,6,1056,6.6,15.4,.428,3.9,9.9,.393,2.7,5.5,.492,2.6,3.0,.864,0.7,3.3,4.1,2.7,1.4,0.4,1.2,2.4,19.7,117,115,2020
Darius Garland,PG,20,CLE,42,42,1243,7.6,18.7,.407,3.0,8.4,.358,4.6,10.3,.447,1.9,2.2,.875,0.7,2.5,3.2,6.0,1.3,0.0,4.2,2.4,20.1,96,119,2020
Marc Gasol,C,35,TOR,29,29,822,4.4,11.1,.398,2.3,5.8,.404,2.1,5.4,.391,1.2,1.6,.750,1.3,9.7,11.1,6.0,1.5,1.8,2.2,5.2,12.4,109,102,2020
Rudy Gay,PF,33,SAS,39,5,879,8.2,18.4,.448,2.3,7.1,.331,5.9,11.3,.522,3.9,4.6,.847,2.1,10.3,12.4,3.9,1.0,1.2,3.1,3.0,22.7,107,111,2020
Paul George,SF,29,LAC,26,26,799,11.6,27.1,.429,5.5,14.0,.395,6.1,13.1,.464,7.0,7.7,.909,0.7,8.4,9.1,5.7,2.2,0.7,5.0,3.8,35.8,109,104,2020
Taj Gibson,C,34,NYK,39,33,635,6.5,12.5,.521,0.2,0.8,.200,6.4,11.8,.542,1.5,2.2,.690,5.2,7.5,12.7,3.0,1.7,1.1,2.6,6.7,14.8,110,113,2020
Harry Giles,PF,21,SAC,16,3,180,9.5,21.0,.455,0.0,0.0,,9.5,21.0,.455,3.0,3.3,.917,3.0,9.3,12.3,4.9,2.5,1.1,4.6,10.6,22.1,95,107,2020
Shai Gilgeous-Alexander,SG,21,OKC,42,42,1489,10.0,21.3,.468,1.7,4.9,.351,8.2,16.3,.504,5.7,6.9,.829,0.9,6.9,7.8,4.3,1.7,0.6,2.7,2.3,27.4,110,109,2020
Rudy Gobert,C,27,UTA,39,39,1343,8.2,12.2,.674,0.0,0.0,,8.2,12.2,.674,4.7,7.8,.606,5.1,15.2,20.4,2.4,1.0,2.7,2.7,4.4,21.1,128,101,2020
Brandon Goodwin,PG,24,ATL,13,1,179,8.3,20.3,.410,3.1,9.6,.324,5.2,10.7,.488,2.1,2.1,1.000,1.0,6.2,7.3,5.7,2.1,0.8,3.6,5.5,21.8,98,112,2020
Aaron Gordon,PF,24,ORL,36,36,1122,8.1,19.0,.426,1.8,6.1,.293,6.3,12.9,.488,3.4,4.9,.696,2.6,8.8,11.4,4.4,1.1,0.9,2.5,3.1,21.4,103,107,2020
Eric Gordon,SG,31,HOU,16,4,462,7.4,21.1,.352,4.8,14.4,.336,2.6,6.7,.388,2.3,3.7,.622,0.6,2.5,3.1,1.9,0.7,0.4,2.1,3.4,22.0,96,115,2020
Devonte' Graham,PG,24,CHO,44,34,1549,8.3,21.9,.378,5.1,13.2,.387,3.1,8.6,.364,4.7,5.7,.825,1.2,4.0,5.2,10.9,1.2,0.4,4.2,2.6,26.3,110,116,2020
Treveon Graham,SG,26,MIN,33,20,663,4.4,12.4,.354,1.4,5.9,.241,3.0,6.5,.457,1.9,2.6,.730,2.0,5.0,7.1,2.1,1.2,0.1,1.3,4.7,12.1,97,113,2020
Jerami Grant,PF,25,DEN,41,8,981,7.2,15.8,.457,2.4,6.4,.367,4.8,9.3,.519,3.8,5.6,.685,1.2,5.4,6.6,2.0,1.0,1.5,1.7,4.1,20.6,111,109,2020
Josh Gray,PG,26,NOP,2,0,23,2.0,4.1,.500,0.0,0.0,,2.0,4.1,.500,0.0,0.0,,2.0,2.0,4.1,4.1,0.0,0.0,10.1,2.0,4.1,47,120,2020
Danny Green,SG,32,LAL,40,40,1003,6.0,13.8,.434,3.6,9.5,.382,2.4,4.3,.549,1.1,1.5,.719,1.3,5.6,6.9,2.6,2.2,0.9,1.6,4.2,16.7,113,105,2020
Draymond Green,PF,29,GSW,32,32,934,4.9,12.9,.381,1.3,5.0,.268,3.6,7.9,.452,2.7,3.5,.754,0.9,9.5,10.4,9.2,2.5,1.3,3.7,4.3,13.8,97,108,2020
JaMychal Green,PF,29,LAC,33,0,700,5.2,12.8,.403,3.0,8.7,.346,2.1,4.1,.525,1.7,1.9,.862,3.2,11.2,14.4,1.6,1.1,0.9,2.0,5.8,15.0,110,105,2020
Javonte Green,SF,26,BOS,32,0,248,7.4,13.3,.559,1.0,3.1,.313,6.4,10.1,.635,2.3,2.9,.800,1.9,7.2,9.2,1.8,2.1,0.8,2.1,4.7,18.1,116,105,2020
Jeff Green,PF,33,UTA,30,2,553,6.6,17.1,.385,3.0,9.1,.327,3.6,8.0,.451,4.3,5.5,.778,1.2,5.9,7.1,1.8,1.1,0.9,2.4,4.0,20.4,101,109,2020
Blake Griffin,PF,30,DET,18,18,512,8.4,23.7,.352,2.6,10.5,.243,5.8,13.2,.439,7.2,9.3,.776,1.6,6.4,8.0,5.6,0.7,0.7,3.8,2.6,26.5,97,115,2020
Marko Guduric,SG,24,MEM,28,0,387,5.7,15.3,.370,2.2,7.7,.281,3.5,7.6,.460,1.8,2.0,.882,1.4,5.1,6.5,4.6,1.1,0.7,3.4,3.0,15.3,92,115,2020
Kyle Guy,SG,22,SAC,1,0,3,0.0,16.3,.000,0.0,16.3,.000,0.0,0.0,,0.0,0.0,,0.0,0.0,0.0,0.0,0.0,0.0,0.0,0.0,0.0,0,119,2020
Rui Hachimura,PF,21,WAS,25,25,729,9.3,19.4,.482,0.6,3.1,.208,8.7,16.3,.533,2.9,3.4,.852,2.5,6.8,9.3,2.6,1.1,0.2,1.3,3.6,22.2,111,118,2020
Devon Hall,SG,24,OKC,5,0,20,2.4,12.2,.200,0.0,4.9,.000,2.4,7.3,.333,7.3,9.8,.750,0.0,2.4,2.4,7.3,0.0,0.0,2.4,2.4,12.2,86,116,2020
Tim Hardaway,SG,27,DAL,39,26,1017,9.4,21.7,.433,5.0,12.7,.391,4.4,9.0,.492,3.2,4.0,.786,0.8,4.7,5.5,3.2,1.1,0.2,1.6,3.2,26.9,116,113,2020
James Harden,SG,30,HOU,39,39,1449,13.5,30.2,.446,6.2,16.7,.373,7.2,13.5,.537,13.2,15.3,.860,1.4,6.4,7.7,9.3,2.1,1.1,5.8,4.0,46.4,122,108,2020
Maurice Harkless,SF,26,LAC,42,30,956,4.7,9.1,.514,1.0,2.9,.333,3.7,6.1,.600,1.1,2.0,.550,2.1,6.2,8.3,2.0,2.2,1.4,1.9,4.9,11.4,109,105,2020
Jared Harper,PG,22,PHO,1,0,2,0.0,23.5,.000,0.0,23.5,.000,0.0,0.0,,0.0,0.0,,0.0,0.0,0.0,0.0,0.0,0.0,0.0,0.0,0.0,0,119,2020
Montrezl Harrell,C,26,LAC,41,2,1181,12.7,22.1,.573,0.0,0.6,.000,12.7,21.6,.588,5.8,9.2,.636,4.5,7.3,11.8,3.0,1.1,1.8,3.1,3.8,31.2,117,106,2020
Gary Harris,SG,25,DEN,37,37,1217,6.2,14.7,.421,2.0,6.4,.316,4.2,8.3,.502,2.1,2.5,.823,0.8,3.3,4.1,3.3,2.2,0.4,1.5,3.5,16.5,106,109,2020
Joe Harris,SF,28,BRK,40,40,1268,7.8,16.9,.460,3.7,8.9,.413,4.1,7.9,.514,1.6,2.2,.746,1.4,4.9,6.2,3.2,1.0,0.4,2.1,3.5,20.8,112,111,2020
Tobias Harris,PF,27,PHI,43,43,1470,10.9,22.5,.486,2.3,6.6,.353,8.6,15.8,.542,3.4,4.3,.794,1.1,8.4,9.5,4.3,1.2,0.8,2.2,3.3,27.6,112,107,2020
Shaquille Harrison,SF,26,CHI,25,4,183,6.0,15.8,.383,1.1,3.4,.308,5.0,12.4,.404,3.9,6.0,.652,1.8,7.4,9.2,6.6,2.9,1.3,1.6,5.5,17.1,106,104,2020
Josh Hart,SF,24,NOP,35,10,1001,5.9,14.5,.408,3.5,10.1,.350,2.4,4.4,.543,2.1,2.9,.742,1.5,8.2,9.7,2.4,1.7,0.5,2.0,4.6,17.5,108,112,2020
Isaiah Hartenstein,C,21,HOU,18,2,238,7.8,11.5,.678,0.0,0.6,.000,7.8,10.9,.714,3.5,5.1,.692,4.9,11.3,16.2,3.1,1.6,2.3,2.5,7.2,19.1,133,105,2020
Udonis Haslem,PF,39,MIA,2,0,11,4.4,4.4,1.000,0.0,0.0,,4.4,4.4,1.000,13.3,17.8,.750,0.0,13.3,13.3,0.0,0.0,0.0,0.0,13.3,22.2,191,109,2020
Jaxson Hayes,C,19,NOP,39,11,782,7.7,11.7,.658,0.1,0.2,.250,7.6,11.5,.667,4.8,7.6,.630,4.2,6.8,11.0,2.1,1.3,2.7,1.9,6.8,20.2,131,111,2020
Gordon Hayward,SF,29,BOS,24,24,759,10.0,19.4,.516,2.2,6.2,.351,7.8,13.2,.594,2.4,2.7,.860,1.5,7.6,9.0,6.1,1.1,0.6,2.4,2.7,24.5,119,108,2020
John Henson,PF,29,CLE,21,1,277,7.6,14.4,.524,0.5,3.3,.158,7.0,11.1,.635,2.3,4.6,.500,3.9,10.2,14.1,5.3,2.1,4.4,2.6,5.6,17.9,112,107,2020
Dewan Hernandez,C,23,TOR,4,0,11,4.4,21.8,.200,0.0,4.4,.000,4.4,17.4,.250,8.7,8.7,1.000,8.7,21.8,30.5,0.0,4.4,0.0,4.4,26.1,17.4,80,88,2020
Juan Hernangómez,PF,24,DEN,26,0,308,4.3,12.7,.342,2.1,7.5,.277,2.2,5.1,.438,1.3,2.7,.471,2.1,7.9,9.9,2.9,0.3,0.5,1.9,3.0,12.0,92,111,2020
Willy Hernangómez,C,25,CHO,15,0,109,11.8,20.9,.565,1.4,4.6,.300,10.5,16.4,.639,5.0,10.5,.478,7.3,11.8,19.1,2.3,0.5,1.8,4.6,3.6,30.1,107,111,2020
Tyler Herro,SG,20,MIA,38,3,1078,8.4,20.2,.417,3.6,9.4,.385,4.8,10.8,.445,2.6,3.0,.851,0.6,6.9,7.5,3.7,1.1,0.1,3.0,2.2,23.1,100,110,2020
Kevin Hervey,PF,23,OKC,3,0,9,0.0,21.7,.000,0.0,16.3,.000,0.0,5.4,.000,0.0,0.0,,0.0,10.8,10.8,5.4,0.0,0.0,0.0,5.4,0.0,17,111,2020
Mario Hezonja,PF,24,POR,31,4,503,4.7,11.8,.400,1.1,3.7,.308,3.6,8.1,.442,2.9,3.5,.838,1.8,9.5,11.2,2.6,1.7,0.4,2.2,6.5,13.5,102,111,2020
Buddy Hield,SG,27,SAC,41,41,1407,10.6,25.4,.418,5.1,13.9,.368,5.5,11.4,.479,2.7,3.3,.819,1.3,5.9,7.2,4.5,1.2,0.4,3.8,3.7,29.0,102,113,2020
George Hill,PG,33,MIL,40,0,851,7.6,14.0,.546,3.4,6.5,.525,4.3,7.5,.564,2.7,3.4,.810,2.0,4.8,6.8,6.6,1.6,0.2,1.9,3.1,21.4,137,105,2020
Solomon Hill,SF,28,MEM,40,2,756,5.0,12.5,.404,2.8,7.6,.371,2.2,4.9,.456,1.2,1.7,.714,1.4,6.5,7.8,4.9,1.8,0.4,2.0,3.5,14.2,108,113,2020
Jaylen Hoard,SF,20,POR,10,0,64,6.7,16.3,.409,0.0,1.5,.000,6.7,14.9,.450,4.5,6.7,.667,5.9,7.4,13.4,1.5,3.0,0.0,3.0,3.0,17.8,99,110,2020
Aaron Holiday,PG,23,IND,40,18,942,8.0,19.0,.423,3.2,7.7,.409,4.9,11.2,.433,2.4,2.8,.870,0.8,4.1,5.0,7.5,1.7,0.4,2.9,3.9,21.7,107,109,2020
Jrue Holiday,SG,29,NOP,34,34,1212,10.2,23.4,.438,2.6,7.5,.342,7.7,15.9,.483,2.6,3.7,.708,1.7,4.6,6.4,8.5,2.2,1.0,4.0,2.8,25.7,104,112,2020
Justin Holiday,SG,30,IND,42,2,1062,5.3,12.8,.412,3.4,8.4,.407,1.9,4.5,.423,1.2,1.5,.818,0.8,5.7,6.5,2.9,1.9,1.1,1.1,3.3,15.2,113,107,2020
Rondae Hollis-Jefferson,SF,25,TOR,33,2,664,7.1,15.1,.471,0.1,0.9,.154,7.0,14.2,.492,5.0,6.6,.758,5.3,6.8,12.1,3.9,2.2,0.9,2.5,5.0,19.4,114,104,2020
Richaun Holmes,C,26,SAC,37,33,1087,9.2,13.9,.660,0.0,0.0,,9.2,13.9,.660,3.4,4.2,.817,5.1,9.1,14.2,1.7,1.8,2.3,2.1,6.5,21.8,133,107,2020
Rodney Hood,SF,27,POR,21,21,619,6.7,13.2,.506,2.7,5.5,.493,4.0,7.8,.515,1.6,2.1,.778,0.8,4.8,5.5,2.5,1.3,0.3,1.5,3.5,17.7,120,115,2020
Al Horford,C,33,PHI,39,39,1209,8.1,17.9,.453,2.2,6.6,.333,5.9,11.3,.523,1.4,2.0,.700,2.6,7.6,10.2,6.2,1.5,1.5,1.7,3.5,19.8,114,106,2020
Talen Horton-Tucker,SG,19,LAL,2,0,5,0.0,9.6,.000,0.0,9.6,.000,0.0,0.0,,0.0,0.0,,0.0,0.0,0.0,19.1,9.6,0.0,0.0,0.0,0.0,92,93,2020
Danuel House,SF,26,HOU,34,29,1037,5.4,12.5,.430,3.0,8.1,.370,2.4,4.4,.541,1.8,2.4,.741,1.7,4.3,5.9,1.9,1.3,0.8,1.4,3.4,15.5,115,112,2020
Dwight Howard,C,34,LAL,41,0,813,7.5,10.4,.723,0.2,0.3,.600,7.4,10.1,.727,3.3,6.5,.505,6.0,12.1,18.1,1.7,0.9,3.5,3.0,7.9,18.5,125,101,2020
Kevin Huerter,SG,21,ATL,31,23,864,7.1,16.7,.423,3.6,9.0,.401,3.4,7.7,.448,2.0,2.4,.844,1.0,5.9,7.0,5.9,1.6,0.8,3.0,3.6,19.8,107,113,2020
De'Andre Hunter,SF,22,ATL,41,40,1271,6.4,16.1,.401,2.3,7.0,.333,4.1,9.0,.453,2.5,3.3,.767,0.7,4.9,5.6,2.6,1.0,0.3,2.4,4.0,17.8,96,116,2020
Chandler Hutchison,SF,23,CHI,16,6,240,6.4,14.6,.438,1.4,3.2,.438,5.0,11.4,.439,4.6,7.8,.590,0.6,8.8,9.4,1.8,2.2,1.0,3.2,4.0,18.9,93,105,2020
Serge Ibaka,C,30,TOR,31,14,825,11.0,21.8,.507,1.7,4.5,.377,9.3,17.3,.540,3.5,4.7,.741,4.1,11.3,15.3,2.2,0.8,1.6,3.7,4.9,27.2,106,103,2020
Ersan İlyasova,PF,32,MIL,39,4,654,8.0,15.9,.502,2.6,7.0,.370,5.4,8.9,.606,3.6,4.3,.823,3.4,11.4,14.7,2.7,1.1,0.9,1.5,4.2,22.1,126,101,2020
Joe Ingles,SF,32,UTA,41,21,1231,6.3,13.9,.453,3.7,8.6,.425,2.6,5.3,.500,1.8,2.3,.793,0.6,6.1,6.7,7.6,1.5,0.2,3.0,3.4,18.1,116,108,2020
Brandon Ingram,PF,22,NOP,37,37,1277,12.1,25.3,.480,3.4,8.4,.406,8.7,16.9,.517,7.2,8.3,.860,1.2,7.9,9.2,5.8,1.3,1.1,4.1,3.9,34.8,114,112,2020
Kyrie Irving,PG,27,BRK,14,14,461,14.3,30.9,.462,3.7,10.1,.364,10.6,20.8,.510,6.6,7.3,.915,1.5,6.0,7.6,9.9,1.7,0.8,3.2,3.6,38.9,118,108,2020
Jonathan Isaac,SF,22,ORL,32,32,949,7.7,16.6,.463,1.5,4.7,.330,6.1,11.9,.515,2.9,3.8,.767,2.9,8.5,11.4,2.3,2.6,4.0,2.4,4.1,19.8,105,100,2020
Wesley Iwundu,SF,25,ORL,28,9,505,4.4,12.1,.360,0.9,3.4,.257,3.5,8.7,.400,4.0,4.6,.854,1.7,5.8,7.5,2.7,1.6,0.9,1.5,4.1,13.5,102,108,2020
Frank Jackson,PG,21,NOP,33,1,458,7.5,19.5,.387,2.4,8.8,.279,5.1,10.7,.476,3.5,4.5,.773,1.0,3.5,4.5,2.9,1.1,0.2,3.1,4.7,21.0,94,116,2020
Jaren Jackson,C,20,MEM,41,41,1148,10.7,22.4,.480,4.3,10.6,.408,6.4,11.8,.545,3.7,4.9,.760,1.8,6.1,7.9,2.4,1.2,2.4,2.7,6.8,29.6,112,112,2020
Justin Jackson,PF,24,DAL,38,2,611,6.9,16.9,.410,2.7,8.7,.312,4.2,8.2,.515,1.8,2.2,.821,1.3,6.1,7.3,1.8,0.7,0.4,0.6,3.7,18.4,111,113,2020
Reggie Jackson,PG,29,DET,2,2,36,5.4,14.9,.364,1.4,6.8,.200,4.1,8.1,.500,1.4,1.4,1.000,1.4,5.4,6.8,10.8,0.0,0.0,1.4,2.7,13.5,112,118,2020
Justin James,SG,23,SAC,22,0,192,6.9,17.1,.403,1.8,5.9,.304,5.1,11.2,.455,0.8,2.8,.273,1.0,5.9,6.9,3.3,1.3,2.3,1.8,3.6,16.3,92,110,2020
LeBron James,PG,35,LAL,39,39,1362,13.3,27.0,.491,2.9,8.4,.346,10.4,18.6,.557,5.3,7.6,.694,1.4,9.2,10.6,14.9,1.8,0.7,5.1,2.4,34.7,117,105,2020
Amile Jefferson,PF,26,ORL,14,0,68,2.9,7.9,.364,0.0,0.0,,2.9,7.9,.364,2.9,8.6,.333,5.7,9.3,15.1,2.9,0.0,2.2,2.2,4.3,8.6,91,108,2020
DaQuan Jeffries,SG,22,SAC,2,0,11,4.5,4.5,1.000,0.0,0.0,,4.5,4.5,1.000,0.0,0.0,,4.5,0.0,4.5,4.5,0.0,0.0,0.0,4.5,8.9,212,119,2020
Ty Jerome,PG,22,PHO,12,0,137,5.5,16.8,.327,2.1,6.9,.300,3.4,9.9,.345,1.4,1.7,.800,1.0,4.8,5.8,7.9,3.8,0.0,3.1,4.8,14.4,90,108,2020
Alize Johnson,SF,23,IND,11,0,46,7.4,14.9,.500,0.0,0.0,,7.4,14.9,.500,4.2,6.4,.667,6.4,9.6,15.9,2.1,0.0,0.0,1.1,6.4,19.1,122,110,2020
B.J. Johnson,SF,24,ORL,4,0,38,6.4,18.0,.357,1.3,6.4,.200,5.1,11.6,.444,0.0,0.0,,1.3,3.9,5.1,2.6,2.6,0.0,3.9,0.0,14.1,73,108,2020
Cameron Johnson,PF,23,PHO,38,0,754,6.4,15.1,.420,4.1,10.3,.398,2.2,4.8,.468,1.7,2.2,.750,2.2,5.0,7.2,2.2,1.1,0.7,1.5,3.5,18.5,112,113,2020
James Johnson,PF,32,MIA,11,0,157,6.8,13.7,.500,3.1,6.8,.455,3.7,6.8,.545,2.5,4.0,.615,2.2,7.5,9.6,2.5,0.9,1.9,2.5,5.9,19.3,114,108,2020
Keldon Johnson,SF,20,SAS,2,0,7,6.8,27.2,.250,0.0,0.0,,6.8,27.2,.250,0.0,0.0,,0.0,13.6,13.6,0.0,0.0,0.0,0.0,0.0,13.6,54,114,2020
Stanley Johnson,PF,23,TOR,13,0,71,4.7,16.9,.280,1.3,8.1,.167,3.4,8.8,.385,2.0,2.7,.750,2.0,8.1,10.1,2.0,2.0,0.7,4.7,4.7,12.8,67,103,2020
Tyler Johnson,SG,27,PHO,28,3,473,5.9,15.6,.376,2.0,7.4,.270,3.9,8.2,.470,2.2,3.0,.733,1.0,4.1,5.1,4.7,1.0,0.7,2.2,3.8,15.9,96,113,2020
Nikola Jokić,C,24,DEN,41,41,1289,11.7,23.0,.510,2.1,6.2,.331,9.7,16.7,.577,4.7,5.8,.803,3.6,11.9,15.5,10.1,1.5,0.9,4.2,4.8,30.2,118,105,2020
Damian Jones,C,24,ATL,37,20,616,7.0,10.1,.694,0.2,0.5,.333,6.9,9.7,.711,3.3,4.5,.733,3.9,6.3,10.3,1.8,1.0,2.3,1.5,8.2,17.5,138,112,2020
Derrick Jones,SF,22,MIA,27,1,656,6.4,13.6,.470,1.3,5.5,.230,5.1,8.1,.633,3.5,4.6,.758,1.6,7.0,8.6,1.8,2.3,1.4,1.5,4.8,17.6,111,106,2020
Tyus Jones,PG,23,MEM,42,6,802,6.3,14.5,.438,1.3,3.9,.328,5.0,10.6,.478,1.4,1.9,.750,0.3,3.4,3.7,11.3,2.2,0.3,2.4,1.7,15.3,112,114,2020
DeAndre Jordan,C,31,BRK,37,4,777,7.3,11.1,.656,0.0,0.0,,7.3,11.1,.656,3.3,4.9,.679,5.3,16.5,21.8,4.4,0.9,2.1,2.9,4.4,17.9,127,102,2020
Cory Joseph,PG,28,SAC,41,20,1047,4.7,12.1,.390,1.2,3.9,.313,3.5,8.2,.426,1.5,1.7,.892,1.1,4.1,5.2,6.9,1.5,0.7,2.2,3.9,12.2,104,113,2020
Mfiondu Kabengele,C,22,LAC,10,0,44,10.6,23.4,.455,6.4,12.8,.500,4.3,10.6,.400,3.2,3.2,1.000,1.1,7.5,8.5,1.1,1.1,1.1,1.1,6.4,30.9,123,107,2020
Frank Kaminsky,C,26,PHO,32,13,718,8.3,18.3,.455,2.6,7.3,.348,5.8,10.9,.527,3.9,5.8,.670,2.0,8.4,10.3,4.6,0.9,0.7,2.2,4.5,23.0,111,111,2020
Enes Kanter,C,27,BOS,33,4,606,10.5,17.8,.587,0.1,0.4,.200,10.4,17.4,.596,3.2,4.6,.690,7.7,13.8,21.5,2.7,1.3,2.3,2.7,4.6,24.2,124,101,2020
Luke Kennard,SG,23,DET,28,25,922,8.0,18.0,.442,3.8,9.6,.399,4.1,8.4,.491,3.5,4.0,.893,0.5,4.7,5.2,6.1,0.6,0.3,2.3,3.4,23.3,117,116,2020
Stanton Kidd,SF,27,UTA,4,0,15,0.0,9.7,.000,0.0,3.2,.000,0.0,6.5,.000,0.0,0.0,,0.0,9.7,9.7,3.2,0.0,0.0,6.5,9.7,0.0,13,110,2020
Michael Kidd-Gilchrist,PF,26,CHO,12,0,160,5.6,16.4,.340,1.6,5.3,.294,4.0,11.2,.361,2.2,2.8,.778,2.8,8.1,10.9,3.1,0.0,0.9,2.2,5.6,14.9,91,115,2020
Louis King,SF,20,DET,4,0,12,12.2,28.4,.429,4.1,12.2,.333,8.1,16.2,.500,0.0,0.0,,4.1,4.1,8.1,4.1,4.1,0.0,4.1,8.1,28.4,96,109,2020
Maxi Kleber,C,28,DAL,41,10,1029,6.0,12.9,.463,3.3,8.1,.401,2.7,4.7,.570,2.5,2.8,.881,3.0,7.5,10.5,2.0,0.6,1.8,1.6,4.4,17.6,126,111,2020
Brandon Knight,PG,28,CLE,16,0,241,5.7,17.4,.326,3.8,12.9,.297,1.8,4.4,.409,0.8,2.6,.308,0.6,3.4,4.0,6.3,1.0,0.4,3.2,4.0,16.0,89,118,2020
Kevin Knox,SF,20,NYK,41,4,803,6.4,17.0,.376,2.9,8.8,.336,3.4,8.2,.419,3.0,4.6,.649,1.0,6.9,7.9,2.7,1.2,1.0,1.7,4.0,18.7,101,115,2020
John Konchar,SG,23,MEM,2,0,8,0.0,0.0,,0.0,0.0,,0.0,0.0,,0.0,0.0,,0.0,5.8,5.8,0.0,0.0,0.0,0.0,0.0,0.0,,118,2020
Furkan Korkmaz,SG,22,PHI,42,11,858,7.4,16.9,.438,4.0,10.3,.390,3.4,6.6,.513,1.4,2.0,.714,0.6,4.7,5.3,1.9,1.3,0.5,1.6,3.1,20.2,108,109,2020
Luke Kornet,C,24,CHI,23,1,274,5.6,15.3,.368,2.5,9.7,.255,3.2,5.6,.563,1.6,2.1,.750,1.6,5.8,7.4,2.3,1.1,3.3,0.9,4.0,15.3,102,107,2020
Kyle Korver,SF,38,MIL,37,0,613,5.5,13.5,.409,4.5,10.8,.417,1.0,2.8,.378,1.6,1.8,.875,0.7,4.4,5.1,3.3,1.3,0.5,2.3,3.3,17.1,110,106,2020
Rodions Kurucs,PF,21,BRK,25,3,323,5.8,12.2,.476,2.2,4.8,.455,3.6,7.4,.490,1.5,2.6,.556,2.0,7.4,9.5,3.2,1.5,0.3,3.5,6.7,15.3,100,108,2020
Kyle Kuzma,PF,24,LAL,32,5,781,9.4,21.8,.430,3.2,9.5,.342,6.1,12.3,.498,3.2,4.3,.746,1.4,6.1,7.5,2.1,0.6,0.8,2.9,3.4,25.2,101,109,2020
Skal Labissière,C,23,POR,33,1,567,6.8,12.3,.551,0.3,1.1,.231,6.5,11.2,.582,2.1,2.8,.758,5.4,8.7,14.2,3.5,0.6,2.6,2.5,7.5,15.9,120,111,2020
Jeremy Lamb,SG,27,IND,31,31,910,8.2,18.3,.449,2.0,6.1,.325,6.2,12.2,.511,3.8,4.3,.864,1.0,7.1,8.1,3.9,2.1,0.8,2.0,3.6,22.2,108,106,2020
Romeo Langford,SG,20,BOS,11,0,106,3.6,9.1,.400,0.9,4.1,.222,2.7,5.0,.545,3.2,3.6,.875,2.3,2.7,5.0,0.9,1.4,0.9,0.9,3.2,11.4,115,109,2020
Zach LaVine,SG,24,CHI,43,43,1461,12.0,27.2,.440,4.4,11.3,.392,7.5,15.9,.474,6.5,7.8,.832,1.0,5.7,6.7,5.7,1.9,0.6,4.6,3.1,34.9,106,108,2020
Jake Layman,PF,25,MIN,14,2,369,7.7,16.7,.462,2.4,6.8,.352,5.3,9.9,.538,0.8,1.3,.600,1.5,3.7,5.2,1.4,1.5,1.3,2.3,3.9,18.6,100,112,2020
T.J. Leaf,PF,22,IND,21,1,177,7.4,17.9,.415,1.4,3.9,.357,6.1,14.1,.431,1.7,2.8,.600,5.5,10.8,16.3,1.7,1.9,0.8,1.7,4.4,17.9,102,104,2020
Jalen Lecque,G,19,PHO,1,0,2,0.0,23.5,.000,0.0,0.0,,0.0,23.5,.000,0.0,0.0,,0.0,0.0,0.0,0.0,0.0,0.0,0.0,0.0,0.0,0,119,2020
Courtney Lee,SG,34,DAL,10,3,80,7.9,14.0,.565,4.3,7.3,.583,3.7,6.7,.545,0.0,0.0,,0.0,3.0,3.0,1.8,0.0,1.2,1.2,3.7,20.1,130,115,2020
Damion Lee,SG,27,GSW,27,14,734,7.4,18.3,.407,2.5,7.1,.358,4.9,11.1,.439,4.9,5.5,.882,1.6,7.6,9.3,4.4,1.6,0.1,2.3,3.3,22.3,108,113,2020
Alex Len,C,26,ATL,38,9,711,9.1,16.4,.554,0.9,3.5,.259,8.2,12.9,.635,3.3,5.2,.633,4.2,10.1,14.3,2.7,1.2,2.0,2.4,5.8,22.4,116,110,2020
Kawhi Leonard,SF,28,LAC,32,32,1025,13.7,29.4,.465,2.9,7.8,.371,10.8,21.6,.499,8.5,9.6,.890,1.5,9.2,10.7,7.4,2.7,0.8,4.8,2.7,38.8,113,103,2020
Meyers Leonard,PF,27,MIA,41,41,823,5.8,10.6,.542,2.6,5.6,.457,3.2,5.0,.635,0.8,1.1,.684,1.3,10.7,12.0,2.8,0.6,0.8,1.7,5.0,14.8,121,108,2020
Caris LeVert,SG,25,BRK,15,9,417,9.9,24.3,.409,2.6,7.0,.371,7.3,17.3,.425,3.6,5.9,.615,1.7,5.2,6.9,5.8,1.1,0.2,5.1,3.0,26.1,92,111,2020
Damian Lillard,PG,29,POR,41,41,1505,11.0,24.6,.446,4.4,12.2,.358,6.6,12.4,.533,8.6,9.7,.886,0.6,4.7,5.3,9.9,1.3,0.5,3.6,2.3,34.9,122,115,2020
Nassir Little,PF,19,POR,32,3,387,4.7,11.9,.392,0.9,4.5,.189,3.8,7.4,.517,2.6,4.1,.636,2.8,7.4,10.2,1.8,1.0,1.1,1.5,5.4,12.8,101,113,2020
Kevon Looney,C,23,GSW,10,3,105,5.0,14.6,.344,0.5,0.9,.500,4.6,13.7,.333,1.4,2.3,.600,6.8,6.4,13.2,1.8,1.4,0.9,2.7,7.7,11.8,88,113,2020
Brook Lopez,C,31,MIL,41,41,1076,6.3,15.3,.415,2.5,8.1,.304,3.9,7.2,.542,2.6,2.9,.870,1.1,7.2,8.3,2.6,1.3,4.3,1.6,3.9,17.7,107,99,2020
Robin Lopez,C,31,MIL,42,2,600,7.5,14.7,.510,1.3,4.8,.270,6.2,9.9,.628,1.5,3.0,.513,3.1,5.7,8.8,2.1,0.5,2.2,2.8,4.0,17.8,104,104,2020
Kevin Love,PF,31,CLE,35,35,1095,8.8,19.3,.454,3.5,9.7,.361,5.2,9.6,.549,5.6,6.6,.839,1.4,14.6,16.0,4.4,0.8,0.6,4.2,2.4,26.6,110,112,2020
Kyle Lowry,PG,33,TOR,30,30,1132,7.6,18.8,.404,3.9,11.2,.352,3.7,7.7,.481,6.4,7.5,.859,0.7,4.9,5.7,9.9,1.5,0.5,3.7,4.1,25.6,116,107,2020
Timothé Luwawu-Cabarrot,SG,24,BRK,18,0,307,4.4,11.5,.387,1.8,5.7,.324,2.6,5.8,.447,2.1,2.9,.737,1.4,5.1,6.4,1.8,1.4,0.2,2.5,5.4,12.9,94,110,2020
Trey Lyles,PF,24,SAS,40,30,693,4.9,12.2,.401,2.0,6.1,.326,2.9,6.1,.477,1.0,1.5,.682,3.5,12.6,16.1,3.4,0.8,1.0,1.7,3.5,12.8,108,111,2020
Daryl Macon,SG,24,MIA,4,0,14,3.5,10.5,.333,3.5,7.0,.500,0.0,3.5,.000,0.0,0.0,,0.0,0.0,0.0,3.5,0.0,0.0,7.0,3.5,10.5,65,117,2020
Josh Magette,PG,30,ORL,8,0,38,6.4,19.3,.333,1.3,5.1,.250,5.1,14.1,.364,1.3,2.6,.500,1.3,6.4,7.7,6.4,3.9,1.3,6.4,5.1,15.4,71,102,2020
Ian Mahinmi,C,33,WAS,21,18,462,5.9,12.1,.492,0.4,1.6,.250,5.5,10.5,.529,4.1,7.1,.586,4.9,7.5,12.4,3.0,1.8,2.9,3.2,6.2,16.4,107,112,2020
Thon Maker,C,22,DET,40,3,440,5.3,10.5,.505,1.1,3.3,.333,4.2,7.2,.585,4.8,7.4,.642,2.9,6.0,8.8,1.8,1.4,2.4,2.9,6.4,16.5,110,111,2020
Terance Mann,SG,23,LAC,26,5,220,4.5,10.0,.447,0.4,2.1,.200,4.0,7.9,.514,1.7,2.1,.800,0.9,4.9,5.7,6.2,1.3,0.6,2.8,5.7,11.1,102,109,2020
Boban Marjanović,C,31,DAL,21,1,209,12.6,23.1,.545,0.5,1.6,.286,12.1,21.4,.565,4.4,6.5,.679,7.2,14.9,22.1,1.9,0.7,0.7,3.7,7.7,30.1,113,107,2020
Lauri Markkanen,PF,22,CHI,43,43,1296,8.1,19.0,.427,3.5,10.0,.353,4.6,9.0,.508,4.2,5.1,.819,2.0,8.5,10.4,2.5,1.3,0.8,2.6,3.2,23.9,108,108,2020
Caleb Martin,SF,24,CHO,5,0,32,4.7,15.5,.300,0.0,4.7,.000,4.7,10.9,.429,4.7,7.8,.600,1.6,6.2,7.8,4.7,1.6,3.1,4.7,4.7,14.0,75,110,2020
Cody Martin,SF,24,CHO,31,0,444,4.6,11.5,.398,0.9,4.5,.200,3.7,7.0,.524,3.2,4.7,.690,1.9,6.6,8.5,4.1,2.5,0.6,2.0,4.8,13.3,103,111,2020
Kelan Martin,SF,24,MIN,17,3,295,6.2,17.3,.358,2.4,9.0,.263,3.8,8.2,.462,0.8,0.8,1.000,0.8,8.4,9.2,1.4,0.5,0.8,1.0,5.1,15.5,92,112,2020
Frank Mason,PG,25,MIL,4,0,18,2.5,17.8,.143,2.5,10.2,.250,0.0,7.6,.000,5.1,10.2,.500,2.5,2.5,5.1,12.7,2.5,0.0,2.5,5.1,12.7,86,104,2020
Garrison Mathews,SG,23,WAS,15,0,196,5.5,11.9,.460,4.3,10.0,.429,1.2,1.9,.625,6.9,7.6,.906,1.4,4.0,5.5,2.4,0.7,0.2,1.7,6.2,22.1,139,120,2020
Wesley Matthews,SG,33,MIL,40,40,968,4.6,11.6,.394,2.8,7.9,.353,1.8,3.7,.481,1.5,1.9,.780,0.4,4.3,4.7,2.6,1.2,0.3,1.2,2.8,13.5,108,106,2020
Patrick McCaw,SF,24,TOR,20,11,539,4.4,10.0,.434,1.4,4.3,.333,2.9,5.8,.508,0.6,0.8,.778,0.9,3.4,4.3,4.7,2.0,0.1,2.0,3.1,10.7,104,107,2020
CJ McCollum,SG,28,POR,42,42,1495,11.4,25.2,.453,3.5,9.2,.378,7.9,16.1,.495,2.4,3.0,.789,0.9,4.5,5.4,5.1,1.0,0.9,2.3,3.3,28.7,109,115,2020
T.J. McConnell,PG,27,IND,40,1,751,8.1,15.6,.517,0.3,0.7,.364,7.8,14.9,.524,1.2,1.6,.760,1.3,5.4,6.7,13.3,1.6,0.3,3.8,2.7,17.6,112,109,2020
Jalen McDaniels,PF,22,CHO,2,0,7,14.2,35.5,.400,0.0,7.1,.000,14.2,28.4,.500,0.0,0.0,,7.1,0.0,7.1,0.0,0.0,0.0,0.0,0.0,28.4,90,122,2020
Doug McDermott,PF,28,IND,42,0,869,8.6,18.5,.465,4.1,9.6,.429,4.5,8.9,.503,1.5,1.9,.818,1.1,5.4,6.5,2.5,0.3,0.2,1.5,4.1,22.8,113,112,2020
JaVale McGee,C,32,LAL,41,41,696,8.8,13.7,.640,0.1,0.2,.667,8.7,13.5,.640,2.1,3.4,.612,5.4,11.2,16.6,2.0,1.6,4.7,2.1,6.9,19.8,126,98,2020
Rodney McGruder,SG,28,LAC,30,2,496,3.9,9.8,.394,1.7,5.8,.295,2.2,4.1,.535,0.7,1.3,.500,1.6,6.4,8.0,1.8,1.4,0.7,1.1,4.7,10.1,103,107,2020
Alfonzo McKinnie,SF,27,CLE,28,1,359,5.4,13.3,.408,1.2,5.3,.231,4.2,8.0,.525,1.2,1.9,.643,3.0,6.6,9.6,1.2,2.0,0.7,2.2,6.1,13.3,95,114,2020
Jordan McLaughlin,PG,23,MIN,7,0,112,5.8,15.9,.368,2.9,8.4,.350,2.9,7.5,.389,1.7,1.7,1.000,0.8,5.0,5.8,7.9,2.1,0.0,2.1,2.5,16.3,108,111,2020
Ben McLemore,SG,26,HOU,40,11,968,6.6,15.7,.421,4.9,13.3,.367,1.7,2.4,.720,1.7,2.2,.800,0.7,4.0,4.7,1.8,1.3,0.5,1.6,3.9,19.8,115,113,2020
Jordan McRae,SG,28,WAS,25,4,559,9.9,23.1,.430,3.2,7.5,.422,6.7,15.6,.433,4.7,6.1,.781,1.3,5.8,7.2,5.8,1.4,1.1,2.8,4.0,27.7,108,117,2020
Nicolò Melli,C,29,NOP,31,5,476,5.8,13.5,.428,2.7,8.3,.329,3.0,5.2,.585,2.9,3.6,.811,1.6,5.7,7.3,3.0,2.0,0.5,2.1,5.3,17.3,112,113,2020
De'Anthony Melton,PG,21,MEM,31,0,540,7.3,16.2,.452,1.6,5.0,.310,5.8,11.2,.515,4.7,5.4,.857,2.1,8.4,10.5,8.2,3.5,0.9,3.8,5.0,20.9,111,107,2020
Chimezie Metu,PF,22,SAS,11,0,41,15.1,25.6,.591,0.0,0.0,,15.1,25.6,.591,4.7,7.0,.667,9.3,10.5,19.8,3.5,1.2,3.5,1.2,1.2,34.9,131,108,2020
Khris Middleton,SF,28,MIL,36,33,1022,11.5,23.4,.491,3.5,8.4,.410,8.0,14.9,.538,4.8,5.4,.893,1.3,7.9,9.2,6.1,1.6,0.3,3.2,3.6,31.3,117,103,2020
C.J. Miles,SG,32,WAS,10,0,161,5.5,17.1,.322,3.2,10.1,.314,2.3,6.9,.333,4.3,5.8,.750,1.2,2.3,3.5,3.5,2.9,1.2,1.2,4.0,18.5,103,115,2020
Malcolm Miller,SF,26,TOR,21,1,115,2.9,8.3,.350,2.1,6.2,.333,0.8,2.1,.400,0.4,2.5,.167,0.4,5.4,5.8,3.3,1.7,0.8,1.2,4.6,8.3,93,106,2020
Patty Mills,PG,31,SAS,40,1,931,8.3,18.7,.444,4.8,11.7,.408,3.5,7.0,.504,2.7,3.4,.791,0.6,2.6,3.1,4.1,1.7,0.3,1.9,3.1,24.1,115,115,2020
Paul Millsap,PF,34,DEN,32,32,798,8.2,17.4,.468,1.9,4.6,.413,6.2,12.8,.488,5.3,5.9,.885,4.0,7.5,11.5,2.8,1.7,1.4,2.6,5.6,23.5,116,106,2020
Shake Milton,SG,23,PHI,12,0,102,7.6,20.0,.381,2.4,10.5,.227,5.2,9.5,.550,4.8,6.2,.769,1.0,6.2,7.1,4.3,0.5,0.5,6.2,7.1,22.4,86,110,2020
Donovan Mitchell,SG,23,UTA,40,40,1387,12.9,28.0,.460,3.2,8.8,.364,9.6,19.1,.505,5.7,6.6,.853,1.1,4.9,6.0,6.1,1.6,0.3,3.4,3.4,34.6,111,109,2020
Naz Mitrou-Long,SG,26,IND,3,0,43,6.8,18.2,.375,2.3,12.5,.182,4.5,5.7,.800,0.0,0.0,,0.0,6.8,6.8,7.9,1.1,1.1,2.3,1.1,15.9,94,108,2020
Adam Mokoka,SG,21,CHI,2,0,6,0.0,40.1,.000,0.0,16.0,.000,0.0,24.1,.000,0.0,0.0,,16.0,0.0,16.0,0.0,0.0,0.0,0.0,0.0,0.0,30,117,2020
Malik Monk,SG,21,CHO,42,0,806,8.1,19.3,.422,2.3,8.9,.257,5.8,10.4,.562,2.6,3.3,.792,1.1,5.7,6.8,5.0,1.1,0.6,3.2,3.5,21.1,99,115,2020
E'Twaun Moore,SG,30,NOP,30,5,648,8.9,21.0,.423,3.2,8.1,.398,5.6,12.8,.438,1.5,2.4,.618,1.7,5.2,6.8,3.8,1.4,0.4,1.7,3.8,22.5,105,114,2020
Ja Morant,PG,20,MEM,36,36,1074,10.6,21.4,.494,1.4,3.6,.402,9.1,17.9,.512,5.4,6.7,.806,1.0,4.5,5.5,10.9,1.6,0.5,5.2,2.6,28.0,110,114,2020
Juwan Morgan,PF,22,UTA,7,0,28,3.5,8.7,.400,0.0,5.2,.000,3.5,3.5,1.000,0.0,0.0,,0.0,6.9,6.9,1.7,0.0,1.7,3.5,3.5,6.9,63,109,2020
Marcus Morris,SF,30,NYK,34,34,1081,9.4,21.5,.437,4.1,8.8,.467,5.3,12.7,.415,6.0,7.3,.822,1.7,6.6,8.3,2.3,1.3,0.7,2.5,4.4,28.9,114,115,2020
Markieff Morris,PF,30,DET,34,15,752,8.7,19.2,.455,3.7,9.3,.396,5.0,9.9,.510,2.7,3.6,.750,1.2,7.1,8.3,3.5,1.4,0.5,3.6,5.2,23.9,103,113,2020
Monte Morris,PG,24,DEN,41,1,747,8.2,18.4,.446,1.9,4.5,.412,6.3,13.9,.457,2.2,2.7,.805,0.7,3.4,4.2,9.1,1.7,0.6,1.6,2.0,20.4,116,110,2020
Johnathan Motley,PF,24,LAC,7,0,17,8.3,13.8,.600,2.8,2.8,1.000,5.5,11.0,.500,5.5,5.5,1.000,2.8,2.8,5.5,13.8,8.3,0.0,11.0,13.8,24.8,109,95,2020
Emmanuel Mudiay,PG,23,UTA,38,1,661,8.7,18.0,.482,1.6,4.7,.344,7.0,13.3,.530,2.9,4.0,.727,1.0,6.3,7.3,7.0,1.2,0.6,4.2,4.1,21.9,104,109,2020
Dejounte Murray,PG,23,SAS,36,28,870,8.3,17.0,.489,0.8,2.6,.313,7.5,14.4,.521,2.7,3.4,.790,2.5,9.3,11.8,8.2,3.3,0.5,4.2,4.5,20.2,106,108,2020
Jamal Murray,PG,22,DEN,40,40,1279,10.0,23.1,.435,2.5,7.7,.322,7.6,15.4,.491,4.6,5.1,.916,1.3,5.0,6.3,7.1,2.1,0.4,3.3,2.6,27.2,108,108,2020
Džanan Musa,SF,20,BRK,28,0,359,5.6,15.7,.358,1.7,7.5,.228,3.9,8.3,.476,3.8,4.9,.784,1.7,5.9,7.6,3.7,1.3,0.1,3.4,2.6,16.8,92,110,2020
Mike Muscala,C,28,OKC,28,0,348,5.5,15.8,.345,3.4,11.8,.286,2.1,4.1,.517,2.1,2.5,.833,1.5,8.3,9.8,3.5,0.8,0.8,1.5,4.6,16.4,102,110,2020
Sviatoslav Mykhailiuk,SF,22,DET,37,12,760,6.1,14.5,.419,4.6,10.6,.434,1.5,3.9,.377,1.6,2.0,.806,0.6,2.9,3.5,4.0,1.5,0.1,2.3,3.2,18.4,111,116,2020
Abdel Nader,SF,26,OKC,32,5,520,6.7,14.2,.470,2.6,7.2,.364,4.0,6.9,.581,2.6,3.3,.800,0.9,3.8,4.8,2.3,1.0,0.9,2.6,3.9,18.6,107,112,2020
Larry Nance,C,27,CLE,33,5,797,6.4,12.6,.505,1.9,5.4,.348,4.5,7.1,.624,1.6,2.5,.634,3.2,10.6,13.8,3.1,1.7,0.9,1.9,3.1,16.2,118,112,2020
Shabazz Napier,PG,28,MIN,28,14,619,6.6,17.0,.387,2.6,9.5,.280,3.9,7.6,.520,4.3,5.2,.826,0.5,4.8,5.2,9.5,2.1,0.5,4.3,3.2,20.1,103,111,2020
Raul Neto,PG,27,PHI,34,2,362,7.1,14.6,.486,2.3,5.6,.405,4.8,9.0,.537,1.3,1.6,.833,0.7,3.6,4.3,6.6,2.1,0.3,3.6,3.1,17.8,106,108,2020
Georges Niang,PF,26,UTA,35,0,462,7.0,15.3,.459,4.6,10.6,.436,2.4,4.7,.511,0.9,1.3,.750,0.8,6.2,7.0,2.1,0.6,0.4,1.5,4.7,19.6,117,110,2020
Nerlens Noel,C,25,OKC,35,4,646,7.9,12.0,.660,0.1,0.1,1.000,7.9,11.9,.658,4.5,5.6,.811,4.5,9.1,13.5,3.2,2.8,4.2,2.6,6.6,20.5,132,101,2020
Zach Norvell,SG,22,LAL,2,0,5,0.0,9.6,.000,0.0,0.0,,0.0,9.6,.000,0.0,0.0,,0.0,9.6,9.6,0.0,0.0,0.0,0.0,0.0,0.0,0,109,2020
Jaylen Nowell,SG,20,MIN,7,0,81,6.4,17.9,.355,1.2,9.8,.118,5.2,8.1,.643,4.0,4.6,.875,1.2,1.7,2.9,3.5,0.0,0.6,1.7,1.7,17.9,96,117,2020
Frank Ntilikina,PG,21,NYK,38,24,839,4.9,12.6,.388,1.7,5.4,.323,3.2,7.3,.437,1.9,2.2,.868,0.9,3.8,4.7,7.1,2.4,0.8,2.9,5.8,13.4,102,114,2020
Kendrick Nunn,SG,24,MIA,41,41,1240,10.3,22.5,.459,3.3,9.3,.352,7.0,13.2,.534,1.9,2.4,.803,0.4,3.9,4.3,5.7,1.5,0.3,2.8,3.9,25.8,106,111,2020
David Nwaba,SF,27,BRK,20,0,268,6.5,12.5,.521,2.1,4.9,.429,4.4,7.6,.581,3.2,4.7,.667,1.4,6.5,7.9,1.4,1.9,2.1,1.4,5.6,18.3,120,106,2020
Royce O'Neale,PF,26,UTA,41,38,1210,3.7,7.8,.477,2.2,4.8,.450,1.6,3.0,.520,0.8,1.0,.833,0.4,7.8,8.2,4.1,1.3,0.6,1.3,5.0,10.4,122,107,2020
Kyle O'Quinn,C,29,PHI,20,1,211,6.7,13.3,.500,1.4,4.4,.316,5.3,9.0,.590,0.7,1.8,.375,5.3,12.2,17.5,6.9,0.9,3.9,4.1,6.2,15.4,107,101,2020
Semi Ojeleye,PF,25,BOS,38,4,544,3.0,7.8,.386,1.9,5.0,.375,1.2,2.8,.406,1.0,1.2,.786,1.2,4.4,5.7,1.7,1.1,0.2,0.6,3.9,8.9,115,110,2020
Jahlil Okafor,C,24,NOP,24,9,399,9.7,15.9,.610,0.1,0.2,.500,9.6,15.7,.612,4.3,6.7,.649,5.0,8.0,13.0,4.1,0.6,2.2,4.1,7.1,23.9,116,112,2020
Elie Okobo,PG,22,PHO,32,2,380,6.2,14.7,.420,2.2,5.7,.391,4.0,9.0,.438,3.8,5.8,.660,1.0,4.1,5.1,8.3,1.9,0.4,1.6,3.6,18.4,117,112,2020
Josh Okogie,SG,21,MIN,39,12,931,4.8,12.0,.397,1.4,5.0,.270,3.4,7.0,.489,4.4,5.8,.759,2.5,6.2,8.6,2.9,2.1,1.0,2.9,4.3,15.3,102,109,2020
KZ Okpala,SF,20,MIA,3,0,3,0.0,0.0,,0.0,0.0,,0.0,0.0,,0.0,0.0,,0.0,16.3,16.3,0.0,0.0,0.0,16.3,0.0,0.0,0,108,2020
Kelly Olynyk,C,28,MIA,37,0,730,6.2,13.6,.456,3.3,8.0,.417,2.9,5.6,.512,3.1,3.5,.868,1.9,9.4,11.3,3.1,1.6,0.7,2.9,6.4,18.9,113,107,2020
Miye Oni,SG,22,UTA,3,0,8,0.0,0.0,,0.0,0.0,,0.0,0.0,,0.0,0.0,,0.0,6.1,6.1,0.0,0.0,0.0,6.1,0.0,0.0,0,112,2020
Cedi Osman,SF,24,CLE,42,42,1228,6.8,15.3,.444,3.1,7.9,.385,3.7,7.3,.508,1.4,2.3,.632,0.8,5.0,5.8,3.4,1.3,0.5,2.4,3.8,18.0,106,117,2020
Kelly Oubre,SF,24,PHO,40,40,1361,9.0,19.6,.460,2.5,7.2,.349,6.5,12.4,.524,4.7,6.1,.778,1.7,7.1,8.7,2.2,2.0,1.0,2.1,4.6,25.3,109,109,2020
Jabari Parker,PF,24,ATL,32,23,837,11.0,21.9,.504,1.7,6.4,.270,9.3,15.5,.601,2.9,4.0,.736,3.0,7.6,10.6,3.2,2.3,0.8,3.3,5.2,26.7,106,111,2020
Chandler Parsons,SF,31,ATL,5,0,54,4.3,15.5,.278,3.4,12.1,.286,0.9,3.4,.250,0.0,0.0,,0.9,5.2,6.0,2.6,3.4,0.9,2.6,2.6,12.1,76,110,2020
Eric Paschall,PF,23,GSW,38,20,1019,9.3,18.8,.493,1.1,3.7,.304,8.1,15.1,.539,4.8,6.1,.791,2.4,5.5,7.9,3.1,0.9,0.5,2.7,3.5,24.4,109,115,2020
Anžejs Pasečņiks,C,24,WAS,16,0,330,7.1,13.4,.526,0.0,0.1,.000,7.1,13.3,.532,4.0,6.5,.609,4.9,7.6,12.6,2.3,1.1,1.0,3.0,7.2,18.1,109,116,2020
Patrick Patterson,PF,30,LAC,37,16,509,5.8,14.7,.394,4.1,11.1,.372,1.7,3.6,.462,1.6,2.2,.708,2.3,7.2,9.5,2.5,0.6,0.3,1.0,2.9,17.3,118,110,2020
Justin Patton,C,22,OKC,5,0,24,8.1,20.3,.400,2.0,8.1,.250,6.1,12.2,.500,0.0,0.0,,2.0,8.1,10.2,4.1,0.0,0.0,4.1,8.1,18.3,86,113,2020
Chris Paul,PG,34,OKC,42,42,1341,8.8,18.5,.473,2.4,6.8,.360,6.3,11.8,.537,5.1,5.7,.898,0.5,7.1,7.6,9.9,2.4,0.2,3.2,3.6,25.1,119,108,2020
Elfrid Payton,PG,25,NYK,24,15,601,7.2,17.2,.416,0.8,3.3,.244,6.3,13.9,.457,1.2,2.2,.536,2.1,5.5,7.6,11.0,2.8,0.6,3.5,3.7,16.3,100,112,2020
Gary Payton,PG,27,WAS,13,10,286,5.5,12.0,.459,1.5,4.4,.333,4.1,7.7,.532,0.7,1.1,.571,2.6,5.9,8.5,5.4,3.7,1.0,2.6,4.4,13.2,106,111,2020
Norvel Pelle,SF,26,PHI,12,0,129,5.6,9.4,.600,0.0,0.0,,5.6,9.4,.600,1.5,3.0,.500,4.1,12.0,16.2,1.9,0.4,6.4,3.8,10.5,12.8,100,99,2020
Theo Pinson,SG,24,BRK,24,0,318,6.2,21.0,.296,2.1,10.5,.197,4.1,10.5,.394,2.2,2.4,.938,1.3,5.3,6.7,6.8,1.6,0.3,4.6,4.6,16.7,80,109,2020
Mason Plumlee,C,29,DEN,41,1,722,8.1,13.6,.593,0.0,0.3,.000,8.1,13.3,.605,4.2,7.5,.564,5.2,10.7,15.9,6.9,1.6,1.8,4.2,6.4,20.4,115,104,2020
Vincent Poirier,C,26,BOS,11,0,51,6.6,17.1,.389,0.0,0.0,,6.6,17.1,.389,2.8,3.8,.750,7.6,7.6,15.2,2.8,1.9,1.9,3.8,11.4,16.1,96,104,2020
Jakob Pöltl,C,24,SAS,40,7,704,6.0,10.0,.601,0.0,0.0,,6.0,10.0,.601,1.6,3.1,.522,5.1,10.2,15.4,5.1,1.4,4.0,2.3,4.6,13.7,123,107,2020
Shamorie Ponds,PG,21,TOR,4,0,11,13.1,21.8,.600,4.4,8.7,.500,8.7,13.1,.667,8.7,8.7,1.000,0.0,4.4,4.4,8.7,0.0,4.4,0.0,8.7,39.2,164,106,2020
Jordan Poole,SG,20,GSW,36,9,762,5.2,18.8,.278,2.7,10.4,.261,2.5,8.4,.299,3.4,4.2,.806,0.3,4.0,4.3,4.3,1.4,0.4,2.2,3.5,16.5,85,115,2020
Kevin Porter,SF,19,CLE,34,2,742,7.3,16.6,.439,1.8,6.0,.297,5.5,10.6,.519,2.6,3.6,.727,0.8,6.6,7.3,4.3,1.9,0.4,3.9,5.8,19.0,96,114,2020
Michael Porter,PF,21,DEN,32,1,383,11.2,20.5,.547,2.8,7.0,.407,8.4,13.5,.619,2.3,3.2,.720,3.6,9.7,13.3,2.4,1.2,1.8,3.1,6.4,27.6,115,106,2020
Otto Porter,SF,26,CHI,9,9,226,7.5,17.9,.417,3.4,8.5,.400,4.0,9.4,.432,3.2,4.3,.750,1.7,4.9,6.6,3.0,1.9,0.6,1.5,4.3,21.5,111,109,2020
Bobby Portis,C,24,NYK,42,4,891,8.9,20.3,.439,2.5,6.8,.368,6.4,13.5,.474,2.5,3.3,.754,3.5,9.7,13.2,3.4,1.2,0.5,2.3,4.2,22.8,108,114,2020
Kristaps Porziņģis,PF,24,DAL,31,31,968,9.6,23.7,.403,3.4,10.0,.343,6.1,13.8,.445,4.4,6.0,.725,2.7,11.9,14.6,2.3,0.9,3.3,2.6,4.7,26.9,104,105,2020
Dwight Powell,C,28,DAL,39,36,1052,6.8,10.6,.640,0.5,1.8,.256,6.3,8.7,.720,3.4,5.0,.670,3.5,6.9,10.4,2.7,1.6,1.0,1.6,4.7,17.4,135,110,2020
Norman Powell,SG,26,TOR,30,17,868,9.2,18.0,.512,3.4,8.3,.411,5.8,9.7,.600,3.5,4.2,.829,0.8,5.5,6.3,2.9,1.9,0.7,2.5,3.1,25.3,116,106,2020
Julius Randle,PF,25,NYK,40,40,1283,10.6,23.4,.452,1.9,6.4,.294,8.7,17.0,.511,5.6,7.9,.706,3.3,10.4,13.7,4.9,1.2,0.3,4.4,4.1,28.6,104,113,2020
Josh Reaves,SG,22,DAL,2,0,1,0.0,48.7,.000,0.0,0.0,,0.0,48.7,.000,0.0,0.0,,0.0,0.0,0.0,0.0,0.0,0.0,0.0,0.0,0.0,0,119,2020
Cam Reddish,SF,20,ATL,38,27,988,5.3,15.8,.334,2.0,7.0,.289,3.3,8.8,.371,2.8,3.5,.787,1.1,5.5,6.6,3.0,2.0,0.8,3.1,3.5,15.4,85,113,2020
J.J. Redick,SG,35,NOP,37,33,1053,8.1,17.9,.452,5.2,11.2,.464,2.9,6.7,.430,4.4,4.9,.901,0.4,4.4,4.7,3.3,0.6,0.3,1.8,2.5,25.7,124,117,2020
Naz Reid,C,20,MIN,11,0,145,11.3,28.1,.402,4.8,15.5,.313,6.5,12.6,.513,2.9,4.5,.643,2.9,6.8,9.7,3.2,1.3,1.9,2.6,9.0,30.3,101,110,2020
Josh Richardson,SG,26,PHI,35,35,1128,8.4,19.4,.434,2.5,7.6,.335,5.9,11.9,.496,3.7,4.5,.810,1.2,3.9,5.2,5.2,1.5,0.9,3.1,4.2,23.1,105,108,2020
Austin Rivers,SG,27,HOU,38,3,870,5.6,14.1,.402,2.3,7.6,.303,3.4,6.5,.516,2.0,2.8,.698,1.0,3.7,4.7,3.3,1.2,0.3,1.3,3.9,15.6,109,113,2020
Duncan Robinson,SF,25,MIA,41,36,1140,7.0,15.2,.460,5.6,13.1,.428,1.4,2.1,.667,1.2,1.2,.931,0.3,5.4,5.7,1.9,0.9,0.5,1.1,5.0,20.7,123,111,2020
Glenn Robinson,SF,26,GSW,42,42,1336,7.3,15.8,.464,2.0,5.1,.390,5.4,10.8,.498,1.8,2.1,.850,2.1,5.1,7.3,2.5,1.4,0.4,1.6,2.7,18.5,109,115,2020
Jerome Robinson,SG,22,LAC,34,0,392,5.0,14.2,.353,2.0,6.8,.298,3.0,7.4,.403,1.2,2.0,.588,0.6,5.7,6.3,4.3,1.2,0.8,2.7,5.3,13.3,89,108,2020
Justin Robinson,PG,22,WAS,9,0,49,4.8,11.4,.417,2.9,4.8,.600,1.9,6.7,.286,0.0,0.0,,1.0,3.8,4.8,6.7,0.0,1.0,2.9,1.9,12.4,105,121,2020
Mitchell Robinson,C,21,NYK,38,7,857,9.0,12.6,.713,0.0,0.0,,9.0,12.6,.713,3.3,5.5,.608,6.1,8.1,14.2,1.0,1.9,3.7,1.5,7.4,21.2,139,109,2020
Rajon Rondo,PG,33,LAL,27,2,582,6.6,16.2,.406,2.1,5.8,.352,4.5,10.4,.437,1.6,2.1,.800,1.2,7.3,8.5,12.1,2.1,0.2,4.7,2.6,16.8,103,106,2020
Derrick Rose,PG,31,DET,36,2,929,13.9,27.9,.496,1.8,5.6,.318,12.1,22.3,.541,4.6,5.2,.879,1.0,3.4,4.4,11.0,1.5,0.7,5.0,2.0,34.1,110,115,2020
Terrence Ross,SG,28,ORL,40,0,1023,8.7,21.3,.407,4.1,12.3,.331,4.6,9.1,.511,4.0,4.7,.848,0.4,5.2,5.6,1.8,2.1,0.6,1.9,3.0,25.4,104,108,2020
Terry Rozier,PG,25,CHO,44,44,1504,9.4,22.1,.424,4.0,9.9,.399,5.4,12.2,.444,3.8,4.5,.846,1.2,5.0,6.2,6.4,1.7,0.2,3.5,3.3,26.5,107,114,2020
Ricky Rubio,PG,29,PHO,34,34,1098,7.1,17.2,.413,1.8,5.2,.339,5.3,12.0,.445,3.8,4.6,.832,1.1,5.9,7.0,13.7,2.0,0.3,3.8,3.7,19.8,111,111,2020
D'Angelo Russell,SG,23,GSW,25,25,796,12.1,28.4,.428,5.1,13.9,.368,7.0,14.5,.485,5.3,6.9,.765,0.5,4.7,5.2,9.3,1.3,0.5,4.7,3.2,34.7,105,115,2020
Domantas Sabonis,C,23,IND,39,39,1331,10.3,19.3,.532,0.4,1.5,.250,9.9,17.8,.556,4.6,6.4,.724,4.8,13.7,18.5,6.1,1.2,0.8,3.8,4.8,25.5,114,104,2020
JaKarr Sampson,SF,26,IND,13,8,198,7.4,11.8,.625,0.5,2.5,.200,6.9,9.4,.737,0.5,2.0,.250,2.0,6.4,8.4,1.0,1.5,1.7,1.5,6.2,15.8,113,107,2020
Dario Šarić,PF,25,PHO,41,38,1029,6.8,15.7,.437,2.5,7.7,.321,4.4,8.0,.549,2.2,2.6,.842,2.8,8.9,11.6,3.5,1.2,0.5,2.4,4.3,18.4,107,110,2020
Tomáš Satoranský,PG,28,CHI,43,43,1234,6.2,13.7,.450,1.8,5.1,.356,4.3,8.5,.507,2.9,3.4,.872,1.7,4.4,6.1,8.9,2.3,0.2,3.3,3.4,17.1,113,109,2020
Admiral Schofield,SF,22,WAS,24,2,288,4.8,12.0,.405,2.3,7.4,.304,2.6,4.5,.571,1.5,1.9,.750,1.0,4.4,5.3,2.3,1.1,0.5,1.1,6.6,13.4,107,119,2020
Dennis Schröder,PG,26,OKC,41,0,1267,11.0,23.6,.465,3.0,8.5,.355,8.0,15.1,.527,4.0,4.8,.824,0.5,5.5,6.0,5.9,1.0,0.4,4.5,3.6,28.9,103,112,2020
Mike Scott,PF,31,PHI,43,7,783,5.5,13.9,.397,3.0,9.1,.333,2.5,4.8,.519,1.1,1.3,.857,2.0,6.6,8.6,1.6,0.8,0.2,0.9,3.3,15.2,110,110,2020
Thabo Sefolosha,PF,35,HOU,25,0,249,3.5,9.5,.373,2.0,6.0,.344,1.5,3.5,.421,0.0,0.2,.000,2.4,7.6,10.1,3.0,1.9,0.7,1.3,4.5,9.1,108,109,2020
Collin Sexton,SG,21,CLE,42,42,1327,11.3,25.0,.453,1.7,5.2,.329,9.6,19.8,.486,4.9,5.8,.836,1.5,3.4,4.9,3.6,1.5,0.1,3.2,3.1,29.3,105,118,2020
Landry Shamet,SG,22,LAC,25,17,665,5.0,12.5,.399,3.5,9.5,.370,1.5,3.0,.488,1.7,1.8,.960,0.2,3.5,3.7,2.9,0.7,0.4,1.5,5.4,15.2,113,111,2020
Iman Shumpert,SG,29,BRK,13,0,241,4.1,12.5,.328,1.6,6.4,.242,2.5,6.1,.419,0.8,1.4,.571,1.8,4.9,6.6,2.3,2.3,0.4,2.0,4.1,10.5,85,108,2020
Pascal Siakam,PF,25,TOR,30,30,1074,12.1,26.5,.455,3.2,8.1,.390,8.9,18.4,.484,5.0,6.2,.812,1.7,8.5,10.2,4.8,1.3,1.2,3.4,3.8,32.3,107,104,2020
Chris Silva,PF,23,MIA,30,0,249,7.5,10.8,.691,0.0,0.4,.000,7.5,10.4,.717,5.5,8.0,.683,9.0,9.0,18.0,2.9,1.2,3.1,5.7,12.7,20.4,120,104,2020
Ben Simmons,PG,23,PHI,41,41,1468,8.7,15.3,.567,0.1,0.2,.400,8.6,15.1,.569,3.5,6.0,.582,2.6,7.8,10.4,11.4,2.8,0.9,4.7,4.6,20.9,114,103,2020
Anfernee Simons,SG,20,POR,43,1,964,7.4,18.0,.413,2.4,7.4,.327,5.0,10.7,.472,2.2,2.9,.763,0.8,4.8,5.6,3.1,0.8,0.3,2.1,4.4,19.5,101,116,2020
Alen Smailagić,PF,19,GSW,9,0,92,8.3,15.1,.552,1.0,4.7,.222,7.3,10.4,.700,4.2,5.2,.800,3.6,7.8,11.4,4.2,0.5,1.6,2.6,5.2,21.8,121,113,2020
Marcus Smart,SG,25,BOS,31,21,973,6.0,16.3,.370,3.2,9.4,.339,2.8,6.9,.413,2.9,3.5,.829,1.2,3.7,5.0,7.1,2.4,0.7,2.0,3.7,18.1,112,107,2020
Dennis Smith,PG,22,NYK,21,1,339,5.8,17.9,.325,1.7,5.8,.293,4.1,12.1,.341,2.1,4.3,.500,1.9,4.4,6.3,8.1,1.4,1.0,4.3,6.3,15.5,85,115,2020
Ish Smith,PG,31,WAS,41,12,1076,8.3,18.1,.458,1.7,4.8,.364,6.6,13.4,.492,1.4,2.3,.623,0.8,4.5,5.3,8.2,1.5,0.6,2.4,2.6,19.8,108,118,2020
Tony Snell,SF,28,DET,38,36,1001,5.3,11.6,.460,3.4,8.0,.418,2.0,3.6,.554,0.6,0.6,1.000,0.3,3.0,3.3,2.7,0.8,0.3,0.8,3.2,14.7,122,117,2020
Omari Spellman,PF,22,GSW,40,3,708,7.3,16.2,.452,2.4,5.7,.417,4.9,10.5,.471,3.9,4.9,.795,4.8,8.1,12.9,2.7,1.9,1.4,3.1,3.2,20.9,109,110,2020
Max Strus,SG,23,CHI,2,0,6,16.0,24.1,.667,0.0,8.0,.000,16.0,16.0,1.000,8.0,8.0,1.000,8.0,0.0,8.0,0.0,0.0,0.0,0.0,8.0,40.1,153,117,2020
Edmond Sumner,PG,24,IND,15,2,227,6.5,14.8,.435,1.5,4.7,.318,4.9,10.1,.489,1.7,2.4,.727,1.5,3.7,5.2,5.6,2.4,0.9,1.9,5.4,16.1,106,108,2020
Caleb Swanigan,PF,22,SAC,7,0,23,4.3,8.5,.500,0.0,0.0,,4.3,8.5,.500,2.1,4.3,.500,4.3,10.7,14.9,4.3,2.1,4.3,12.8,17.1,10.7,61,103,2020
Jayson Tatum,PF,21,BOS,39,39,1331,11.0,25.7,.429,3.3,9.2,.358,7.7,16.5,.468,4.7,5.6,.844,1.4,8.3,9.7,4.0,1.9,1.2,3.1,2.9,30.0,106,105,2020
Jeff Teague,PG,31,MIN,34,13,945,7.2,16.0,.448,1.6,4.3,.379,5.5,11.7,.473,6.2,7.1,.868,0.7,3.6,4.4,10.3,1.2,0.6,3.8,3.5,22.2,116,113,2020
Garrett Temple,SG,33,BRK,36,25,1052,5.9,15.9,.368,3.4,10.5,.321,2.5,5.5,.459,1.8,2.4,.759,0.9,4.6,5.5,4.2,1.4,0.8,2.1,2.9,16.9,101,110,2020
Daniel Theis,C,27,BOS,36,35,787,6.9,13.2,.521,0.8,2.9,.277,6.1,10.3,.589,2.2,3.2,.692,4.4,9.2,13.5,3.3,1.4,3.1,1.7,7.4,16.8,121,102,2020
Isaiah Thomas,PG,30,WAS,32,29,752,8.7,21.2,.408,3.7,9.0,.407,5.0,12.3,.409,3.2,4.0,.813,0.4,2.4,2.8,7.9,0.7,0.3,4.1,4.0,24.2,102,121,2020
Khyri Thomas,SG,23,DET,2,0,6,0.0,0.0,,0.0,0.0,,0.0,0.0,,8.1,16.2,.500,0.0,0.0,0.0,0.0,0.0,0.0,0.0,0.0,8.1,123,121,2020
Matt Thomas,SG,25,TOR,16,0,185,7.2,15.3,.475,5.4,11.4,.477,1.8,3.9,.467,1.3,1.8,.714,0.8,4.9,5.7,1.8,1.0,0.0,1.8,3.9,21.2,118,109,2020
Tristan Thompson,C,28,CLE,40,40,1263,8.1,16.0,.508,0.1,0.3,.375,8.0,15.7,.511,2.9,4.7,.623,6.4,9.7,16.1,3.3,1.1,1.5,3.0,3.7,19.3,110,113,2020
Matisse Thybulle,SG,22,PHI,35,5,658,4.1,10.2,.396,2.5,6.2,.405,1.5,4.1,.382,1.5,2.2,.700,1.3,2.6,3.8,3.2,3.7,2.3,2.3,5.8,12.2,102,102,2020
Anthony Tolliver,PF,34,POR,33,9,554,3.7,10.0,.368,2.6,7.6,.337,1.1,2.4,.464,1.1,1.6,.684,2.3,7.1,9.4,2.5,0.7,0.8,1.8,4.6,11.1,105,114,2020
Karl-Anthony Towns,C,24,MIN,24,24,807,12.5,24.6,.509,4.9,11.9,.415,7.6,12.7,.598,6.9,8.6,.804,3.8,12.1,15.9,5.9,1.4,1.7,4.3,4.9,36.9,122,107,2020
Gary Trent,SG,21,POR,30,2,403,5.2,14.4,.361,3.4,9.2,.372,1.8,5.2,.341,0.9,0.9,1.000,0.9,3.7,4.6,2.2,1.7,0.6,1.2,3.4,14.7,103,115,2020
Allonzo Trier,PG,24,NYK,19,1,233,7.7,17.0,.451,3.1,9.3,.333,4.6,7.7,.595,6.4,8.1,.795,0.4,4.6,5.0,5.0,0.4,0.8,4.1,4.8,24.9,110,118,2020
P.J. Tucker,PF,34,HOU,40,40,1397,3.8,8.1,.465,2.0,5.3,.373,1.8,2.8,.643,0.8,1.1,.781,2.1,7.5,9.6,1.9,1.5,0.6,1.5,4.3,10.4,118,110,2020
Rayjon Tucker,SG,22,UTA,8,0,57,3.4,8.5,.400,0.0,4.3,.000,3.4,4.3,.800,2.6,4.3,.600,0.9,6.0,6.8,1.7,0.9,0.0,0.9,3.4,9.4,97,110,2020
Evan Turner,PG,31,ATL,18,0,230,4.9,12.8,.381,0.0,1.0,.000,4.9,11.7,.414,2.4,2.8,.857,1.4,5.9,7.3,7.3,1.6,1.6,5.1,3.6,12.1,84,112,2020
Myles Turner,C,23,IND,34,34,1000,7.3,16.2,.452,2.5,7.3,.340,4.8,8.9,.544,3.8,5.1,.750,2.1,7.9,10.1,2.1,0.9,3.4,2.1,4.2,20.9,110,105,2020
Jonas Valančiūnas,C,27,MEM,39,39,994,11.5,19.4,.594,1.2,2.8,.417,10.3,16.6,.624,3.3,4.4,.753,5.0,13.3,18.3,3.7,0.6,1.9,3.7,4.7,27.5,118,110,2020
Denzel Valentine,SF,26,CHI,23,0,271,9.2,21.7,.426,5.2,13.1,.392,4.1,8.5,.479,0.9,0.9,1.000,0.5,6.9,7.5,3.9,2.5,0.9,2.1,5.0,24.5,107,106,2020
Jarred Vanderbilt,SF,20,DEN,4,0,13,3.8,3.8,1.000,0.0,0.0,,3.8,3.8,1.000,0.0,0.0,,0.0,7.6,7.6,3.8,0.0,0.0,7.6,3.8,7.6,64,112,2020
Fred VanVleet,PG,25,TOR,31,31,1125,7.8,19.7,.394,3.4,9.1,.372,4.4,10.6,.414,4.7,5.6,.847,0.4,4.7,5.1,9.3,2.5,0.5,3.3,2.9,23.7,110,105,2020
Noah Vonleh,C,24,MIN,28,1,347,6.3,11.6,.547,0.3,1.9,.143,6.1,9.7,.625,3.1,3.8,.821,4.6,11.1,15.6,3.5,1.5,0.8,2.6,4.9,16.0,119,108,2020
Nikola Vučević,C,29,ORL,31,31,976,11.5,25.4,.451,2.7,7.2,.371,8.8,18.3,.482,3.8,4.7,.798,4.2,13.1,17.2,5.2,1.4,1.5,2.0,3.4,29.3,113,103,2020
Dean Wade,PF,23,CLE,7,0,47,7.2,10.4,.700,2.1,3.1,.667,5.2,7.2,.714,0.0,1.0,.000,2.1,13.5,15.5,1.0,2.1,3.1,3.1,6.2,16.6,115,107,2020
Moritz Wagner,C,22,WAS,21,4,429,10.1,17.4,.581,2.4,6.1,.393,7.7,11.3,.683,3.9,4.7,.837,3.7,10.1,13.8,3.0,1.6,1.4,4.7,8.8,26.5,115,113,2020
Kemba Walker,PG,29,BOS,36,36,1148,11.3,25.6,.442,5.3,13.6,.388,6.1,12.0,.503,5.6,6.5,.865,1.2,4.9,6.1,7.5,1.3,0.9,3.4,2.3,33.6,117,108,2020
Lonnie Walker,SG,21,SAS,32,1,381,9.1,20.3,.451,2.0,5.5,.364,7.1,14.8,.483,2.5,3.8,.667,1.5,6.8,8.3,2.5,1.5,0.5,2.6,4.8,22.8,99,113,2020
Tyrone Wallace,SG,25,ATL,14,0,160,4.1,12.8,.318,0.3,4.4,.067,3.8,8.4,.448,3.2,4.9,.647,0.9,5.5,6.4,3.8,2.0,0.3,2.9,5.5,11.6,79,113,2020
Taurean Waller-Prince,SF,25,BRK,40,40,1214,6.9,18.2,.381,3.8,10.6,.359,3.1,7.6,.411,1.3,1.7,.773,1.3,9.0,10.3,3.2,1.4,0.7,3.2,3.9,19.0,94,107,2020
Derrick Walton,PG,24,LAC,22,1,215,3.7,7.8,.472,2.0,4.6,.429,1.7,3.3,.533,1.3,1.5,.857,0.4,2.8,3.3,4.6,0.9,0.0,0.9,4.1,10.7,132,112,2020
Brad Wanamaker,PG,30,BOS,39,0,734,5.3,12.6,.424,1.2,3.4,.346,4.2,9.2,.453,4.7,5.1,.910,0.9,4.5,5.3,7.2,1.6,0.7,3.0,4.7,16.5,112,108,2020
T.J. Warren,SF,26,IND,42,42,1360,10.8,21.3,.509,1.8,4.8,.378,9.0,16.4,.548,3.7,4.6,.813,1.4,4.4,5.8,2.1,1.5,0.7,1.9,4.0,27.2,112,109,2020
PJ Washington,PF,21,CHO,39,39,1186,7.6,15.8,.480,2.3,5.5,.417,5.3,10.3,.514,2.8,4.1,.684,1.3,7.6,9.0,3.3,1.5,1.5,2.6,4.6,20.3,108,112,2020
Yuta Watanabe,SG,25,MEM,4,0,18,7.8,15.5,.500,2.6,5.2,.500,5.2,10.3,.500,0.0,0.0,,2.6,10.3,12.9,0.0,0.0,2.6,2.6,2.6,18.1,100,112,2020
Tremont Waters,PG,22,BOS,5,0,39,9.9,24.8,.400,2.5,13.6,.182,7.4,11.2,.667,5.0,5.0,1.000,0.0,3.7,3.7,6.2,3.7,2.5,6.2,5.0,27.3,92,101,2020
Paul Watson,SG,25,ATL,2,0,17,0.0,19.2,.000,0.0,8.2,.000,0.0,11.0,.000,0.0,0.0,,0.0,5.5,5.5,8.2,2.7,0.0,0.0,2.7,0.0,27,112,2020
Russell Westbrook,PG,31,HOU,34,34,1203,12.1,28.1,.433,1.5,6.4,.236,10.6,21.7,.490,6.7,8.6,.779,2.0,8.2,10.2,9.4,2.0,0.5,5.7,4.9,32.5,104,108,2020
Coby White,SG,19,CHI,43,0,1039,8.4,22.2,.379,3.6,10.5,.344,4.8,11.7,.411,2.2,3.0,.723,0.8,6.3,7.0,4.5,1.5,0.1,3.0,2.9,22.7,94,110,2020
Derrick White,SG,25,SAS,38,11,888,6.8,14.7,.464,1.8,4.9,.370,5.0,9.8,.511,4.0,4.8,.822,1.0,5.0,6.0,6.2,1.1,1.5,2.4,4.2,19.4,115,114,2020
Hassan Whiteside,C,30,POR,39,39,1174,10.2,17.1,.596,0.1,0.2,.500,10.1,17.0,.597,4.4,5.9,.740,6.4,15.8,22.3,1.9,0.6,4.6,3.1,4.7,24.9,122,104,2020
Andrew Wiggins,SF,24,MIN,33,33,1143,11.5,26.2,.439,2.7,8.6,.319,8.8,17.6,.498,5.0,6.6,.747,1.7,5.0,6.7,4.5,0.9,1.3,3.2,3.1,30.7,104,113,2020
Grant Williams,PF,21,BOS,38,1,573,3.7,9.9,.376,0.8,4.4,.192,2.9,5.5,.523,2.4,3.4,.700,2.6,5.0,7.6,3.4,1.2,1.4,2.6,7.0,10.6,97,108,2020
Johnathan Williams,C,24,WAS,6,5,123,5.7,8.3,.682,0.0,0.4,.000,5.7,7.9,.714,1.1,1.9,.600,4.9,9.5,14.4,2.3,0.4,1.9,0.8,2.6,12.5,145,116,2020
Kenrich Williams,PF,25,NOP,35,18,779,2.9,8.6,.343,1.5,5.8,.260,1.4,2.8,.511,0.5,1.4,.375,2.9,7.7,10.7,3.2,1.5,1.3,1.3,4.9,7.9,103,112,2020
Lou Williams,SG,33,LAC,39,5,1168,10.2,23.7,.430,3.0,7.8,.379,7.2,15.9,.455,7.5,8.7,.861,0.7,4.0,4.7,9.7,1.0,0.2,4.9,2.2,30.8,111,111,2020
Marvin Williams,PF,33,CHO,36,0,705,5.9,13.0,.454,2.8,7.5,.377,3.1,5.6,.557,2.7,3.1,.886,0.9,5.8,6.7,2.4,1.8,1.1,1.5,4.4,17.4,116,113,2020
Robert Williams,C,22,BOS,19,1,269,5.9,8.8,.673,0.0,0.0,,5.9,8.8,.673,1.4,2.5,.571,4.1,11.5,15.6,3.8,3.1,3.8,2.9,6.1,13.3,121,97,2020
Nigel Williams-Goss,PG,25,UTA,9,0,28,1.7,12.1,.143,0.0,3.5,.000,1.7,8.7,.200,3.5,3.5,1.000,3.5,5.2,8.7,8.7,1.7,1.7,3.5,3.5,6.9,80,106,2020
D.J. Wilson,PF,23,MIL,24,0,228,6.4,15.5,.416,2.2,9.0,.244,4.2,6.4,.656,1.0,1.4,.714,1.2,9.0,10.3,3.4,0.0,0.8,2.2,4.0,16.1,99,106,2020
Justise Winslow,SF,23,MIA,11,5,352,6.9,17.9,.388,0.8,3.7,.222,6.1,14.1,.431,2.5,3.7,.667,2.2,7.9,10.1,6.1,1.0,0.7,3.3,5.3,17.2,93,109,2020
Christian Wood,PF,24,DET,38,1,639,9.7,17.1,.569,1.7,4.6,.367,8.1,12.6,.642,6.3,8.8,.716,3.8,11.4,15.2,2.1,1.0,2.4,3.0,3.4,27.5,122,109,2020
Delon Wright,SG,27,DAL,40,4,819,6.5,13.7,.478,1.5,4.0,.373,5.1,9.7,.521,2.7,3.4,.807,2.3,6.4,8.7,7.6,3.0,1.0,2.0,2.9,17.3,125,107,2020
Thaddeus Young,PF,31,CHI,42,1,943,7.8,18.8,.415,2.3,6.9,.333,5.5,11.9,.462,1.4,2.4,.596,3.2,6.5,9.7,3.8,2.5,0.6,3.1,3.9,19.3,97,107,2020
Trae Young,PG,21,ATL,38,38,1337,12.4,27.8,.446,4.7,12.5,.376,7.7,15.3,.503,9.1,10.8,.842,0.8,5.2,6.0,11.2,1.6,0.2,6.3,2.1,38.6,111,115,2020
Cody Zeller,C,27,CHO,41,22,945,9.6,18.0,.534,0.9,3.3,.274,8.7,14.8,.591,4.7,6.7,.695,6.0,9.0,15.1,2.7,1.3,0.9,2.9,5.5,24.8,116,112,2020
Ante Žižić,C,23,CLE,16,0,159,8.6,15.0,.571,0.0,0.0,,8.6,15.0,.571,4.0,4.6,.867,4.3,12.6,16.8,0.9,1.8,1.2,1.5,6.1,21.1,125,110,2020
Ivica Zubac,C,22,LAC,42,40,737,8.9,14.6,.611,0.0,0.1,.000,8.9,14.4,.617,4.3,5.8,.739,6.7,11.8,18.4,2.4,0.4,2.7,2.4,6.2,22.1,130,104,2020
