Player,Pos,Age,Tm,G,GS,MP,FG,FGA,FG%,3P,3PA,3P%,2P,2PA,2P%,eFG%,FT,FTA,FT%,ORB,DRB,TRB,AST,STL,BLK,TOV,PF,PTS,Year
Steven Adams,C,26,OKC,38,38,27.7,4.9,8.0,.617,0.0,0.0,.000,4.9,7.9,.619,.617,1.9,3.4,.570,3.6,6.4,10.0,2.7,0.7,1.2,1.5,1.8,11.8,2020
Bam Adebayo,C,22,MIA,41,41,34.3,6.1,10.3,.587,0.0,0.2,.111,6.0,10.1,.598,.588,3.8,5.5,.681,2.6,7.8,10.4,4.6,1.2,1.2,2.8,2.6,15.9,2020
LaMarcus Aldridge,C,34,SAS,38,38,32.9,7.5,14.8,.507,1.2,2.7,.437,6.3,12.1,.523,.547,2.9,3.4,.845,2.0,5.5,7.5,2.4,0.6,1.7,1.4,2.4,19.1,2020
Nickeil Alexander-Walker,SG,21,NOP,33,0,13.7,2.2,6.3,.346,1.2,3.3,.349,1.0,3.0,.343,.438,0.5,0.7,.625,0.2,1.9,2.2,2.0,0.3,0.2,1.0,1.2,6.0,2020
Grayson Allen,SG,24,MEM,27,0,17.1,2.7,6.0,.454,1.2,3.2,.384,1.5,2.9,.532,.555,1.0,1.2,.848,0.2,2.1,2.3,1.4,0.2,0.0,0.8,1.3,7.7,2020
Jarrett Allen,C,21,BRK,40,36,26.6,4.5,6.9,.657,0.0,0.1,.000,4.5,6.8,.664,.657,2.6,4.0,.634,3.2,6.6,9.7,1.2,0.7,1.3,1.2,2.5,11.6,2020
Kadeem Allen,SG,27,NYK,9,0,10.7,1.9,4.7,.405,0.6,1.8,.313,1.3,2.9,.462,.464,0.6,0.9,.625,0.2,0.7,0.9,2.1,0.4,0.2,0.9,0.8,4.9,2020
Al-Farouq Aminu,PF,29,ORL,18,2,21.1,1.4,4.8,.291,0.5,2.0,.250,0.9,2.8,.320,.343,1.1,1.6,.655,1.3,3.5,4.8,1.2,1.0,0.4,0.9,1.5,4.3,2020
Justin Anderson,SF,26,BRK,3,0,5.7,0.3,2.0,.167,0.0,1.0,.000,0.3,1.0,.333,.167,0.3,0.7,.500,0.0,0.7,0.7,0.0,0.0,0.3,0.0,0.7,1.0,2020
Kyle Anderson,PF,26,MEM,36,3,16.8,1.9,4.2,.454,0.2,0.9,.212,1.7,3.3,.521,.477,0.7,1.1,.634,0.9,2.8,3.8,2.1,0.7,0.4,0.8,1.4,4.8,2020
Ryan Anderson,PF,31,HOU,2,0,7.0,1.0,3.5,.286,0.5,2.5,.200,0.5,1.0,.500,.357,0.0,0.0,,0.0,3.5,3.5,1.0,0.5,0.0,0.5,0.5,2.5,2020
Giannis Antetokounmpo,PF,25,MIL,40,40,30.8,11.0,19.9,.552,1.7,5.1,.324,9.4,14.8,.631,.593,6.4,10.4,.615,2.4,10.5,12.9,5.5,1.2,1.1,3.4,3.1,30.1,2020
Kostas Antetokounmpo,PF,22,LAL,3,0,1.7,0.0,0.0,,0.0,0.0,,0.0,0.0,,,0.0,0.0,,0.0,0.3,0.3,0.3,0.0,0.0,0.0,0.0,0.0,2020
Thanasis Antetokounmpo,SF,27,MIL,13,0,4.2,0.8,1.5,.550,0.0,0.2,.000,0.8,1.4,.611,.550,0.3,0.6,.500,0.5,0.1,0.5,0.5,0.1,0.1,0.4,0.5,2.0,2020
Carmelo Anthony,PF,35,POR,28,28,31.9,6.3,14.1,.443,1.5,3.9,.391,4.7,10.2,.463,.497,2.5,3.0,.833,1.1,5.1,6.3,1.4,1.0,0.5,1.8,3.0,16.5,2020
OG Anunoby,SF,22,TOR,40,39,30.1,4.6,9.1,.504,1.5,3.8,.379,3.1,5.3,.595,.584,0.8,1.3,.647,1.0,4.8,5.8,1.7,1.2,0.7,1.3,2.5,11.4,2020
Ryan Arcidiacono,PG,25,CHI,39,0,15.0,1.3,3.4,.383,0.8,2.1,.400,0.5,1.4,.358,.504,0.5,0.6,.750,0.4,1.4,1.7,1.5,0.4,0.1,0.6,1.7,3.9,2020
Trevor Ariza,SF,34,SAC,32,0,24.7,2.0,5.2,.388,1.3,3.8,.352,0.7,1.3,.488,.518,0.7,0.8,.778,0.7,3.9,4.6,1.6,1.1,0.2,0.9,2.0,6.0,2020
D.J. Augustin,PG,32,ORL,39,6,26.0,3.3,8.4,.393,1.2,3.5,.346,2.1,4.9,.426,.465,2.9,3.3,.877,0.4,2.1,2.4,4.7,0.7,0.0,1.4,1.1,10.7,2020
Deandre Ayton,C,21,PHO,11,6,30.9,7.8,14.0,.558,0.0,0.1,.000,7.8,13.9,.562,.558,1.2,1.5,.765,3.7,8.3,12.0,1.8,0.5,1.6,1.7,3.0,16.8,2020
Dwayne Bacon,SG,24,CHO,34,10,18.3,2.5,6.8,.364,0.6,1.9,.292,1.9,4.9,.392,.405,1.0,1.5,.647,0.4,2.1,2.5,1.3,0.6,0.1,0.9,1.4,6.5,2020
Marvin Bagley,PF,20,SAC,11,4,24.1,5.7,12.3,.467,0.3,1.5,.176,5.5,10.7,.508,.478,2.2,2.7,.800,1.9,4.9,6.8,0.6,0.4,0.9,1.5,3.2,13.9,2020
Lonzo Ball,PG,22,NOP,34,25,30.5,4.6,11.6,.392,2.2,6.4,.352,2.3,5.3,.441,.489,0.6,1.3,.512,1.2,4.4,5.6,6.1,1.2,0.4,2.7,1.9,12.0,2020
Mo Bamba,C,21,ORL,38,0,15.4,2.2,5.0,.439,0.6,1.9,.306,1.6,3.1,.521,.497,0.4,0.6,.625,1.5,3.8,5.3,0.6,0.4,1.3,0.9,1.9,5.3,2020
J.J. Barea,PG,35,DAL,12,3,15.6,3.6,7.8,.457,1.6,3.3,.475,2.0,4.5,.444,.559,0.4,0.4,1.000,0.4,1.4,1.8,3.3,0.3,0.1,1.3,0.5,9.2,2020
Harrison Barnes,PF,27,SAC,41,41,35.1,5.3,11.7,.452,1.4,3.9,.354,3.9,7.8,.500,.510,3.5,4.4,.794,0.9,4.0,4.9,2.2,0.7,0.1,1.3,1.2,15.4,2020
RJ Barrett,SG,19,NYK,41,41,31.2,5.1,13.0,.393,1.1,3.5,.329,4.0,9.5,.417,.437,2.7,4.5,.603,1.1,4.2,5.2,2.5,1.0,0.4,2.2,2.2,14.1,2020
Will Barton,SF,29,DEN,38,38,33.4,5.8,12.8,.451,1.7,4.6,.371,4.1,8.2,.495,.517,1.8,2.4,.758,1.6,5.3,6.8,3.7,1.1,0.5,1.4,2.1,15.1,2020
Keita Bates-Diop,SF,24,MIN,29,0,18.1,2.4,5.7,.418,1.0,2.7,.364,1.4,3.0,.466,.503,1.4,1.9,.714,0.6,2.4,3.0,0.6,0.4,0.5,0.4,1.0,7.1,2020
Nicolas Batum,SF,31,CHO,20,2,22.7,1.3,3.6,.366,0.7,2.3,.289,0.7,1.3,.500,.458,0.3,0.3,1.000,1.0,3.4,4.4,3.0,0.8,0.4,1.1,1.9,3.6,2020
Aron Baynes,C,33,PHO,32,25,23.3,4.5,9.1,.497,1.3,3.8,.336,3.3,5.3,.612,.567,1.4,1.9,.721,1.7,4.2,5.9,1.9,0.2,0.6,1.2,3.6,11.7,2020
Kent Bazemore,SF,30,POR,43,21,25.8,2.6,7.6,.347,1.3,4.0,.327,1.3,3.6,.368,.433,1.3,1.7,.806,0.3,3.7,4.0,1.4,1.0,0.7,1.4,2.8,7.9,2020
Darius Bazley,PF,19,OKC,42,6,16.8,1.5,4.2,.362,0.6,2.0,.314,0.9,2.2,.407,.438,0.4,0.7,.643,0.4,3.2,3.5,0.5,0.4,0.7,0.9,1.0,4.1,2020
Bradley Beal,SG,26,WAS,34,34,35.5,9.3,21.3,.437,2.5,7.9,.313,6.8,13.4,.510,.495,6.1,7.3,.835,1.1,3.5,4.6,6.4,1.0,0.3,3.3,2.3,27.2,2020
Malik Beasley,SG,23,DEN,31,0,16.7,2.7,6.6,.408,1.4,3.6,.396,1.3,3.1,.421,.515,0.5,0.5,.882,0.2,1.5,1.7,1.0,0.5,0.2,0.8,1.2,7.3,2020
Marco Belinelli,SG,33,SAS,36,0,14.9,1.9,5.3,.356,0.9,2.8,.333,1.0,2.6,.380,.442,0.6,0.8,.733,0.1,1.5,1.6,1.3,0.2,0.0,0.4,0.8,5.3,2020
Jordan Bell,C,25,MIN,24,0,9.1,1.2,2.3,.518,0.1,0.3,.250,1.1,2.0,.563,.536,0.7,1.2,.586,1.1,1.9,3.0,0.6,0.1,0.4,0.8,0.6,3.2,2020
DeAndre' Bembry,SG,25,ATL,41,4,21.4,2.5,5.4,.459,0.4,1.5,.238,2.1,3.9,.547,.493,0.6,1.1,.523,0.8,2.8,3.6,1.9,1.2,0.5,1.4,2.0,5.9,2020
Dragan Bender,SF,22,MIL,4,0,12.5,1.5,2.8,.545,0.5,1.3,.400,1.0,1.5,.667,.636,0.3,0.3,1.000,0.0,2.3,2.3,1.3,0.0,0.8,0.3,2.5,3.8,2020
Dāvis Bertāns,PF,27,WAS,32,4,29.3,5.0,11.5,.433,3.7,8.7,.428,1.3,2.8,.449,.595,1.6,1.8,.877,0.8,4.1,4.9,1.7,0.7,0.6,0.9,2.6,15.2,2020
Patrick Beverley,PG,31,LAC,34,34,28.7,3.1,7.3,.421,1.5,4.3,.342,1.6,3.0,.535,.522,0.6,1.1,.611,1.3,4.7,6.1,3.9,1.3,0.6,1.3,3.2,8.2,2020
Khem Birch,C,27,ORL,28,17,21.5,1.4,2.9,.488,0.0,0.0,.000,1.4,2.9,.494,.488,1.0,1.8,.560,1.8,3.1,4.9,1.1,0.5,0.6,0.7,2.1,3.9,2020
Goga Bitadze,C,20,IND,33,2,9.4,1.2,2.5,.476,0.1,0.7,.182,1.1,1.9,.581,.500,0.6,0.8,.704,0.6,1.7,2.3,0.5,0.1,0.8,0.5,1.3,3.1,2020
Bismack Biyombo,C,27,CHO,41,25,19.6,3.0,5.5,.542,0.0,0.0,,3.0,5.5,.542,.542,1.7,2.8,.612,2.4,3.6,6.0,0.9,0.2,0.8,0.9,2.2,7.7,2020
Nemanja Bjelica,PF,31,SAC,41,38,27.5,4.7,9.7,.480,2.0,4.6,.434,2.7,5.1,.522,.583,0.9,1.0,.837,1.5,5.0,6.6,2.5,0.9,0.6,1.5,3.0,12.2,2020
Eric Bledsoe,PG,30,MIL,35,35,25.9,5.6,11.7,.477,1.3,3.7,.359,4.3,8.1,.530,.533,2.7,3.3,.835,0.7,3.8,4.6,5.1,0.9,0.5,2.2,2.1,15.3,2020
Bogdan Bogdanović,SG,27,SAC,30,0,28.1,5.3,12.4,.426,2.6,6.9,.383,2.6,5.5,.479,.532,1.3,2.0,.661,0.3,2.6,3.0,3.6,1.1,0.3,2.0,2.0,14.5,2020
Bojan Bogdanović,SF,30,UTA,40,40,33.4,7.0,15.5,.449,3.0,7.3,.410,4.0,8.2,.483,.545,4.2,4.6,.903,0.6,3.6,4.2,2.1,0.6,0.1,2.8,1.8,21.1,2020
Jonah Bolden,PF,24,PHI,2,0,2.5,0.5,0.5,1.000,0.0,0.0,,0.5,0.5,1.000,1.000,0.0,1.0,.000,0.0,0.0,0.0,0.0,0.5,0.0,0.5,0.0,1.0,2020
Jordan Bone,PG,22,DET,4,0,3.5,0.5,1.8,.286,0.0,0.5,.000,0.5,1.3,.400,.286,0.0,0.0,,0.0,0.0,0.0,0.8,0.0,0.0,0.5,0.5,1.0,2020
Isaac Bonga,SF,20,WAS,36,24,17.2,1.7,3.1,.536,0.3,0.7,.346,1.4,2.4,.593,.576,0.9,1.2,.750,1.0,2.3,3.3,1.1,0.7,0.3,0.6,2.2,4.5,2020
Devin Booker,SG,23,PHO,38,38,35.8,9.1,18.0,.505,1.9,5.2,.357,7.2,12.7,.566,.557,6.2,6.8,.914,0.6,3.3,3.9,6.3,0.8,0.2,3.8,3.1,26.2,2020
Chris Boucher,PF,27,TOR,37,0,13.0,2.1,4.6,.453,0.5,1.7,.323,1.5,2.9,.528,.512,1.4,1.9,.732,1.9,2.5,4.5,0.4,0.4,0.9,0.4,1.7,6.1,2020
Brian Bowen,SG,21,IND,3,0,3.3,0.3,1.3,.250,0.0,0.3,.000,0.3,1.0,.333,.250,0.0,0.0,,0.0,0.3,0.3,0.0,0.0,0.3,0.0,0.0,0.7,2020
Ky Bowman,PG,22,GSW,36,10,22.5,3.0,7.3,.412,0.9,2.5,.348,2.1,4.8,.445,.471,0.7,0.8,.828,0.5,2.1,2.6,2.9,1.0,0.1,1.3,2.3,7.5,2020
Avery Bradley,SG,29,LAL,27,22,23.6,3.4,7.4,.455,0.8,2.6,.296,2.6,4.8,.543,.508,0.3,0.4,.750,0.5,1.9,2.3,1.1,0.9,0.1,1.1,2.4,7.9,2020
Tony Bradley,C,22,UTA,30,2,10.0,1.9,3.0,.622,0.0,0.0,,1.9,3.0,.622,.622,0.6,0.9,.643,1.6,2.4,4.0,0.3,0.3,0.5,0.6,2.0,4.3,2020
Jarrell Brantley,PF,23,UTA,2,0,4.5,0.0,0.0,,0.0,0.0,,0.0,0.0,,,0.0,0.0,,0.0,2.0,2.0,0.5,0.0,1.0,0.5,0.5,0.0,2020
Ignas Brazdeikis,SF,21,NYK,9,0,5.9,0.7,2.4,.273,0.1,1.0,.111,0.6,1.4,.385,.295,0.4,0.6,.800,0.2,0.3,0.6,0.4,0.0,0.1,0.2,0.3,1.9,2020
Mikal Bridges,SF,23,PHO,41,4,23.0,2.6,5.1,.514,0.5,1.7,.294,2.1,3.4,.621,.563,1.4,1.7,.800,0.8,3.0,3.9,1.4,1.4,0.4,0.9,2.0,7.1,2020
Miles Bridges,SF,21,CHO,44,44,30.4,4.8,10.7,.443,1.5,4.2,.346,3.3,6.5,.505,.511,1.3,1.7,.795,1.3,4.3,5.5,1.8,0.6,0.8,1.7,2.2,12.3,2020
Oshae Brissett,SF,21,TOR,13,0,8.7,0.8,2.3,.367,0.2,0.9,.250,0.6,1.4,.444,.417,0.4,0.5,.833,0.6,0.9,1.5,0.3,0.2,0.1,0.3,1.2,2.3,2020
Ryan Broekhoff,SG,29,DAL,10,0,7.7,1.1,2.5,.440,1.0,2.0,.500,0.1,0.5,.200,.640,0.5,0.6,.833,0.1,1.3,1.4,0.4,0.2,0.1,0.2,0.7,3.7,2020
Malcolm Brogdon,PG,27,IND,30,30,30.7,6.3,14.3,.444,1.4,4.2,.344,4.9,10.1,.485,.494,3.6,3.9,.923,0.7,3.8,4.5,7.5,0.8,0.2,2.6,1.9,17.7,2020
Dillon Brooks,SG,24,MEM,42,42,28.0,5.5,13.3,.415,2.2,5.5,.391,3.4,7.8,.433,.496,2.2,2.6,.843,0.9,2.4,3.3,2.0,1.0,0.4,1.5,3.8,15.4,2020
Bruce Brown,SG,23,DET,41,32,27.3,3.3,7.7,.436,0.5,1.6,.328,2.8,6.0,.466,.471,1.5,2.2,.681,1.0,3.4,4.4,3.9,1.2,0.5,1.7,2.7,8.7,2020
Charlie Brown,SG,22,ATL,5,0,5.4,0.6,2.0,.300,0.4,0.8,.500,0.2,1.2,.167,.400,1.0,1.0,1.000,0.4,0.4,0.8,0.2,0.0,0.4,0.0,0.0,2.6,2020
Jaylen Brown,SF,23,BOS,35,35,33.4,7.3,14.7,.492,2.1,5.3,.395,5.2,9.5,.547,.563,3.4,4.5,.756,1.1,5.7,6.9,2.3,1.1,0.3,2.3,2.9,20.0,2020
Moses Brown,C,20,POR,6,0,3.5,0.7,1.5,.444,0.0,0.0,,0.7,1.5,.444,.444,0.3,0.7,.500,0.3,1.3,1.7,0.0,0.2,0.0,0.3,0.7,1.7,2020
Sterling Brown,SF,24,MIL,30,0,15.7,1.9,4.9,.384,0.9,2.5,.342,1.0,2.3,.429,.473,0.8,1.0,.767,0.7,3.3,4.0,1.0,0.6,0.1,0.9,1.2,5.4,2020
Troy Brown,SG,20,WAS,38,14,25.8,4.1,8.8,.461,0.7,2.3,.322,3.3,6.6,.510,.503,1.6,2.1,.769,1.2,4.8,6.1,2.1,1.4,0.1,1.2,1.9,10.5,2020
Jalen Brunson,PG,23,DAL,42,8,16.8,2.9,6.3,.457,0.7,2.1,.318,2.2,4.2,.525,.509,0.9,1.1,.787,0.4,1.9,2.4,3.2,0.4,0.1,1.0,1.3,7.3,2020
Thomas Bryant,C,22,WAS,21,20,26.4,5.1,9.4,.548,0.5,1.8,.297,4.6,7.6,.606,.576,1.9,2.6,.741,2.1,5.5,7.6,2.4,0.4,0.9,1.3,2.3,12.7,2020
Reggie Bullock,SG,28,NYK,8,5,23.6,3.9,9.8,.397,1.6,5.0,.325,2.3,4.8,.474,.481,0.5,0.6,.800,0.6,0.9,1.5,1.5,1.6,0.0,0.1,2.0,9.9,2020
Trey Burke,PG,27,PHI,22,0,14.1,2.6,5.5,.479,0.7,1.6,.444,1.9,3.9,.494,.545,0.6,0.8,.722,0.6,0.9,1.5,2.3,0.3,0.0,0.5,0.9,6.6,2020
Alec Burks,SG,28,GSW,40,16,29.1,5.1,12.4,.408,1.7,4.5,.367,3.4,7.9,.432,.475,4.1,4.6,.896,0.8,3.9,4.7,3.1,1.1,0.3,1.6,2.3,15.9,2020
Deonte Burton,SG,26,OKC,24,0,7.9,0.9,2.8,.313,0.2,1.3,.156,0.7,1.5,.457,.351,0.2,0.3,.571,0.2,1.1,1.3,0.4,0.1,0.2,0.3,0.9,2.1,2020
Jimmy Butler,SF,30,MIA,36,36,35.1,5.9,13.3,.444,0.7,2.7,.271,5.2,10.7,.487,.471,7.8,9.4,.823,2.0,5.1,7.0,6.4,1.9,0.6,2.5,1.3,20.3,2020
Bruno Caboclo,SF,24,MEM,22,0,8.7,1.3,3.1,.406,0.2,1.1,.160,1.1,2.0,.545,.435,0.1,0.1,.667,0.8,1.2,2.0,0.5,0.5,0.5,0.3,1.0,2.8,2020
Kentavious Caldwell-Pope,SG,26,LAL,41,20,25.4,3.4,7.3,.465,1.4,3.4,.428,2.0,3.9,.497,.564,1.3,1.6,.813,0.6,1.6,2.2,1.8,0.8,0.2,0.9,1.9,9.5,2020
Vlatko Čančar,SF,22,DEN,7,0,1.7,0.1,0.4,.333,0.0,0.1,.000,0.1,0.3,.500,.333,0.3,0.3,1.000,0.1,0.0,0.1,0.3,0.0,0.0,0.0,0.1,0.6,2020
Clint Capela,C,25,HOU,33,33,33.6,6.5,10.2,.637,0.0,0.0,,6.5,10.2,.637,.637,1.6,2.8,.565,4.2,10.3,14.5,1.2,1.0,1.7,1.6,2.7,14.5,2020
DeMarre Carroll,SF,33,SAS,15,0,9.0,0.6,1.9,.310,0.2,0.9,.231,0.4,1.1,.375,.362,0.8,1.3,.600,0.5,1.6,2.1,0.7,0.1,0.1,0.7,1.3,2.2,2020
Jevon Carter,PG,24,PHO,26,2,13.1,1.3,3.4,.375,0.7,1.8,.362,0.6,1.6,.390,.472,0.2,0.3,.750,0.4,1.4,1.8,1.5,0.8,0.3,0.8,1.3,3.4,2020
Vince Carter,SF,43,ATL,35,0,15.4,1.7,5.2,.335,1.0,3.5,.289,0.7,1.7,.426,.431,0.4,0.6,.714,0.2,1.7,1.9,0.9,0.4,0.4,0.6,1.6,4.9,2020
Wendell Carter,C,20,CHI,37,37,30.0,4.5,8.4,.537,0.2,0.8,.214,4.3,7.6,.569,.547,2.6,3.5,.736,3.5,6.4,9.9,1.2,0.8,0.9,1.7,3.8,11.7,2020
Michael Carter-Williams,SG,28,ORL,19,0,16.3,1.8,4.9,.376,0.4,1.6,.233,1.5,3.3,.444,.414,1.2,1.6,.710,0.9,2.2,3.2,2.0,1.1,0.4,0.9,1.4,5.2,2020
Alex Caruso,PG,25,LAL,38,0,19.2,2.0,4.6,.439,0.7,1.9,.366,1.3,2.7,.490,.514,1.0,1.3,.780,0.3,1.7,1.9,1.8,1.0,0.3,0.9,1.6,5.7,2020
Willie Cauley-Stein,C,26,GSW,38,34,22.9,3.5,6.2,.561,0.0,0.0,,3.5,6.2,.561,.561,0.9,1.4,.600,1.7,4.6,6.3,1.4,1.1,1.2,0.9,2.6,7.9,2020
Tyson Chandler,C,37,HOU,24,5,8.7,0.6,0.8,.778,0.0,0.0,,0.6,0.8,.778,.778,0.3,0.5,.462,1.0,1.6,2.6,0.3,0.3,0.3,0.3,1.2,1.4,2020
Wilson Chandler,SF,32,BRK,13,0,20.0,2.4,5.5,.431,0.8,3.0,.256,1.6,2.5,.636,.500,0.7,0.8,.900,0.2,4.4,4.6,1.2,0.5,0.4,1.1,2.0,6.2,2020
Zylan Cheatham,SF,24,NOP,3,0,10.3,0.7,1.7,.400,0.0,0.3,.000,0.7,1.3,.500,.400,0.0,0.0,,0.3,1.7,2.0,0.7,0.0,0.3,1.0,1.7,1.3,2020
Chris Chiozza,PG,24,WAS,10,0,12.3,1.0,3.4,.294,0.7,1.6,.438,0.3,1.8,.167,.397,0.0,0.0,,0.0,1.5,1.5,2.8,1.0,0.2,0.9,1.2,2.7,2020
Marquese Chriss,PF,22,GSW,38,3,17.5,2.6,5.4,.485,0.1,0.6,.227,2.5,4.8,.516,.498,1.9,2.5,.760,1.8,3.5,5.3,1.9,0.6,0.9,1.4,2.0,7.3,2020
Gary Clark,PF,25,TOT,20,0,12.5,1.4,3.5,.391,1.0,2.9,.345,0.4,0.6,.636,.536,0.3,0.4,.857,0.8,1.7,2.4,0.6,0.1,0.4,0.1,1.1,4.0,2020
Gary Clark,PF,25,HOU,18,0,11.8,1.3,3.3,.390,1.0,2.8,.353,0.3,0.4,.625,.542,0.3,0.4,.857,0.6,1.6,2.2,0.7,0.1,0.4,0.1,1.2,3.9,2020
Gary Clark,PF,25,ORL,2,0,18.5,2.0,5.0,.400,1.0,3.5,.286,1.0,1.5,.667,.500,0.0,0.0,,2.0,2.0,4.0,0.0,0.0,0.5,0.0,0.0,5.0,2020
Brandon Clarke,PF,23,MEM,36,2,21.4,5.2,8.2,.631,0.5,1.1,.415,4.7,7.1,.665,.659,1.5,1.9,.809,1.4,4.4,5.8,1.5,0.4,0.9,1.0,1.7,12.3,2020
Jordan Clarkson,SG,27,TOT,40,0,23.6,5.2,11.6,.447,2.1,5.6,.368,3.2,6.1,.521,.535,2.3,2.7,.849,0.7,1.6,2.3,2.1,0.6,0.3,1.2,1.3,14.7,2020
Jordan Clarkson,SG,27,CLE,29,0,23.0,5.0,11.2,.442,2.0,5.5,.371,2.9,5.8,.509,.532,2.6,3.0,.884,0.7,1.7,2.4,2.4,0.6,0.3,1.3,1.1,14.6,2020
Jordan Clarkson,SG,27,UTA,11,0,25.2,5.8,12.6,.460,2.1,5.8,.359,3.7,6.8,.547,.543,1.3,1.8,.700,0.5,1.4,1.9,1.2,0.7,0.4,0.9,1.7,15.0,2020
Nicolas Claxton,PF,20,BRK,10,0,12.0,1.1,2.2,.500,0.0,0.5,.000,1.1,1.7,.647,.500,0.5,1.2,.417,0.8,1.4,2.2,1.1,0.1,0.5,0.6,1.0,2.7,2020
Chris Clemons,SG,22,HOU,24,0,9.2,2.0,4.5,.431,1.4,3.5,.388,0.6,1.0,.583,.583,0.2,0.2,.800,0.1,0.8,0.8,0.8,0.3,0.2,0.6,0.8,5.5,2020
Antonius Cleveland,SG,25,DAL,3,0,4.7,0.7,1.0,.667,0.0,0.3,.000,0.7,0.7,1.000,.667,0.0,0.0,,0.0,1.0,1.0,0.0,0.0,0.0,0.3,0.0,1.3,2020
Amir Coffey,SG,22,LAC,2,0,2.5,1.0,1.5,.667,0.5,1.0,.500,0.5,0.5,1.000,.833,0.0,0.0,,0.0,0.0,0.0,0.5,0.0,0.0,0.0,0.5,2.5,2020
John Collins,PF,22,ATL,16,16,30.2,6.9,13.8,.502,1.4,4.1,.338,5.6,9.8,.571,.552,2.1,2.8,.756,2.1,7.6,9.8,1.4,0.8,2.1,1.6,3.4,17.4,2020
Zach Collins,PF,22,POR,3,3,28.7,3.0,6.3,.474,1.0,2.3,.429,2.0,4.0,.500,.553,2.0,2.0,1.000,1.3,2.7,4.0,2.0,0.0,0.7,2.0,3.7,9.0,2020
Mike Conley,PG,32,UTA,22,22,29.4,4.5,12.3,.365,1.8,5.0,.360,2.7,7.3,.369,.439,2.8,3.5,.803,0.7,2.6,3.3,4.6,0.7,0.2,2.0,2.2,13.6,2020
Pat Connaughton,SG,27,MIL,40,0,18.0,1.9,4.4,.440,0.7,2.3,.286,1.3,2.1,.607,.514,0.5,0.6,.720,0.8,3.5,4.2,1.7,0.3,0.6,0.8,1.0,5.0,2020
Quinn Cook,PG,26,LAL,27,0,13.2,2.4,5.2,.457,0.7,2.0,.370,1.6,3.2,.512,.529,0.2,0.2,.833,0.2,1.1,1.3,1.4,0.3,0.0,0.8,0.7,5.7,2020
Tyler Cook,PF,22,CLE,8,0,3.5,0.8,1.0,.750,0.0,0.0,,0.8,1.0,.750,.750,0.6,0.8,.833,0.4,0.5,0.9,0.1,0.1,0.0,0.1,0.5,2.1,2020
Robert Covington,PF,29,MIN,40,39,28.9,4.4,10.0,.436,2.2,6.3,.356,2.2,3.8,.570,.547,1.6,2.1,.793,0.7,5.2,5.9,1.2,1.7,1.0,1.5,3.0,12.6,2020
Allen Crabbe,SG,27,ATL,28,1,18.6,1.9,5.1,.364,1.1,3.3,.323,0.8,1.8,.440,.469,0.3,0.4,.750,0.4,2.0,2.3,1.0,0.5,0.1,0.4,1.3,5.1,2020
Torrey Craig,SF,29,DEN,28,6,13.7,1.2,3.1,.395,0.4,1.5,.238,0.9,1.6,.545,.453,0.3,0.5,.600,0.6,1.6,2.2,0.6,0.3,0.5,0.4,1.9,3.1,2020
Jae Crowder,SF,29,MEM,39,39,30.2,3.5,9.2,.376,1.9,6.2,.303,1.6,3.0,.525,.478,1.6,2.1,.775,0.9,5.3,6.2,2.9,1.1,0.4,1.3,2.0,10.4,2020
Jarrett Culver,SG,20,MIN,40,27,24.6,3.9,9.8,.394,1.0,3.7,.260,2.9,6.1,.473,.442,0.9,1.9,.455,1.3,2.4,3.7,2.0,1.0,0.7,1.4,2.0,9.5,2020
Seth Curry,SG,29,DAL,40,9,22.6,3.7,8.2,.457,1.8,4.7,.390,1.9,3.5,.547,.569,1.3,1.4,.895,0.5,1.5,2.0,1.8,0.6,0.2,1.0,1.7,10.6,2020
Stephen Curry,PG,31,GSW,4,4,28.0,6.8,16.5,.409,2.3,9.3,.243,4.5,7.3,.621,.477,4.5,4.5,1.000,1.0,4.0,5.0,6.5,1.3,0.5,3.8,2.5,20.3,2020
Troy Daniels,SG,28,LAL,31,0,12.0,1.7,4.1,.417,1.1,2.9,.382,0.6,1.2,.500,.551,0.2,0.3,.700,0.2,1.0,1.2,0.4,0.2,0.1,0.2,0.7,4.7,2020
Anthony Davis,PF,26,LAL,35,35,35.2,9.4,18.7,.504,1.1,3.7,.297,8.3,15.1,.554,.533,7.1,8.3,.859,2.2,7.2,9.4,3.2,1.5,2.6,2.4,2.5,27.1,2020
Ed Davis,C,30,UTA,21,0,11.0,0.5,1.4,.367,0.0,0.0,,0.5,1.4,.367,.367,0.2,0.5,.455,1.1,2.9,4.0,0.4,0.4,0.4,0.6,2.3,1.3,2020
Terence Davis,SG,22,TOR,41,1,17.1,2.7,5.9,.467,1.3,3.3,.403,1.4,2.6,.547,.579,0.7,0.8,.938,0.7,2.7,3.4,1.9,0.6,0.2,1.0,1.5,7.5,2020
Dewayne Dedmon,C,30,SAC,26,4,13.8,1.9,4.6,.408,0.5,2.2,.214,1.4,2.5,.578,.458,0.7,0.8,.857,1.1,2.9,4.0,0.3,0.3,0.5,1.4,2.5,4.9,2020
Matthew Dellavedova,PG,29,CLE,39,0,12.9,1.0,3.0,.333,0.3,1.6,.172,0.7,1.4,.528,.380,0.6,0.7,.893,0.3,0.9,1.2,2.7,0.4,0.0,0.8,1.5,2.9,2020
DeMar DeRozan,SF,30,SAS,40,40,34.1,8.6,16.0,.541,0.2,0.7,.308,8.4,15.3,.551,.547,5.2,6.3,.833,0.6,4.8,5.4,5.2,1.0,0.3,2.5,2.8,22.7,2020
Cheick Diallo,C,23,PHO,25,0,9.2,1.9,2.8,.662,0.0,0.0,1.000,1.8,2.8,.657,.669,0.7,0.8,.857,0.6,1.9,2.5,0.5,0.2,0.2,0.5,0.9,4.5,2020
Hamidou Diallo,SF,21,OKC,22,1,19.2,3.0,6.9,.430,0.2,1.0,.227,2.7,5.9,.465,.447,1.0,1.6,.639,0.9,2.4,3.3,0.6,1.0,0.2,1.0,2.2,7.2,2020
Gorgui Dieng,C,30,MIN,37,17,18.3,2.9,6.5,.450,1.0,2.7,.384,1.9,3.8,.496,.529,1.1,1.4,.788,1.7,4.3,5.9,1.4,0.9,0.9,0.9,2.1,8.0,2020
Spencer Dinwiddie,SG,26,BRK,40,29,31.1,7.4,17.4,.424,1.9,6.4,.294,5.5,11.0,.499,.478,5.5,7.1,.775,0.4,2.8,3.2,6.5,0.7,0.4,2.9,3.2,22.1,2020
Donte DiVincenzo,SG,23,MIL,39,20,22.7,3.4,7.5,.449,1.2,3.6,.338,2.1,3.8,.553,.531,1.0,1.2,.826,0.9,3.6,4.5,2.3,1.5,0.3,1.2,1.6,8.9,2020
Luka Dončić,PG,20,DAL,38,38,32.8,9.4,20.1,.467,3.0,9.0,.329,6.4,11.1,.578,.541,7.2,9.2,.782,1.4,8.3,9.7,9.0,1.1,0.1,4.3,2.4,28.9,2020
Luguentz Dort,SG,20,OKC,7,0,16.4,1.1,3.6,.320,0.1,2.0,.071,1.0,1.6,.636,.340,0.9,1.4,.600,0.1,1.3,1.4,0.4,0.3,0.0,0.4,2.6,3.3,2020
Damyean Dotson,SG,25,NYK,36,0,16.5,2.2,5.7,.392,0.9,3.1,.301,1.3,2.5,.505,.475,0.4,0.7,.667,0.2,1.6,1.8,1.3,0.4,0.1,0.4,0.7,5.8,2020
Sekou Doumbouya,SF,19,DET,15,8,17.8,3.1,6.0,.522,0.8,2.1,.375,2.3,3.9,.603,.589,1.0,1.5,.652,0.4,2.7,3.1,0.4,0.6,0.3,0.6,2.5,8.1,2020
PJ Dozier,PG,23,DEN,2,0,10.0,2.5,5.0,.500,1.0,2.0,.500,1.5,3.0,.500,.600,0.0,0.0,,0.0,2.0,2.0,1.0,0.0,0.0,0.0,2.5,6.0,2020
Goran Dragić,PG,33,MIA,31,1,27.9,5.3,12.0,.445,2.3,5.8,.402,3.0,6.2,.484,.542,2.5,3.4,.717,0.4,2.5,2.9,5.0,0.5,0.2,2.5,1.9,15.4,2020
Andre Drummond,C,26,DET,40,39,33.6,7.1,13.4,.531,0.0,0.5,.050,7.1,12.9,.550,.532,3.1,5.1,.603,4.3,11.4,15.7,2.7,2.0,1.8,3.5,3.7,17.3,2020
Jared Dudley,SF,34,LAL,28,1,8.8,0.6,1.4,.421,0.5,1.0,.481,0.1,0.4,.273,.592,0.1,0.1,1.000,0.1,0.9,1.0,0.6,0.3,0.1,0.2,1.1,1.7,2020
Kris Dunn,PG,25,CHI,43,24,24.7,2.9,6.9,.416,0.6,2.3,.242,2.3,4.6,.503,.456,0.7,0.9,.718,0.5,3.0,3.5,3.3,2.0,0.3,1.3,3.3,6.9,2020
Carsen Edwards,SG,21,BOS,27,0,9.9,1.1,3.5,.305,0.7,2.2,.305,0.4,1.3,.306,.400,0.4,0.5,.846,0.2,1.3,1.4,0.7,0.3,0.1,0.5,0.9,3.2,2020
Henry Ellenson,PF,23,BRK,5,0,3.0,0.2,1.4,.143,0.0,0.8,.000,0.2,0.6,.333,.143,0.0,0.0,,0.4,0.8,1.2,0.2,0.0,0.0,0.0,0.2,0.4,2020
Wayne Ellington,SG,32,NYK,23,1,14.3,1.4,4.3,.323,1.1,3.5,.309,0.3,0.8,.389,.449,0.2,0.3,.667,0.1,1.6,1.7,1.0,0.3,0.1,0.6,1.0,4.0,2020
Joel Embiid,C,25,PHI,31,31,31.1,7.7,16.3,.472,1.2,3.8,.322,6.5,12.5,.518,.510,6.8,8.1,.837,2.5,9.8,12.3,3.3,0.8,1.4,3.0,3.5,23.4,2020
James Ennis,SF,29,PHI,41,0,17.4,2.3,5.1,.445,0.9,2.4,.361,1.4,2.7,.518,.529,1.0,1.3,.782,1.1,2.3,3.4,0.9,0.5,0.3,0.7,2.0,6.4,2020
Drew Eubanks,PF,22,SAS,7,0,5.4,1.3,2.0,.643,0.0,0.0,,1.3,2.0,.643,.643,0.4,0.4,1.000,0.9,1.4,2.3,0.3,0.0,0.1,0.6,0.7,3.0,2020
Jacob Evans,SG,22,GSW,21,0,14.8,1.5,5.0,.308,0.5,1.3,.370,1.0,3.7,.286,.356,0.9,1.1,.826,0.3,1.2,1.6,1.0,0.3,0.3,1.1,1.4,4.4,2020
Dante Exum,SG,24,TOT,20,0,12.0,1.8,3.5,.500,0.5,1.2,.417,1.3,2.3,.543,.571,0.7,1.0,.737,0.2,1.5,1.6,1.0,0.3,0.1,1.0,0.9,4.7,2020
Dante Exum,SG,24,UTA,11,0,7.5,0.9,2.1,.435,0.2,0.5,.333,0.7,1.5,.471,.478,0.2,0.2,1.000,0.3,0.8,1.1,0.6,0.1,0.2,0.9,0.7,2.2,2020
Dante Exum,SG,24,CLE,9,0,17.3,2.8,5.2,.532,0.9,2.0,.444,1.9,3.2,.586,.617,1.3,1.9,.706,0.0,2.2,2.2,1.4,0.6,0.0,1.1,1.1,7.8,2020
Tacko Fall,C,24,BOS,4,0,5.3,2.0,2.8,.727,0.0,0.0,,2.0,2.8,.727,.727,0.3,0.8,.333,0.0,2.5,2.5,0.0,0.0,0.5,0.8,1.0,4.3,2020
Derrick Favors,C,28,NOP,24,22,24.0,4.3,7.1,.600,0.0,0.2,.250,4.2,6.9,.608,.603,0.7,1.2,.586,3.4,6.7,10.1,2.0,0.6,1.2,1.3,2.3,9.3,2020
Cristiano Felício,PF,27,CHI,3,0,7.7,0.7,1.0,.667,0.0,0.0,,0.7,1.0,.667,.667,0.3,0.3,1.000,0.3,1.0,1.3,0.0,0.0,0.0,0.3,0.0,1.7,2020
Terrance Ferguson,SF,21,OKC,36,36,26.0,1.8,4.6,.398,1.1,3.6,.320,0.7,1.1,.658,.521,0.3,0.3,.818,0.6,1.1,1.7,0.9,0.6,0.3,0.7,3.2,5.1,2020
Bruno Fernando,C,21,ATL,37,8,11.8,1.5,3.2,.479,0.1,0.7,.148,1.4,2.4,.578,.496,0.6,1.0,.611,1.0,2.1,3.1,1.0,0.2,0.3,0.8,1.7,3.7,2020
Yogi Ferrell,PG,26,SAC,30,0,12.9,1.8,4.2,.421,0.5,1.6,.306,1.3,2.6,.494,.480,0.9,1.1,.875,0.1,1.1,1.2,1.6,0.3,0.1,0.6,0.8,5.0,2020
Dorian Finney-Smith,PF,26,DAL,42,39,29.4,3.3,7.1,.465,1.5,4.1,.378,1.8,3.0,.583,.574,1.1,1.6,.716,1.9,3.3,5.3,1.3,0.7,0.5,1.0,2.2,9.3,2020
Bryn Forbes,SG,26,SAS,40,39,25.9,4.0,9.9,.399,2.3,6.2,.361,1.7,3.7,.463,.513,1.2,1.4,.870,0.3,2.1,2.4,1.8,0.5,0.0,1.0,1.8,11.3,2020
Evan Fournier,SG,27,ORL,41,41,31.2,6.7,14.3,.469,2.5,6.3,.395,4.2,8.0,.527,.556,3.1,3.8,.821,0.1,2.5,2.6,3.2,1.0,0.2,1.9,2.5,19.1,2020
De'Aaron Fox,PG,22,SAC,23,21,31.2,6.9,14.3,.479,1.1,3.3,.333,5.8,11.1,.522,.517,4.4,6.2,.706,1.0,3.4,4.4,7.3,1.4,0.5,3.5,3.0,19.2,2020
Melvin Frazier,SG,23,ORL,11,0,3.9,0.5,1.5,.353,0.4,0.6,.571,0.2,0.9,.200,.471,0.2,0.4,.500,0.1,0.3,0.4,0.1,0.3,0.2,0.2,0.7,1.6,2020
Michael Frazier,SG,25,HOU,2,0,7.0,1.0,2.5,.400,0.5,2.0,.250,0.5,0.5,1.000,.500,0.0,0.0,,0.5,1.0,1.5,0.5,0.0,0.0,0.0,1.0,2.5,2020
Tim Frazier,PG,29,DET,24,11,13.3,1.4,3.6,.379,0.4,1.1,.385,1.0,2.5,.377,.437,0.8,1.0,.792,0.3,0.9,1.2,3.5,0.5,0.1,1.2,1.5,4.0,2020
Markelle Fultz,PG,21,ORL,41,36,27.1,4.8,10.6,.455,0.5,1.8,.260,4.4,8.8,.494,.477,1.6,2.1,.739,0.5,2.9,3.4,4.6,1.3,0.2,2.0,2.0,11.7,2020
Wenyen Gabriel,PF,22,SAC,11,0,5.5,0.5,1.5,.353,0.1,0.7,.125,0.5,0.8,.556,.382,0.5,0.9,.600,0.4,0.5,0.9,0.3,0.3,0.2,0.5,0.6,1.7,2020
Daniel Gafford,C,21,CHI,32,4,12.8,2.1,3.1,.677,0.0,0.0,,2.1,3.1,.677,.677,0.6,1.1,.528,1.2,1.2,2.4,0.4,0.3,1.3,0.5,1.9,4.8,2020
Danilo Gallinari,PF,31,OKC,36,36,30.5,5.8,13.3,.438,3.1,7.5,.409,2.8,5.9,.474,.552,4.3,4.8,.901,0.6,4.9,5.6,2.3,0.7,0.1,1.3,1.3,19.0,2020
Langston Galloway,SG,28,DET,42,6,25.1,3.4,8.0,.428,2.0,5.1,.393,1.4,2.9,.492,.554,1.4,1.6,.864,0.4,1.7,2.1,1.4,0.7,0.2,0.6,1.2,10.2,2020
Darius Garland,PG,20,CLE,42,42,29.6,4.6,11.4,.407,1.8,5.1,.358,2.8,6.2,.447,.487,1.2,1.3,.875,0.4,1.5,2.0,3.6,0.8,0.0,2.6,1.5,12.2,2020
Marc Gasol,C,35,TOR,29,29,28.3,2.6,6.6,.398,1.4,3.4,.404,1.2,3.2,.391,.503,0.7,1.0,.750,0.8,5.8,6.6,3.6,0.9,1.1,1.3,3.1,7.3,2020
Rudy Gay,PF,33,SAS,39,5,22.5,3.9,8.7,.448,1.1,3.3,.331,2.8,5.4,.522,.512,1.8,2.2,.847,1.0,4.8,5.8,1.8,0.5,0.6,1.5,1.4,10.7,2020
Paul George,SF,29,LAC,26,26,30.7,7.6,17.8,.429,3.6,9.2,.395,4.0,8.6,.464,.530,4.6,5.1,.909,0.5,5.5,6.0,3.7,1.5,0.5,3.3,2.5,23.5,2020
Taj Gibson,C,34,NYK,39,33,16.3,2.2,4.2,.521,0.1,0.3,.200,2.2,4.0,.542,.527,0.5,0.7,.690,1.8,2.5,4.3,1.0,0.6,0.4,0.9,2.3,5.0,2020
Harry Giles,PF,21,SAC,16,3,11.3,2.2,4.8,.455,0.0,0.0,,2.2,4.8,.455,.455,0.7,0.8,.917,0.7,2.1,2.8,1.1,0.6,0.3,1.1,2.4,5.1,2020
Shai Gilgeous-Alexander,SG,21,OKC,42,42,35.5,7.2,15.5,.468,1.3,3.6,.351,6.0,11.9,.504,.509,4.2,5.0,.829,0.7,5.0,5.7,3.1,1.2,0.5,1.9,1.6,19.9,2020
Rudy Gobert,C,27,UTA,39,39,34.4,5.8,8.6,.674,0.0,0.0,,5.8,8.6,.674,.674,3.4,5.5,.606,3.6,10.8,14.5,1.7,0.7,1.9,1.9,3.1,15.0,2020
Brandon Goodwin,PG,24,ATL,13,1,13.8,2.5,6.0,.410,0.9,2.8,.324,1.5,3.2,.488,.487,0.6,0.6,1.000,0.3,1.8,2.2,1.7,0.6,0.2,1.1,1.6,6.5,2020
Aaron Gordon,PF,24,ORL,36,36,31.2,5.2,12.1,.426,1.1,3.9,.293,4.0,8.3,.488,.473,2.2,3.1,.696,1.7,5.6,7.3,2.8,0.7,0.6,1.6,2.0,13.6,2020
Eric Gordon,SG,31,HOU,16,4,28.9,4.6,13.1,.352,3.0,8.9,.336,1.6,4.2,.388,.467,1.4,2.3,.622,0.4,1.6,1.9,1.2,0.4,0.3,1.3,2.1,13.7,2020
Devonte' Graham,PG,24,CHO,44,34,35.2,5.9,15.5,.378,3.6,9.4,.387,2.2,6.1,.364,.496,3.3,4.0,.825,0.8,2.9,3.7,7.7,0.9,0.3,3.0,1.9,18.7,2020
Treveon Graham,SG,26,MIN,33,20,20.1,1.9,5.3,.354,0.6,2.5,.241,1.3,2.8,.457,.411,0.8,1.1,.730,0.9,2.2,3.0,0.9,0.5,0.1,0.6,2.0,5.2,2020
Jerami Grant,PF,25,DEN,41,8,23.9,3.5,7.6,.457,1.1,3.1,.367,2.3,4.5,.519,.532,1.9,2.7,.685,0.6,2.6,3.2,1.0,0.5,0.7,0.8,2.0,10.0,2020
Josh Gray,PG,26,NOP,2,0,11.5,0.5,1.0,.500,0.0,0.0,,0.5,1.0,.500,.500,0.0,0.0,,0.5,0.5,1.0,1.0,0.0,0.0,2.5,0.5,1.0,2020
Danny Green,SG,32,LAL,40,40,25.1,3.2,7.3,.434,1.9,5.0,.382,1.3,2.3,.549,.566,0.6,0.8,.719,0.7,2.9,3.6,1.4,1.2,0.5,0.8,2.2,8.8,2020
Draymond Green,PF,29,GSW,32,32,29.2,3.0,7.9,.381,0.8,3.0,.268,2.2,4.8,.452,.433,1.6,2.2,.754,0.6,5.8,6.3,5.6,1.5,0.8,2.3,2.6,8.4,2020
JaMychal Green,PF,29,LAC,33,0,21.2,2.3,5.8,.403,1.4,3.9,.346,1.0,1.8,.525,.521,0.8,0.9,.862,1.5,5.1,6.5,0.7,0.5,0.4,0.9,2.6,6.8,2020
Javonte Green,SF,26,BOS,32,0,7.8,1.2,2.1,.559,0.2,0.5,.313,1.0,1.6,.635,.596,0.4,0.5,.800,0.3,1.2,1.5,0.3,0.3,0.1,0.3,0.8,2.9,2020
Jeff Green,PF,33,UTA,30,2,18.4,2.5,6.5,.385,1.1,3.5,.327,1.4,3.0,.451,.472,1.6,2.1,.778,0.5,2.2,2.7,0.7,0.4,0.3,0.9,1.5,7.8,2020
Blake Griffin,PF,30,DET,18,18,28.4,4.9,13.9,.352,1.5,6.2,.243,3.4,7.7,.439,.406,4.2,5.4,.776,0.9,3.7,4.7,3.3,0.4,0.4,2.2,1.5,15.5,2020
Marko Guduric,SG,24,MEM,28,0,13.8,1.7,4.5,.370,0.6,2.3,.281,1.0,2.3,.460,.441,0.5,0.6,.882,0.4,1.5,1.9,1.4,0.3,0.2,1.0,0.9,4.5,2020
Kyle Guy,SG,22,SAC,1,0,3.0,0.0,1.0,.000,0.0,1.0,.000,0.0,0.0,,.000,0.0,0.0,,0.0,0.0,0.0,0.0,0.0,0.0,0.0,0.0,0.0,2020
Rui Hachimura,PF,21,WAS,25,25,29.2,5.8,12.1,.482,0.4,1.9,.208,5.4,10.2,.533,.498,1.8,2.2,.852,1.6,4.2,5.8,1.6,0.7,0.1,0.8,2.3,13.9,2020
Devon Hall,SG,24,OKC,5,0,4.0,0.2,1.0,.200,0.0,0.4,.000,0.2,0.6,.333,.200,0.6,0.8,.750,0.0,0.2,0.2,0.6,0.0,0.0,0.2,0.2,1.0,2020
Tim Hardaway,SG,27,DAL,39,26,26.1,5.0,11.6,.433,2.7,6.8,.391,2.4,4.8,.492,.547,1.7,2.2,.786,0.4,2.5,2.9,1.7,0.6,0.1,0.8,1.7,14.4,2020
James Harden,SG,30,HOU,39,39,37.2,10.8,24.2,.446,5.0,13.4,.373,5.8,10.8,.537,.549,10.6,12.3,.860,1.1,5.1,6.2,7.5,1.7,0.9,4.7,3.2,37.2,2020
Maurice Harkless,SF,26,LAC,42,30,22.8,2.3,4.4,.514,0.5,1.4,.333,1.8,3.0,.600,.568,0.5,1.0,.550,1.0,3.0,4.0,1.0,1.0,0.7,0.9,2.4,5.5,2020
Jared Harper,PG,22,PHO,1,0,2.0,0.0,1.0,.000,0.0,1.0,.000,0.0,0.0,,.000,0.0,0.0,,0.0,0.0,0.0,0.0,0.0,0.0,0.0,0.0,0.0,2020
Montrezl Harrell,C,26,LAC,41,2,28.8,7.8,13.6,.573,0.0,0.3,.000,7.8,13.3,.588,.573,3.6,5.6,.636,2.8,4.5,7.2,1.9,0.7,1.1,1.9,2.3,19.2,2020
Gary Harris,SG,25,DEN,37,37,32.9,4.1,9.8,.421,1.4,4.3,.316,2.8,5.5,.502,.490,1.4,1.7,.823,0.5,2.2,2.8,2.2,1.5,0.3,1.0,2.4,11.0,2020
Joe Harris,SF,28,BRK,40,40,31.7,5.2,11.4,.460,2.5,6.0,.413,2.8,5.4,.514,.569,1.1,1.5,.746,0.9,3.3,4.2,2.1,0.7,0.3,1.4,2.4,14.0,2020
Tobias Harris,PF,27,PHI,43,43,34.2,7.7,15.8,.486,1.7,4.7,.353,6.0,11.2,.542,.538,2.4,3.0,.794,0.8,5.9,6.7,3.0,0.8,0.6,1.6,2.3,19.5,2020
Shaquille Harrison,SF,26,CHI,25,4,7.3,0.9,2.4,.383,0.2,0.5,.308,0.8,1.9,.404,.417,0.6,0.9,.652,0.3,1.1,1.4,1.0,0.4,0.2,0.2,0.8,2.6,2020
Josh Hart,SF,24,NOP,35,10,28.6,3.6,8.9,.408,2.2,6.2,.350,1.5,2.7,.543,.531,1.3,1.8,.742,0.9,5.0,5.9,1.5,1.0,0.3,1.2,2.8,10.7,2020
Isaiah Hartenstein,C,21,HOU,18,2,13.2,2.2,3.3,.678,0.0,0.2,.000,2.2,3.1,.714,.678,1.0,1.4,.692,1.4,3.2,4.6,0.9,0.4,0.7,0.7,2.1,5.4,2020
Udonis Haslem,PF,39,MIA,2,0,5.5,0.5,0.5,1.000,0.0,0.0,,0.5,0.5,1.000,1.000,1.5,2.0,.750,0.0,1.5,1.5,0.0,0.0,0.0,0.0,1.5,2.5,2020
Jaxson Hayes,C,19,NOP,39,11,20.1,3.3,5.0,.658,0.0,0.1,.250,3.3,4.9,.667,.661,2.1,3.3,.630,1.8,2.9,4.7,0.9,0.5,1.2,0.8,2.9,8.7,2020
Gordon Hayward,SF,29,BOS,24,24,31.6,6.5,12.7,.516,1.4,4.0,.351,5.1,8.6,.594,.572,1.5,1.8,.860,1.0,5.0,5.9,4.0,0.7,0.4,1.5,1.8,16.0,2020
John Henson,PF,29,CLE,21,1,13.2,2.0,3.9,.524,0.1,0.9,.158,1.9,3.0,.635,.543,0.6,1.2,.500,1.0,2.8,3.8,1.4,0.6,1.2,0.7,1.5,4.9,2020
Dewan Hernandez,C,23,TOR,4,0,2.8,0.3,1.3,.200,0.0,0.3,.000,0.3,1.0,.250,.200,0.5,0.5,1.000,0.5,1.3,1.8,0.0,0.3,0.0,0.3,1.5,1.0,2020
Juan Hernangómez,PF,24,DEN,26,0,11.8,1.0,3.0,.342,0.5,1.8,.277,0.5,1.2,.438,.424,0.3,0.7,.471,0.5,1.9,2.4,0.7,0.1,0.1,0.5,0.7,2.9,2020
Willy Hernangómez,C,25,CHO,15,0,7.3,1.7,3.1,.565,0.2,0.7,.300,1.5,2.4,.639,.598,0.7,1.5,.478,1.1,1.7,2.8,0.3,0.1,0.3,0.7,0.5,4.4,2020
Tyler Herro,SG,20,MIA,38,3,28.4,4.9,11.7,.417,2.1,5.5,.385,2.8,6.3,.445,.507,1.5,1.8,.851,0.3,4.0,4.4,2.2,0.6,0.1,1.8,1.3,13.4,2020
Kevin Hervey,PF,23,OKC,3,0,3.0,0.0,1.3,.000,0.0,1.0,.000,0.0,0.3,.000,.000,0.0,0.0,,0.0,0.7,0.7,0.3,0.0,0.0,0.0,0.3,0.0,2020
Mario Hezonja,PF,24,POR,31,4,16.2,1.6,4.0,.400,0.4,1.3,.308,1.2,2.8,.442,.448,1.0,1.2,.838,0.6,3.2,3.8,0.9,0.6,0.1,0.7,2.2,4.6,2020
Buddy Hield,SG,27,SAC,41,41,34.3,7.4,17.8,.418,3.6,9.8,.368,3.8,8.0,.479,.519,1.9,2.3,.819,0.9,4.1,5.0,3.1,0.8,0.3,2.7,2.6,20.3,2020
George Hill,PG,33,MIL,40,0,21.3,3.6,6.5,.546,1.6,3.0,.525,2.0,3.5,.564,.667,1.3,1.6,.810,1.0,2.2,3.2,3.1,0.7,0.1,0.9,1.4,10.0,2020
Solomon Hill,SF,28,MEM,40,2,18.9,2.1,5.1,.404,1.2,3.1,.371,0.9,2.0,.456,.517,0.5,0.7,.714,0.6,2.6,3.2,2.0,0.7,0.2,0.8,1.4,5.8,2020
Jaylen Hoard,SF,20,POR,10,0,6.4,0.9,2.2,.409,0.0,0.2,.000,0.9,2.0,.450,.409,0.6,0.9,.667,0.8,1.0,1.8,0.2,0.4,0.0,0.4,0.4,2.4,2020
Aaron Holiday,PG,23,IND,40,18,23.6,3.9,9.2,.423,1.5,3.7,.409,2.4,5.4,.433,.507,1.2,1.4,.870,0.4,2.0,2.4,3.6,0.8,0.2,1.4,1.9,10.5,2020
Jrue Holiday,SG,29,NOP,34,34,35.6,7.8,17.9,.438,2.0,5.8,.342,5.9,12.1,.483,.493,2.0,2.8,.708,1.3,3.5,4.9,6.5,1.7,0.7,3.1,2.1,19.6,2020
Justin Holiday,SG,30,IND,42,2,25.3,2.7,6.6,.412,1.8,4.3,.407,1.0,2.3,.423,.545,0.6,0.8,.818,0.4,3.0,3.4,1.5,1.0,0.5,0.5,1.7,7.9,2020
Rondae Hollis-Jefferson,SF,25,TOR,33,2,20.1,3.0,6.4,.471,0.1,0.4,.154,2.9,6.0,.492,.476,2.1,2.8,.758,2.2,2.8,5.1,1.6,0.9,0.4,1.1,2.1,8.2,2020
Richaun Holmes,C,26,SAC,37,33,29.4,5.5,8.4,.660,0.0,0.0,,5.5,8.4,.660,.660,2.1,2.5,.817,3.1,5.4,8.5,1.0,1.1,1.4,1.2,3.9,13.1,2020
Rodney Hood,SF,27,POR,21,21,29.5,4.1,8.2,.506,1.7,3.4,.493,2.5,4.8,.515,.608,1.0,1.3,.778,0.5,3.0,3.4,1.5,0.8,0.2,0.9,2.2,11.0,2020
Al Horford,C,33,PHI,39,39,31.0,5.2,11.4,.453,1.4,4.2,.333,3.8,7.2,.523,.515,0.9,1.3,.700,1.7,4.9,6.5,3.9,1.0,1.0,1.1,2.2,12.7,2020
Talen Horton-Tucker,SG,19,LAL,2,0,2.5,0.0,0.5,.000,0.0,0.5,.000,0.0,0.0,,.000,0.0,0.0,,0.0,0.0,0.0,1.0,0.5,0.0,0.0,0.0,0.0,2020
Danuel House,SF,26,HOU,34,29,30.5,3.5,8.2,.430,2.0,5.3,.370,1.6,2.9,.541,.550,1.2,1.6,.741,1.1,2.8,3.9,1.2,0.9,0.5,0.9,2.2,10.2,2020
Dwight Howard,C,34,LAL,41,0,19.8,3.1,4.3,.723,0.1,0.1,.600,3.0,4.2,.727,.732,1.4,2.7,.505,2.5,5.0,7.5,0.7,0.4,1.4,1.2,3.3,7.7,2020
Kevin Huerter,SG,21,ATL,31,23,27.9,4.2,10.0,.423,2.2,5.4,.401,2.1,4.6,.448,.531,1.2,1.5,.844,0.6,3.5,4.2,3.5,0.9,0.5,1.8,2.2,11.8,2020
De'Andre Hunter,SF,22,ATL,41,40,31.0,4.3,10.7,.401,1.6,4.7,.333,2.7,6.0,.453,.474,1.7,2.2,.767,0.5,3.2,3.7,1.7,0.6,0.2,1.6,2.7,11.8,2020
Chandler Hutchison,SF,23,CHI,16,6,15.0,2.0,4.6,.438,0.4,1.0,.438,1.6,3.6,.439,.486,1.4,2.4,.590,0.2,2.8,2.9,0.6,0.7,0.3,1.0,1.3,5.9,2020
Serge Ibaka,C,30,TOR,31,14,26.6,6.1,12.1,.507,0.9,2.5,.377,5.2,9.6,.540,.545,1.9,2.6,.741,2.3,6.3,8.5,1.2,0.4,0.9,2.1,2.7,15.1,2020
Ersan İlyasova,PF,32,MIL,39,4,16.8,2.9,5.8,.502,0.9,2.6,.370,2.0,3.3,.606,.584,1.3,1.6,.823,1.2,4.2,5.4,1.0,0.4,0.3,0.6,1.5,8.1,2020
Joe Ingles,SF,32,UTA,41,21,30.0,3.9,8.6,.453,2.3,5.3,.425,1.6,3.3,.500,.585,1.1,1.4,.793,0.4,3.8,4.1,4.7,1.0,0.1,1.9,2.1,11.2,2020
Brandon Ingram,PF,22,NOP,37,37,34.5,9.0,18.7,.480,2.5,6.2,.406,6.5,12.5,.517,.548,5.3,6.2,.860,0.9,5.9,6.8,4.3,0.9,0.8,3.1,2.9,25.8,2020
Kyrie Irving,PG,27,BRK,14,14,32.9,10.0,21.6,.462,2.6,7.1,.364,7.4,14.6,.510,.521,4.6,5.1,.915,1.1,4.2,5.3,6.9,1.2,0.6,2.2,2.5,27.2,2020
Jonathan Isaac,SF,22,ORL,32,32,29.7,4.7,10.1,.463,0.9,2.8,.330,3.7,7.2,.515,.509,1.8,2.3,.767,1.8,5.2,6.9,1.4,1.6,2.4,1.5,2.5,12.0,2020
Wesley Iwundu,SF,25,ORL,28,9,18.0,1.6,4.5,.360,0.3,1.3,.257,1.3,3.2,.400,.396,1.5,1.7,.854,0.6,2.1,2.8,1.0,0.6,0.3,0.5,1.5,5.0,2020
Frank Jackson,PG,21,NOP,33,1,13.9,2.2,5.8,.387,0.7,2.6,.279,1.5,3.2,.476,.450,1.0,1.3,.773,0.3,1.0,1.3,0.8,0.3,0.1,0.9,1.4,6.2,2020
Jaren Jackson,C,20,MEM,41,41,28.0,6.5,13.5,.480,2.6,6.4,.408,3.9,7.1,.545,.577,2.2,3.0,.760,1.1,3.7,4.8,1.5,0.7,1.4,1.6,4.1,17.8,2020
Justin Jackson,PF,24,DAL,38,2,16.1,2.3,5.6,.410,0.9,2.9,.312,1.4,2.7,.515,.491,0.6,0.7,.821,0.4,2.0,2.4,0.6,0.2,0.1,0.2,1.2,6.1,2020
Reggie Jackson,PG,29,DET,2,2,18.0,2.0,5.5,.364,0.5,2.5,.200,1.5,3.0,.500,.409,0.5,0.5,1.000,0.5,2.0,2.5,4.0,0.0,0.0,0.5,1.0,5.0,2020
Justin James,SG,23,SAC,22,0,8.7,1.2,3.0,.403,0.3,1.0,.304,0.9,2.0,.455,.455,0.1,0.5,.273,0.2,1.0,1.2,0.6,0.2,0.4,0.3,0.6,2.9,2020
LeBron James,PG,35,LAL,39,39,34.9,9.7,19.7,.491,2.1,6.2,.346,7.6,13.6,.557,.545,3.8,5.5,.694,1.0,6.7,7.7,10.9,1.3,0.5,3.7,1.8,25.4,2020
Amile Jefferson,PF,26,ORL,14,0,4.9,0.3,0.8,.364,0.0,0.0,,0.3,0.8,.364,.364,0.3,0.9,.333,0.6,0.9,1.5,0.3,0.0,0.2,0.2,0.4,0.9,2020
DaQuan Jeffries,SG,22,SAC,2,0,5.5,0.5,0.5,1.000,0.0,0.0,,0.5,0.5,1.000,1.000,0.0,0.0,,0.5,0.0,0.5,0.5,0.0,0.0,0.0,0.5,1.0,2020
Ty Jerome,PG,22,PHO,12,0,11.4,1.3,4.1,.327,0.5,1.7,.300,0.8,2.4,.345,.388,0.3,0.4,.800,0.3,1.2,1.4,1.9,0.9,0.0,0.8,1.2,3.5,2020
Alize Johnson,SF,23,IND,11,0,4.2,0.6,1.3,.500,0.0,0.0,,0.6,1.3,.500,.500,0.4,0.5,.667,0.5,0.8,1.4,0.2,0.0,0.0,0.1,0.5,1.6,2020
B.J. Johnson,SF,24,ORL,4,0,9.5,1.3,3.5,.357,0.3,1.3,.200,1.0,2.3,.444,.393,0.0,0.0,,0.3,0.8,1.0,0.5,0.5,0.0,0.8,0.0,2.8,2020
Cameron Johnson,PF,23,PHO,38,0,19.8,2.7,6.4,.420,1.7,4.4,.398,0.9,2.0,.468,.556,0.7,0.9,.750,0.9,2.1,3.1,0.9,0.4,0.3,0.6,1.5,7.8,2020
James Johnson,PF,32,MIA,11,0,14.3,2.0,4.0,.500,0.9,2.0,.455,1.1,2.0,.545,.614,0.7,1.2,.615,0.6,2.2,2.8,0.7,0.3,0.5,0.7,1.7,5.6,2020
Keldon Johnson,SF,20,SAS,2,0,3.5,0.5,2.0,.250,0.0,0.0,,0.5,2.0,.250,.250,0.0,0.0,,0.0,1.0,1.0,0.0,0.0,0.0,0.0,0.0,1.0,2020
Stanley Johnson,PF,23,TOR,13,0,5.5,0.5,1.9,.280,0.2,0.9,.167,0.4,1.0,.385,.320,0.2,0.3,.750,0.2,0.9,1.2,0.2,0.2,0.1,0.5,0.5,1.5,2020
Tyler Johnson,SG,27,PHO,28,3,16.9,2.1,5.6,.376,0.7,2.6,.270,1.4,3.0,.470,.439,0.8,1.1,.733,0.4,1.5,1.8,1.7,0.4,0.3,0.8,1.4,5.7,2020
Nikola Jokić,C,24,DEN,41,41,31.4,7.5,14.6,.510,1.3,4.0,.331,6.1,10.7,.577,.555,3.0,3.7,.803,2.3,7.6,9.9,6.4,0.9,0.6,2.7,3.0,19.2,2020
Damian Jones,C,24,ATL,37,20,16.6,2.5,3.6,.694,0.1,0.2,.333,2.5,3.5,.711,.701,1.2,1.6,.733,1.4,2.3,3.7,0.6,0.4,0.8,0.5,2.9,6.3,2020
Derrick Jones,SF,22,MIA,27,1,24.3,3.2,6.8,.470,0.6,2.7,.230,2.6,4.0,.633,.516,1.7,2.3,.758,0.8,3.5,4.3,0.9,1.1,0.7,0.7,2.4,8.7,2020
Tyus Jones,PG,23,MEM,42,6,19.1,2.6,5.9,.438,0.5,1.6,.328,2.1,4.3,.478,.482,0.6,0.8,.750,0.1,1.4,1.5,4.6,0.9,0.1,1.0,0.7,6.3,2020
DeAndre Jordan,C,31,BRK,37,4,21.0,3.2,4.9,.656,0.0,0.0,,3.2,4.9,.656,.656,1.5,2.2,.679,2.4,7.4,9.7,2.0,0.4,0.9,1.3,2.0,8.0,2020
Cory Joseph,PG,28,SAC,41,20,25.5,2.5,6.3,.390,0.6,2.0,.313,1.8,4.3,.426,.440,0.8,0.9,.892,0.6,2.1,2.7,3.6,0.8,0.3,1.2,2.0,6.4,2020
Mfiondu Kabengele,C,22,LAC,10,0,4.4,1.0,2.2,.455,0.6,1.2,.500,0.4,1.0,.400,.591,0.3,0.3,1.000,0.1,0.7,0.8,0.1,0.1,0.1,0.1,0.6,2.9,2020
Frank Kaminsky,C,26,PHO,32,13,22.4,4.0,8.7,.455,1.2,3.5,.348,2.8,5.2,.527,.525,1.8,2.8,.670,0.9,4.0,4.9,2.2,0.4,0.3,1.0,2.2,11.0,2020
Enes Kanter,C,27,BOS,33,4,18.4,4.0,6.8,.587,0.0,0.2,.200,3.9,6.6,.596,.590,1.2,1.8,.690,2.9,5.2,8.2,1.0,0.5,0.9,1.0,1.8,9.2,2020
Luke Kennard,SG,23,DET,28,25,32.9,5.4,12.2,.442,2.6,6.5,.399,2.8,5.7,.491,.548,2.4,2.7,.893,0.3,3.2,3.5,4.1,0.4,0.2,1.5,2.3,15.8,2020
Stanton Kidd,SF,27,UTA,4,0,3.8,0.0,0.8,.000,0.0,0.3,.000,0.0,0.5,.000,.000,0.0,0.0,,0.0,0.8,0.8,0.3,0.0,0.0,0.5,0.8,0.0,2020
Michael Kidd-Gilchrist,PF,26,CHO,12,0,13.3,1.5,4.4,.340,0.4,1.4,.294,1.1,3.0,.361,.387,0.6,0.8,.778,0.8,2.2,2.9,0.8,0.0,0.3,0.6,1.5,4.0,2020
Louis King,SF,20,DET,4,0,3.0,0.8,1.8,.429,0.3,0.8,.333,0.5,1.0,.500,.500,0.0,0.0,,0.3,0.3,0.5,0.3,0.3,0.0,0.3,0.5,1.8,2020
Maxi Kleber,C,28,DAL,41,10,25.1,3.1,6.6,.463,1.7,4.2,.401,1.4,2.4,.570,.590,1.3,1.4,.881,1.5,3.9,5.4,1.0,0.3,0.9,0.8,2.2,9.1,2020
Brandon Knight,PG,28,CLE,16,0,15.1,1.8,5.4,.326,1.2,4.0,.297,0.6,1.4,.409,.436,0.3,0.8,.308,0.2,1.1,1.3,1.9,0.3,0.1,1.0,1.3,4.9,2020
Kevin Knox,SF,20,NYK,41,4,19.6,2.6,6.9,.376,1.2,3.6,.336,1.4,3.3,.419,.463,1.2,1.9,.649,0.4,2.8,3.2,1.1,0.5,0.4,0.7,1.6,7.6,2020
John Konchar,SG,23,MEM,2,0,4.0,0.0,0.0,,0.0,0.0,,0.0,0.0,,,0.0,0.0,,0.0,0.5,0.5,0.0,0.0,0.0,0.0,0.0,0.0,2020
Furkan Korkmaz,SG,22,PHI,42,11,20.4,3.1,7.1,.438,1.7,4.3,.390,1.4,2.8,.513,.557,0.6,0.8,.714,0.2,2.0,2.2,0.8,0.5,0.2,0.7,1.3,8.5,2020
Luke Kornet,C,24,CHI,23,1,11.9,1.4,3.8,.368,0.6,2.4,.255,0.8,1.4,.563,.448,0.4,0.5,.750,0.4,1.4,1.8,0.6,0.3,0.8,0.2,1.0,3.8,2020
Kyle Korver,SF,38,MIL,37,0,16.6,2.0,4.9,.409,1.6,3.9,.417,0.4,1.0,.378,.575,0.6,0.6,.875,0.2,1.6,1.8,1.2,0.5,0.2,0.8,1.2,6.2,2020
Rodions Kurucs,PF,21,BRK,25,3,12.9,1.6,3.4,.476,0.6,1.3,.455,1.0,2.0,.490,.565,0.4,0.7,.556,0.6,2.0,2.6,0.9,0.4,0.1,1.0,1.8,4.2,2020
Kyle Kuzma,PF,24,LAL,32,5,24.4,4.8,11.1,.430,1.7,4.8,.342,3.1,6.3,.498,.504,1.7,2.2,.746,0.7,3.1,3.8,1.1,0.3,0.4,1.5,1.8,12.9,2020
Skal Labissière,C,23,POR,33,1,17.2,2.5,4.5,.551,0.1,0.4,.231,2.4,4.1,.582,.561,0.8,1.0,.758,2.0,3.2,5.1,1.3,0.2,0.9,0.9,2.7,5.8,2020
Jeremy Lamb,SG,27,IND,31,31,29.4,4.9,11.0,.449,1.2,3.7,.325,3.7,7.3,.511,.503,2.3,2.6,.864,0.6,4.3,4.9,2.4,1.3,0.5,1.2,2.2,13.3,2020
Romeo Langford,SG,20,BOS,11,0,9.6,0.7,1.8,.400,0.2,0.8,.222,0.5,1.0,.545,.450,0.6,0.7,.875,0.5,0.5,1.0,0.2,0.3,0.2,0.2,0.6,2.3,2020
Zach LaVine,SG,24,CHI,43,43,34.0,8.4,19.2,.440,3.1,8.0,.392,5.3,11.2,.474,.521,4.6,5.5,.832,0.7,4.0,4.7,4.0,1.3,0.4,3.3,2.2,24.6,2020
Jake Layman,PF,25,MIN,14,2,26.4,4.4,9.4,.462,1.4,3.9,.352,3.0,5.6,.538,.534,0.4,0.7,.600,0.9,2.1,2.9,0.8,0.9,0.7,1.3,2.2,10.5,2020
T.J. Leaf,PF,22,IND,21,1,8.4,1.3,3.1,.415,0.2,0.7,.357,1.0,2.4,.431,.454,0.3,0.5,.600,1.0,1.9,2.8,0.3,0.3,0.1,0.3,0.8,3.1,2020
Jalen Lecque,G,19,PHO,1,0,2.0,0.0,1.0,.000,0.0,0.0,,0.0,1.0,.000,.000,0.0,0.0,,0.0,0.0,0.0,0.0,0.0,0.0,0.0,0.0,0.0,2020
Courtney Lee,SG,34,DAL,10,3,8.0,1.3,2.3,.565,0.7,1.2,.583,0.6,1.1,.545,.717,0.0,0.0,,0.0,0.5,0.5,0.3,0.0,0.2,0.2,0.6,3.3,2020
Damion Lee,SG,27,GSW,27,14,27.2,4.2,10.4,.407,1.4,4.0,.358,2.8,6.3,.439,.477,2.8,3.1,.882,0.9,4.3,5.3,2.5,0.9,0.1,1.3,1.9,12.7,2020
Alex Len,C,26,ATL,38,9,18.7,3.7,6.6,.554,0.4,1.4,.259,3.3,5.2,.635,.582,1.3,2.1,.633,1.7,4.1,5.8,1.1,0.5,0.8,1.0,2.3,9.0,2020
Kawhi Leonard,SF,28,LAC,32,32,32.0,9.3,20.1,.465,2.0,5.3,.371,7.4,14.8,.499,.514,5.8,6.6,.890,1.0,6.3,7.3,5.0,1.9,0.6,3.3,1.9,26.5,2020
Meyers Leonard,PF,27,MIA,41,41,20.1,2.4,4.4,.542,1.0,2.3,.457,1.3,2.1,.635,.662,0.3,0.5,.684,0.5,4.4,4.9,1.2,0.2,0.3,0.7,2.0,6.1,2020
Caris LeVert,SG,25,BRK,15,9,27.8,5.9,14.3,.409,1.5,4.1,.371,4.3,10.2,.425,.463,2.1,3.5,.615,1.0,3.1,4.1,3.4,0.7,0.1,3.0,1.8,15.4,2020
Damian Lillard,PG,29,POR,41,41,36.7,8.5,19.0,.446,3.4,9.4,.358,5.1,9.6,.533,.535,6.6,7.5,.886,0.5,3.6,4.1,7.6,1.0,0.4,2.8,1.8,27.0,2020
Nassir Little,PF,19,POR,32,3,12.1,1.2,3.0,.392,0.2,1.2,.189,1.0,1.9,.517,.428,0.7,1.0,.636,0.7,1.9,2.6,0.5,0.3,0.3,0.4,1.4,3.3,2020
Kevon Looney,C,23,GSW,10,3,10.5,1.1,3.2,.344,0.1,0.2,.500,1.0,3.0,.333,.359,0.3,0.5,.600,1.5,1.4,2.9,0.4,0.3,0.2,0.6,1.7,2.6,2020
Brook Lopez,C,31,MIL,41,41,26.2,3.6,8.8,.415,1.4,4.7,.304,2.2,4.1,.542,.496,1.5,1.7,.870,0.6,4.1,4.7,1.5,0.7,2.5,0.9,2.2,10.1,2020
Robin Lopez,C,31,MIL,42,2,14.3,2.3,4.6,.510,0.4,1.5,.270,1.9,3.1,.628,.555,0.5,0.9,.513,1.0,1.8,2.7,0.7,0.1,0.7,0.9,1.3,5.5,2020
Kevin Love,PF,31,CLE,35,35,31.3,5.6,12.4,.454,2.3,6.3,.361,3.4,6.1,.549,.545,3.6,4.3,.839,0.9,9.4,10.3,2.9,0.5,0.4,2.7,1.5,17.1,2020
Kyle Lowry,PG,33,TOR,30,30,37.7,6.0,14.8,.404,3.1,8.8,.352,2.9,6.0,.481,.509,5.1,5.9,.859,0.6,3.9,4.5,7.8,1.2,0.4,2.9,3.2,20.2,2020
Timothé Luwawu-Cabarrot,SG,24,BRK,18,0,17.1,1.6,4.2,.387,0.7,2.1,.324,0.9,2.1,.447,.467,0.8,1.1,.737,0.5,1.8,2.3,0.7,0.5,0.1,0.9,1.9,4.7,2020
Trey Lyles,PF,24,SAS,40,30,17.3,1.8,4.4,.401,0.7,2.2,.326,1.1,2.2,.477,.483,0.4,0.6,.682,1.3,4.6,5.9,1.2,0.3,0.4,0.6,1.3,4.7,2020
Daryl Macon,SG,24,MIA,4,0,3.5,0.3,0.8,.333,0.3,0.5,.500,0.0,0.3,.000,.500,0.0,0.0,,0.0,0.0,0.0,0.3,0.0,0.0,0.5,0.3,0.8,2020
Josh Magette,PG,30,ORL,8,0,4.8,0.6,1.9,.333,0.1,0.5,.250,0.5,1.4,.364,.367,0.1,0.3,.500,0.1,0.6,0.8,0.6,0.4,0.1,0.6,0.5,1.5,2020
Ian Mahinmi,C,33,WAS,21,18,22.0,2.8,5.7,.492,0.2,0.8,.250,2.6,5.0,.529,.508,2.0,3.3,.586,2.3,3.5,5.9,1.4,0.9,1.4,1.5,3.0,7.8,2020
Thon Maker,C,22,DET,40,3,11.0,1.2,2.4,.505,0.3,0.8,.333,1.0,1.6,.585,.558,1.1,1.7,.642,0.7,1.4,2.0,0.4,0.3,0.6,0.7,1.5,3.7,2020
Terance Mann,SG,23,LAC,26,5,8.5,0.8,1.8,.447,0.1,0.4,.200,0.7,1.4,.514,.468,0.3,0.4,.800,0.2,0.9,1.0,1.1,0.2,0.1,0.5,1.0,2.0,2020
Boban Marjanović,C,31,DAL,21,1,10.0,2.6,4.7,.545,0.1,0.3,.286,2.5,4.4,.565,.556,0.9,1.3,.679,1.5,3.0,4.5,0.4,0.1,0.1,0.8,1.6,6.1,2020
Lauri Markkanen,PF,22,CHI,43,43,30.1,5.1,11.9,.427,2.2,6.3,.353,2.9,5.6,.508,.520,2.6,3.2,.819,1.2,5.3,6.5,1.6,0.8,0.5,1.6,2.0,15.0,2020
Caleb Martin,SF,24,CHO,5,0,6.4,0.6,2.0,.300,0.0,0.6,.000,0.6,1.4,.429,.300,0.6,1.0,.600,0.2,0.8,1.0,0.6,0.2,0.4,0.6,0.6,1.8,2020
Cody Martin,SF,24,CHO,31,0,14.3,1.3,3.3,.398,0.3,1.3,.200,1.1,2.0,.524,.437,0.9,1.4,.690,0.5,1.9,2.5,1.2,0.7,0.2,0.6,1.4,3.8,2020
Kelan Martin,SF,24,MIN,17,3,17.4,2.3,6.4,.358,0.9,3.4,.263,1.4,3.1,.462,.427,0.3,0.3,1.000,0.3,3.1,3.4,0.5,0.2,0.3,0.4,1.9,5.8,2020
Frank Mason,PG,25,MIL,4,0,4.5,0.3,1.8,.143,0.3,1.0,.250,0.0,0.8,.000,.214,0.5,1.0,.500,0.3,0.3,0.5,1.3,0.3,0.0,0.3,0.5,1.3,2020
Garrison Mathews,SG,23,WAS,15,0,13.1,1.5,3.3,.460,1.2,2.8,.429,0.3,0.5,.625,.640,1.9,2.1,.906,0.4,1.1,1.5,0.7,0.2,0.1,0.5,1.7,6.2,2020
Wesley Matthews,SG,33,MIL,40,40,24.2,2.4,6.2,.394,1.5,4.2,.353,1.0,2.0,.481,.514,0.8,1.0,.780,0.2,2.3,2.5,1.4,0.7,0.2,0.6,1.5,7.1,2020
Patrick McCaw,SF,24,TOR,20,11,27.0,2.5,5.7,.434,0.8,2.4,.333,1.7,3.3,.508,.504,0.4,0.5,.778,0.5,1.9,2.4,2.7,1.2,0.1,1.1,1.8,6.1,2020
CJ McCollum,SG,28,POR,42,42,35.6,8.5,18.9,.453,2.6,6.9,.378,6.0,12.0,.495,.521,1.8,2.3,.789,0.7,3.4,4.0,3.8,0.8,0.7,1.7,2.5,21.5,2020
T.J. McConnell,PG,27,IND,40,1,18.8,3.1,6.0,.517,0.1,0.3,.364,3.0,5.7,.524,.525,0.5,0.6,.760,0.5,2.1,2.6,5.1,0.6,0.1,1.5,1.1,6.8,2020
Jalen McDaniels,PF,22,CHO,2,0,3.5,1.0,2.5,.400,0.0,0.5,.000,1.0,2.0,.500,.400,0.0,0.0,,0.5,0.0,0.5,0.0,0.0,0.0,0.0,0.0,2.0,2020
Doug McDermott,PF,28,IND,42,0,20.7,3.6,7.8,.465,1.7,4.0,.429,1.9,3.8,.503,.576,0.6,0.8,.818,0.5,2.3,2.8,1.1,0.1,0.1,0.6,1.7,9.7,2020
JaVale McGee,C,32,LAL,41,41,17.0,3.1,4.9,.640,0.0,0.1,.667,3.1,4.8,.640,.645,0.7,1.2,.612,1.9,4.0,5.9,0.7,0.6,1.7,0.8,2.4,7.0,2020
Rodney McGruder,SG,28,LAC,30,2,16.5,1.4,3.5,.394,0.6,2.0,.295,0.8,1.4,.535,.481,0.2,0.5,.500,0.6,2.3,2.8,0.6,0.5,0.2,0.4,1.7,3.6,2020
Alfonzo McKinnie,SF,27,CLE,28,1,12.8,1.4,3.5,.408,0.3,1.4,.231,1.1,2.1,.525,.454,0.3,0.5,.643,0.8,1.8,2.5,0.3,0.5,0.2,0.6,1.6,3.5,2020
Jordan McLaughlin,PG,23,MIN,7,0,16.0,2.0,5.4,.368,1.0,2.9,.350,1.0,2.6,.389,.461,0.6,0.6,1.000,0.3,1.7,2.0,2.7,0.7,0.0,0.7,0.9,5.6,2020
Ben McLemore,SG,26,HOU,40,11,24.2,3.5,8.2,.421,2.6,7.0,.367,0.9,1.3,.720,.576,0.9,1.1,.800,0.4,2.1,2.5,1.0,0.7,0.3,0.8,2.0,10.4,2020
Jordan McRae,SG,28,WAS,25,4,22.4,4.8,11.1,.430,1.5,3.6,.422,3.2,7.5,.433,.498,2.3,2.9,.781,0.6,2.8,3.4,2.8,0.7,0.5,1.4,1.9,13.3,2020
Nicolò Melli,C,29,NOP,31,5,15.4,1.9,4.5,.428,0.9,2.7,.329,1.0,1.7,.585,.529,1.0,1.2,.811,0.5,1.9,2.4,1.0,0.6,0.2,0.7,1.7,5.7,2020
De'Anthony Melton,PG,21,MEM,31,0,17.4,2.7,6.1,.452,0.6,1.9,.310,2.2,4.2,.515,.500,1.7,2.0,.857,0.8,3.2,3.9,3.1,1.3,0.4,1.4,1.9,7.8,2020
Chimezie Metu,PF,22,SAS,11,0,3.7,1.2,2.0,.591,0.0,0.0,,1.2,2.0,.591,.591,0.4,0.5,.667,0.7,0.8,1.5,0.3,0.1,0.3,0.1,0.1,2.7,2020
Khris Middleton,SF,28,MIL,36,33,28.4,7.1,14.5,.491,2.1,5.2,.410,5.0,9.3,.538,.565,3.0,3.4,.893,0.8,4.9,5.7,3.8,1.0,0.2,2.0,2.3,19.4,2020
C.J. Miles,SG,32,WAS,10,0,16.1,1.9,5.9,.322,1.1,3.5,.314,0.8,2.4,.333,.415,1.5,2.0,.750,0.4,0.8,1.2,1.2,1.0,0.4,0.4,1.4,6.4,2020
Malcolm Miller,SF,26,TOR,21,1,5.5,0.3,1.0,.350,0.2,0.7,.333,0.1,0.2,.400,.475,0.0,0.3,.167,0.0,0.6,0.7,0.4,0.2,0.1,0.1,0.5,1.0,2020
Patty Mills,PG,31,SAS,40,1,23.3,4.1,9.1,.444,2.3,5.7,.408,1.7,3.4,.504,.571,1.3,1.7,.791,0.3,1.3,1.5,2.0,0.8,0.1,1.0,1.5,11.8,2020
Paul Millsap,PF,34,DEN,32,32,24.9,4.1,8.8,.468,1.0,2.3,.413,3.2,6.5,.488,.523,2.7,3.0,.885,2.0,3.8,5.8,1.4,0.9,0.7,1.3,2.8,11.9,2020
Shake Milton,SG,23,PHI,12,0,8.5,1.3,3.5,.381,0.4,1.8,.227,0.9,1.7,.550,.440,0.8,1.1,.769,0.2,1.1,1.3,0.8,0.1,0.1,1.1,1.3,3.9,2020
Donovan Mitchell,SG,23,UTA,40,40,34.7,9.2,20.0,.460,2.3,6.3,.364,6.9,13.7,.505,.518,4.1,4.8,.853,0.8,3.5,4.3,4.4,1.1,0.3,2.4,2.4,24.8,2020
Naz Mitrou-Long,SG,26,IND,3,0,14.3,2.0,5.3,.375,0.7,3.7,.182,1.3,1.7,.800,.438,0.0,0.0,,0.0,2.0,2.0,2.3,0.3,0.3,0.7,0.3,4.7,2020
Adam Mokoka,SG,21,CHI,2,0,3.0,0.0,2.5,.000,0.0,1.0,.000,0.0,1.5,.000,.000,0.0,0.0,,1.0,0.0,1.0,0.0,0.0,0.0,0.0,0.0,0.0,2020
Malik Monk,SG,21,CHO,42,0,19.2,3.1,7.5,.422,0.9,3.4,.257,2.3,4.0,.562,.481,1.0,1.3,.792,0.4,2.2,2.6,2.0,0.4,0.2,1.2,1.4,8.2,2020
E'Twaun Moore,SG,30,NOP,30,5,21.6,4.1,9.7,.423,1.5,3.8,.398,2.6,5.9,.438,.500,0.7,1.1,.618,0.8,2.4,3.2,1.8,0.7,0.2,0.8,1.8,10.4,2020
Ja Morant,PG,20,MEM,36,36,29.8,6.8,13.7,.494,0.9,2.3,.402,5.9,11.4,.512,.527,3.5,4.3,.806,0.6,2.9,3.5,7.0,1.1,0.3,3.3,1.6,17.9,2020
Juwan Morgan,PF,22,UTA,7,0,4.0,0.3,0.7,.400,0.0,0.4,.000,0.3,0.3,1.000,.400,0.0,0.0,,0.0,0.6,0.6,0.1,0.0,0.1,0.3,0.3,0.6,2020
Marcus Morris,SF,30,NYK,34,34,31.8,6.2,14.1,.437,2.7,5.8,.467,3.5,8.4,.415,.532,3.9,4.8,.822,1.1,4.3,5.5,1.5,0.9,0.4,1.6,2.9,19.0,2020
Markieff Morris,PF,30,DET,34,15,22.1,4.0,8.7,.455,1.7,4.2,.396,2.3,4.5,.510,.551,1.2,1.6,.750,0.6,3.2,3.8,1.6,0.6,0.2,1.6,2.4,10.9,2020
Monte Morris,PG,24,DEN,41,1,18.2,3.0,6.8,.446,0.7,1.7,.412,2.3,5.1,.457,.496,0.8,1.0,.805,0.3,1.3,1.5,3.3,0.6,0.2,0.6,0.8,7.5,2020
Johnathan Motley,PF,24,LAC,7,0,2.4,0.4,0.7,.600,0.1,0.1,1.000,0.3,0.6,.500,.700,0.3,0.3,1.000,0.1,0.1,0.3,0.7,0.4,0.0,0.6,0.7,1.3,2020
Emmanuel Mudiay,PG,23,UTA,38,1,17.4,3.1,6.4,.482,0.6,1.7,.344,2.5,4.8,.530,.527,1.1,1.4,.727,0.3,2.3,2.6,2.5,0.4,0.2,1.5,1.5,7.8,2020
Dejounte Murray,PG,23,SAS,36,28,24.2,4.2,8.6,.489,0.4,1.3,.313,3.8,7.3,.521,.513,1.4,1.7,.790,1.3,4.7,6.0,4.1,1.7,0.3,2.1,2.3,10.2,2020
Jamal Murray,PG,22,DEN,40,40,32.0,6.5,15.0,.435,1.6,5.0,.322,4.9,10.0,.491,.488,3.0,3.3,.916,0.8,3.3,4.1,4.6,1.4,0.3,2.1,1.7,17.6,2020
Džanan Musa,SF,20,BRK,28,0,12.8,1.5,4.3,.358,0.5,2.0,.228,1.1,2.3,.476,.413,1.0,1.3,.784,0.5,1.6,2.1,1.0,0.4,0.0,0.9,0.7,4.6,2020
Mike Muscala,C,28,OKC,28,0,12.4,1.4,4.0,.345,0.9,3.0,.286,0.5,1.0,.517,.451,0.5,0.6,.833,0.4,2.1,2.5,0.9,0.2,0.2,0.4,1.2,4.2,2020
Sviatoslav Mykhailiuk,SF,22,DET,37,12,20.5,2.6,6.1,.419,1.9,4.5,.434,0.6,1.6,.377,.577,0.7,0.8,.806,0.3,1.2,1.5,1.7,0.6,0.1,1.0,1.4,7.8,2020
Abdel Nader,SF,26,OKC,32,5,16.3,2.2,4.7,.470,0.9,2.4,.364,1.3,2.3,.581,.563,0.9,1.1,.800,0.3,1.3,1.6,0.8,0.3,0.3,0.9,1.3,6.2,2020
Larry Nance,C,27,CLE,33,5,24.2,3.2,6.2,.505,0.9,2.7,.348,2.2,3.5,.624,.580,0.8,1.2,.634,1.6,5.2,6.8,1.5,0.8,0.5,0.9,1.5,8.0,2020
Shabazz Napier,PG,28,MIN,28,14,22.1,3.1,8.0,.387,1.3,4.5,.280,1.9,3.6,.520,.464,2.0,2.5,.826,0.2,2.3,2.5,4.5,1.0,0.2,2.0,1.5,9.5,2020
Raul Neto,PG,27,PHI,34,2,10.6,1.6,3.2,.486,0.5,1.2,.405,1.1,2.0,.537,.564,0.3,0.4,.833,0.1,0.8,0.9,1.4,0.5,0.1,0.8,0.7,3.9,2020
Georges Niang,PF,26,UTA,35,0,13.2,1.9,4.2,.459,1.3,2.9,.436,0.7,1.3,.511,.610,0.3,0.3,.750,0.2,1.7,1.9,0.6,0.2,0.1,0.4,1.3,5.3,2020
Nerlens Noel,C,25,OKC,35,4,18.5,3.0,4.5,.660,0.0,0.0,1.000,3.0,4.5,.658,.664,1.7,2.1,.811,1.7,3.4,5.1,1.2,1.1,1.6,1.0,2.5,7.7,2020
Zach Norvell,SG,22,LAL,2,0,2.5,0.0,0.5,.000,0.0,0.0,,0.0,0.5,.000,.000,0.0,0.0,,0.0,0.5,0.5,0.0,0.0,0.0,0.0,0.0,0.0,2020
Jaylen Nowell,SG,20,MIN,7,0,11.6,1.6,4.4,.355,0.3,2.4,.118,1.3,2.0,.643,.387,1.0,1.1,.875,0.3,0.4,0.7,0.9,0.0,0.1,0.4,0.4,4.4,2020
Frank Ntilikina,PG,21,NYK,38,24,22.1,2.2,5.8,.388,0.8,2.4,.323,1.4,3.3,.437,.457,0.9,1.0,.868,0.4,1.7,2.2,3.2,1.1,0.4,1.3,2.6,6.1,2020
Kendrick Nunn,SG,24,MIA,41,41,30.2,6.4,13.9,.459,2.0,5.8,.352,4.4,8.2,.534,.532,1.2,1.5,.803,0.3,2.4,2.7,3.5,0.9,0.2,1.7,2.4,16.0,2020
David Nwaba,SF,27,BRK,20,0,13.4,1.9,3.6,.521,0.6,1.4,.429,1.3,2.2,.581,.606,0.9,1.4,.667,0.4,1.9,2.3,0.4,0.6,0.6,0.4,1.6,5.2,2020
Royce O'Neale,PF,26,UTA,41,38,29.5,2.3,4.8,.477,1.3,2.9,.450,1.0,1.8,.520,.615,0.5,0.6,.833,0.2,4.8,5.0,2.5,0.8,0.3,0.8,3.0,6.3,2020
Kyle O'Quinn,C,29,PHI,20,1,10.6,1.5,2.9,.500,0.3,1.0,.316,1.2,2.0,.590,.552,0.2,0.4,.375,1.2,2.7,3.8,1.5,0.2,0.9,0.9,1.4,3.4,2020
Semi Ojeleye,PF,25,BOS,38,4,14.3,0.9,2.3,.386,0.6,1.5,.375,0.3,0.8,.406,.506,0.3,0.4,.786,0.4,1.3,1.7,0.5,0.3,0.1,0.2,1.2,2.6,2020
Jahlil Okafor,C,24,NOP,24,9,16.6,3.5,5.7,.610,0.0,0.1,.500,3.4,5.6,.612,.614,1.5,2.4,.649,1.8,2.8,4.6,1.5,0.2,0.8,1.5,2.5,8.5,2020
Elie Okobo,PG,22,PHO,32,2,11.9,1.6,3.7,.420,0.6,1.4,.391,1.0,2.3,.438,.496,1.0,1.5,.660,0.3,1.0,1.3,2.1,0.5,0.1,0.4,0.9,4.7,2020
Josh Okogie,SG,21,MIN,39,12,23.9,2.4,6.1,.397,0.7,2.6,.270,1.7,3.6,.489,.454,2.3,3.0,.759,1.3,3.2,4.4,1.5,1.1,0.5,1.5,2.2,7.8,2020
KZ Okpala,SF,20,MIA,3,0,1.0,0.0,0.0,,0.0,0.0,,0.0,0.0,,,0.0,0.0,,0.0,0.3,0.3,0.0,0.0,0.0,0.3,0.0,0.0,2020
Kelly Olynyk,C,28,MIA,37,0,19.7,2.5,5.5,.456,1.4,3.2,.417,1.2,2.3,.512,.578,1.2,1.4,.868,0.8,3.8,4.6,1.3,0.6,0.3,1.2,2.6,7.6,2020
Miye Oni,SG,22,UTA,3,0,2.7,0.0,0.0,,0.0,0.0,,0.0,0.0,,,0.0,0.0,,0.0,0.3,0.3,0.0,0.0,0.0,0.3,0.0,0.0,2020
Cedi Osman,SF,24,CLE,42,42,29.2,4.1,9.2,.444,1.8,4.8,.385,2.2,4.4,.508,.544,0.9,1.4,.632,0.5,3.0,3.5,2.0,0.8,0.3,1.4,2.3,10.8,2020
Kelly Oubre,SF,24,PHO,40,40,34.0,6.5,14.2,.460,1.8,5.2,.349,4.7,9.0,.524,.524,3.4,4.4,.778,1.2,5.1,6.3,1.6,1.5,0.8,1.5,3.3,18.3,2020
Jabari Parker,PF,24,ATL,32,23,26.2,6.2,12.3,.504,1.0,3.6,.270,5.2,8.7,.601,.543,1.7,2.3,.736,1.7,4.3,6.0,1.8,1.3,0.5,1.9,2.9,15.0,2020
Chandler Parsons,SF,31,ATL,5,0,10.8,1.0,3.6,.278,0.8,2.8,.286,0.2,0.8,.250,.389,0.0,0.0,,0.2,1.2,1.4,0.6,0.8,0.2,0.6,0.6,2.8,2020
Eric Paschall,PF,23,GSW,38,20,26.8,5.2,10.5,.493,0.6,2.1,.304,4.6,8.4,.539,.523,2.7,3.4,.791,1.3,3.1,4.4,1.7,0.5,0.3,1.5,2.0,13.7,2020
Anžejs Pasečņiks,C,24,WAS,16,0,20.6,3.1,5.9,.526,0.0,0.1,.000,3.1,5.9,.532,.526,1.8,2.9,.609,2.2,3.4,5.6,1.0,0.5,0.4,1.3,3.2,8.0,2020
Patrick Patterson,PF,30,LAC,37,16,13.8,1.7,4.3,.394,1.2,3.3,.372,0.5,1.1,.462,.534,0.5,0.6,.708,0.7,2.1,2.8,0.7,0.2,0.1,0.3,0.8,5.1,2020
Justin Patton,C,22,OKC,5,0,4.8,0.8,2.0,.400,0.2,0.8,.250,0.6,1.2,.500,.450,0.0,0.0,,0.2,0.8,1.0,0.4,0.0,0.0,0.4,0.8,1.8,2020
Chris Paul,PG,34,OKC,42,42,31.9,5.7,12.1,.473,1.6,4.4,.360,4.1,7.7,.537,.538,3.4,3.7,.898,0.3,4.7,5.0,6.5,1.6,0.1,2.1,2.4,16.4,2020
Elfrid Payton,PG,25,NYK,24,15,25.0,3.7,8.9,.416,0.4,1.7,.244,3.3,7.2,.457,.439,0.6,1.2,.536,1.1,2.9,4.0,5.7,1.5,0.3,1.8,1.9,8.5,2020
Gary Payton,PG,27,WAS,13,10,22.0,2.6,5.7,.459,0.7,2.1,.333,1.9,3.6,.532,.520,0.3,0.5,.571,1.2,2.8,4.0,2.5,1.8,0.5,1.2,2.1,6.2,2020
Norvel Pelle,SF,26,PHI,12,0,10.8,1.3,2.1,.600,0.0,0.0,,1.3,2.1,.600,.600,0.3,0.7,.500,0.9,2.7,3.6,0.4,0.1,1.4,0.8,2.3,2.8,2020
Theo Pinson,SG,24,BRK,24,0,13.3,1.8,5.9,.296,0.6,3.0,.197,1.2,3.0,.394,.345,0.6,0.7,.938,0.4,1.5,1.9,1.9,0.5,0.1,1.3,1.3,4.7,2020
Mason Plumlee,C,29,DEN,41,1,17.6,2.9,4.9,.593,0.0,0.1,.000,2.9,4.8,.605,.593,1.5,2.7,.564,1.9,3.8,5.7,2.5,0.6,0.7,1.5,2.3,7.3,2020
Vincent Poirier,C,26,BOS,11,0,4.6,0.6,1.6,.389,0.0,0.0,,0.6,1.6,.389,.389,0.3,0.4,.750,0.7,0.7,1.5,0.3,0.2,0.2,0.4,1.1,1.5,2020
Jakob Pöltl,C,24,SAS,40,7,17.6,2.2,3.7,.601,0.0,0.0,,2.2,3.7,.601,.601,0.6,1.2,.522,1.9,3.8,5.7,1.9,0.5,1.5,0.9,1.7,5.1,2020
Shamorie Ponds,PG,21,TOR,4,0,2.8,0.8,1.3,.600,0.3,0.5,.500,0.5,0.8,.667,.700,0.5,0.5,1.000,0.0,0.3,0.3,0.5,0.0,0.3,0.0,0.5,2.3,2020
Jordan Poole,SG,20,GSW,36,9,21.2,2.3,8.3,.278,1.2,4.6,.261,1.1,3.7,.299,.349,1.5,1.9,.806,0.1,1.8,1.9,1.9,0.6,0.2,1.0,1.5,7.3,2020
Kevin Porter,SF,19,CLE,34,2,21.8,3.3,7.4,.439,0.8,2.7,.297,2.5,4.8,.519,.492,1.2,1.6,.727,0.4,2.9,3.3,1.9,0.9,0.2,1.7,2.6,8.5,2020
Michael Porter,PF,21,DEN,32,1,12.0,2.7,5.0,.547,0.7,1.7,.407,2.0,3.3,.619,.616,0.6,0.8,.720,0.9,2.3,3.2,0.6,0.3,0.4,0.8,1.6,6.7,2020
Otto Porter,SF,26,CHI,9,9,25.1,3.9,9.3,.417,1.8,4.4,.400,2.1,4.9,.432,.512,1.7,2.2,.750,0.9,2.6,3.4,1.6,1.0,0.3,0.8,2.2,11.2,2020
Bobby Portis,C,24,NYK,42,4,21.2,3.9,8.9,.439,1.1,3.0,.368,2.8,5.9,.474,.500,1.1,1.5,.754,1.5,4.3,5.8,1.5,0.5,0.2,1.0,1.9,10.0,2020
Kristaps Porziņģis,PF,24,DAL,31,31,31.2,6.1,15.2,.403,2.2,6.4,.343,3.9,8.8,.445,.475,2.8,3.9,.725,1.7,7.6,9.4,1.5,0.6,2.1,1.7,3.0,17.3,2020
Dwight Powell,C,28,DAL,39,36,27.0,3.7,5.8,.640,0.3,1.0,.256,3.5,4.8,.720,.662,1.9,2.8,.670,1.9,3.8,5.7,1.5,0.9,0.6,0.9,2.6,9.6,2020
Norman Powell,SG,26,TOR,30,17,28.9,5.6,10.9,.512,2.1,5.0,.411,3.5,5.8,.600,.607,2.1,2.5,.829,0.5,3.3,3.8,1.7,1.1,0.4,1.5,1.9,15.3,2020
Julius Randle,PF,25,NYK,40,40,32.1,7.0,15.6,.452,1.3,4.3,.294,5.8,11.3,.511,.492,3.7,5.3,.706,2.2,6.9,9.1,3.3,0.8,0.2,2.9,2.8,19.0,2020
Josh Reaves,SG,22,DAL,2,0,0.5,0.0,0.5,.000,0.0,0.0,,0.0,0.5,.000,.000,0.0,0.0,,0.0,0.0,0.0,0.0,0.0,0.0,0.0,0.0,0.0,2020
Cam Reddish,SF,20,ATL,38,27,26.0,2.9,8.8,.334,1.1,3.9,.289,1.8,4.9,.371,.399,1.6,2.0,.787,0.6,3.1,3.7,1.7,1.1,0.5,1.7,2.0,8.6,2020
J.J. Redick,SG,35,NOP,37,33,28.5,4.9,10.9,.452,3.2,6.8,.464,1.8,4.1,.430,.597,2.7,3.0,.901,0.2,2.7,2.9,2.0,0.4,0.2,1.1,1.5,15.7,2020
Naz Reid,C,20,MIN,11,0,13.2,3.2,7.9,.402,1.4,4.4,.313,1.8,3.5,.513,.489,0.8,1.3,.643,0.8,1.9,2.7,0.9,0.4,0.5,0.7,2.5,8.5,2020
Josh Richardson,SG,26,PHI,35,35,32.2,5.6,12.9,.434,1.7,5.0,.335,3.9,7.9,.496,.499,2.4,3.0,.810,0.8,2.6,3.4,3.5,1.0,0.6,2.1,2.8,15.3,2020
Austin Rivers,SG,27,HOU,38,3,22.9,2.8,6.9,.402,1.1,3.7,.303,1.7,3.2,.516,.483,1.0,1.4,.698,0.5,1.8,2.3,1.6,0.6,0.2,0.6,1.9,7.7,2020
Duncan Robinson,SF,25,MIA,41,36,27.8,4.0,8.6,.460,3.2,7.5,.428,0.8,1.2,.667,.645,0.7,0.7,.931,0.2,3.1,3.2,1.1,0.5,0.3,0.6,2.8,11.8,2020
Glenn Robinson,SF,26,GSW,42,42,31.8,4.9,10.5,.464,1.3,3.4,.390,3.6,7.2,.498,.526,1.2,1.4,.850,1.4,3.4,4.8,1.6,1.0,0.2,1.0,1.8,12.3,2020
Jerome Robinson,SG,22,LAC,34,0,11.5,1.2,3.5,.353,0.5,1.7,.298,0.7,1.8,.403,.424,0.3,0.5,.588,0.1,1.4,1.6,1.1,0.3,0.2,0.7,1.3,3.3,2020
Justin Robinson,PG,22,WAS,9,0,5.4,0.6,1.3,.417,0.3,0.6,.600,0.2,0.8,.286,.542,0.0,0.0,,0.1,0.4,0.6,0.8,0.0,0.1,0.3,0.2,1.4,2020
Mitchell Robinson,C,21,NYK,38,7,22.6,4.2,5.9,.713,0.0,0.0,,4.2,5.9,.713,.713,1.6,2.6,.608,2.9,3.8,6.6,0.5,0.9,1.7,0.7,3.4,9.9,2020
Rajon Rondo,PG,33,LAL,27,2,21.6,3.0,7.3,.406,0.9,2.6,.352,2.0,4.7,.437,.470,0.7,0.9,.800,0.5,3.3,3.8,5.4,0.9,0.1,2.1,1.2,7.6,2020
Derrick Rose,PG,31,DET,36,2,25.8,7.4,14.8,.496,0.9,3.0,.318,6.4,11.9,.541,.528,2.4,2.8,.879,0.6,1.8,2.4,5.8,0.8,0.4,2.7,1.1,18.1,2020
Terrence Ross,SG,28,ORL,40,0,25.6,4.6,11.2,.407,2.1,6.4,.331,2.4,4.8,.511,.502,2.1,2.5,.848,0.2,2.7,2.9,1.0,1.1,0.3,1.0,1.6,13.3,2020
Terry Rozier,PG,25,CHO,44,44,34.2,6.5,15.2,.424,2.7,6.8,.399,3.7,8.4,.444,.513,2.6,3.1,.846,0.8,3.5,4.3,4.4,1.2,0.2,2.4,2.3,18.3,2020
Ricky Rubio,PG,29,PHO,34,34,32.3,4.9,11.8,.413,1.2,3.6,.339,3.7,8.3,.445,.464,2.6,3.1,.832,0.8,4.0,4.8,9.4,1.4,0.2,2.6,2.5,13.6,2020
D'Angelo Russell,SG,23,GSW,25,25,31.8,8.1,18.9,.428,3.4,9.2,.368,4.7,9.6,.485,.518,3.5,4.6,.765,0.3,3.2,3.5,6.2,0.9,0.3,3.1,2.1,23.1,2020
Domantas Sabonis,C,23,IND,39,39,34.1,7.2,13.5,.532,0.3,1.0,.250,6.9,12.5,.556,.542,3.2,4.5,.724,3.3,9.6,12.9,4.3,0.8,0.6,2.6,3.4,17.8,2020
JaKarr Sampson,SF,26,IND,13,8,15.2,2.3,3.7,.625,0.2,0.8,.200,2.2,2.9,.737,.646,0.2,0.6,.250,0.6,2.0,2.6,0.3,0.5,0.5,0.5,1.9,4.9,2020
Dario Šarić,PF,25,PHO,41,38,25.1,3.7,8.4,.437,1.3,4.1,.321,2.3,4.3,.549,.516,1.2,1.4,.842,1.5,4.7,6.2,1.9,0.7,0.3,1.3,2.3,9.8,2020
Tomáš Satoranský,PG,28,CHI,43,43,28.7,3.7,8.2,.450,1.1,3.1,.356,2.6,5.1,.507,.517,1.7,2.0,.872,1.0,2.6,3.7,5.3,1.3,0.1,2.0,2.0,10.2,2020
Admiral Schofield,SF,22,WAS,24,2,12.0,1.3,3.1,.405,0.6,1.9,.304,0.7,1.2,.571,.500,0.4,0.5,.750,0.3,1.1,1.4,0.6,0.3,0.1,0.3,1.7,3.5,2020
Dennis Schröder,PG,26,OKC,41,0,30.9,7.0,15.0,.465,1.9,5.4,.355,5.0,9.6,.527,.529,2.5,3.0,.824,0.3,3.5,3.8,3.8,0.7,0.2,2.8,2.3,18.3,2020
Mike Scott,PF,31,PHI,43,7,18.2,2.1,5.2,.397,1.1,3.4,.333,0.9,1.8,.519,.507,0.4,0.5,.857,0.7,2.5,3.2,0.6,0.3,0.1,0.3,1.3,5.7,2020
Thabo Sefolosha,PF,35,HOU,25,0,10.0,0.8,2.0,.373,0.4,1.3,.344,0.3,0.8,.421,.480,0.0,0.0,.000,0.5,1.6,2.2,0.6,0.4,0.2,0.3,1.0,2.0,2020
Collin Sexton,SG,21,CLE,42,42,31.6,7.4,16.2,.453,1.1,3.4,.329,6.2,12.8,.486,.488,3.2,3.8,.836,1.0,2.2,3.2,2.3,1.0,0.1,2.0,2.0,19.0,2020
Landry Shamet,SG,22,LAC,25,17,26.6,2.8,7.1,.399,2.0,5.4,.370,0.8,1.7,.488,.539,1.0,1.0,.960,0.1,2.0,2.1,1.6,0.4,0.2,0.8,3.0,8.6,2020
Iman Shumpert,SG,29,BRK,13,0,18.5,1.6,4.9,.328,0.6,2.5,.242,1.0,2.4,.419,.391,0.3,0.5,.571,0.7,1.9,2.6,0.9,0.9,0.2,0.8,1.6,4.2,2020
Pascal Siakam,PF,25,TOR,30,30,35.8,9.0,19.8,.455,2.4,6.1,.390,6.7,13.8,.484,.515,3.7,4.6,.812,1.3,6.3,7.6,3.6,1.0,0.9,2.6,2.8,24.2,2020
Chris Silva,PF,23,MIA,30,0,8.3,1.3,1.8,.691,0.0,0.1,.000,1.3,1.8,.717,.691,0.9,1.4,.683,1.5,1.5,3.1,0.5,0.2,0.5,1.0,2.2,3.5,2020
Ben Simmons,PG,23,PHI,41,41,35.8,6.4,11.3,.567,0.0,0.1,.400,6.3,11.1,.569,.569,2.6,4.4,.582,1.9,5.8,7.7,8.4,2.1,0.7,3.4,3.4,15.4,2020
Anfernee Simons,SG,20,POR,43,1,22.4,3.5,8.5,.413,1.1,3.5,.327,2.4,5.0,.472,.480,1.0,1.4,.763,0.4,2.3,2.6,1.5,0.4,0.1,1.0,2.1,9.2,2020
Alen Smailagić,PF,19,GSW,9,0,10.2,1.8,3.2,.552,0.2,1.0,.222,1.6,2.2,.700,.586,0.9,1.1,.800,0.8,1.7,2.4,0.9,0.1,0.3,0.6,1.1,4.7,2020
Marcus Smart,SG,25,BOS,31,21,31.4,3.9,10.5,.370,2.1,6.1,.339,1.8,4.5,.413,.468,1.9,2.3,.829,0.8,2.4,3.2,4.6,1.5,0.5,1.3,2.4,11.7,2020
Dennis Smith,PG,22,NYK,21,1,16.1,2.0,6.0,.325,0.6,2.0,.293,1.4,4.0,.341,.373,0.7,1.4,.500,0.6,1.5,2.1,2.7,0.5,0.3,1.4,2.1,5.2,2020
Ish Smith,PG,31,WAS,41,12,26.2,4.7,10.2,.458,1.0,2.7,.364,3.7,7.5,.492,.506,0.8,1.3,.623,0.5,2.5,3.0,4.6,0.8,0.4,1.4,1.5,11.1,2020
Tony Snell,SF,28,DET,38,36,26.3,2.9,6.3,.460,1.8,4.3,.418,1.1,1.9,.554,.605,0.3,0.3,1.000,0.2,1.6,1.8,1.5,0.4,0.2,0.4,1.7,7.9,2020
Omari Spellman,PF,22,GSW,40,3,17.7,2.7,6.0,.452,0.9,2.1,.417,1.8,3.9,.471,.525,1.5,1.8,.795,1.8,3.0,4.8,1.0,0.7,0.5,1.2,1.2,7.7,2020
Max Strus,SG,23,CHI,2,0,3.0,1.0,1.5,.667,0.0,0.5,.000,1.0,1.0,1.000,.667,0.5,0.5,1.000,0.5,0.0,0.5,0.0,0.0,0.0,0.0,0.5,2.5,2020
Edmond Sumner,PG,24,IND,15,2,15.1,2.0,4.6,.435,0.5,1.5,.318,1.5,3.1,.489,.486,0.5,0.7,.727,0.5,1.1,1.6,1.7,0.7,0.3,0.6,1.7,5.0,2020
Caleb Swanigan,PF,22,SAC,7,0,3.3,0.3,0.6,.500,0.0,0.0,,0.3,0.6,.500,.500,0.1,0.3,.500,0.3,0.7,1.0,0.3,0.1,0.3,0.9,1.1,0.7,2020
Jayson Tatum,PF,21,BOS,39,39,34.1,7.8,18.1,.429,2.3,6.5,.358,5.4,11.6,.468,.493,3.3,3.9,.844,1.0,5.9,6.9,2.8,1.3,0.8,2.2,2.1,21.2,2020
Jeff Teague,PG,31,MIN,34,13,27.8,4.3,9.5,.448,1.0,2.6,.379,3.3,7.0,.473,.498,3.7,4.2,.868,0.4,2.1,2.6,6.1,0.7,0.4,2.2,2.1,13.2,2020
Garrett Temple,SG,33,BRK,36,25,29.2,3.6,9.9,.368,2.1,6.5,.321,1.6,3.4,.459,.473,1.1,1.5,.759,0.6,2.8,3.4,2.6,0.9,0.5,1.3,1.8,10.5,2020
Daniel Theis,C,27,BOS,36,35,21.9,3.1,6.0,.521,0.4,1.3,.277,2.8,4.7,.589,.551,1.0,1.4,.692,2.0,4.1,6.1,1.5,0.6,1.4,0.8,3.4,7.6,2020
Isaiah Thomas,PG,30,WAS,32,29,23.5,4.4,10.7,.408,1.8,4.5,.407,2.5,6.2,.409,.494,1.6,2.0,.813,0.2,1.2,1.4,4.0,0.4,0.2,2.1,2.0,12.2,2020
Khyri Thomas,SG,23,DET,2,0,3.0,0.0,0.0,,0.0,0.0,,0.0,0.0,,,0.5,1.0,.500,0.0,0.0,0.0,0.0,0.0,0.0,0.0,0.0,0.5,2020
Matt Thomas,SG,25,TOR,16,0,11.6,1.8,3.7,.475,1.3,2.8,.477,0.4,0.9,.467,.653,0.3,0.4,.714,0.2,1.2,1.4,0.4,0.3,0.0,0.4,0.9,5.1,2020
Tristan Thompson,C,28,CLE,40,40,31.6,5.3,10.4,.508,0.1,0.2,.375,5.2,10.2,.511,.512,1.9,3.1,.623,4.2,6.3,10.4,2.1,0.7,1.0,1.9,2.4,12.5,2020
Matisse Thybulle,SG,22,PHI,35,5,18.8,1.6,4.0,.396,1.0,2.4,.405,0.6,1.6,.382,.518,0.6,0.9,.700,0.5,1.0,1.5,1.2,1.4,0.9,0.9,2.2,4.7,2020
Anthony Tolliver,PF,34,POR,33,9,16.8,1.3,3.5,.368,0.9,2.7,.337,0.4,0.8,.464,.496,0.4,0.6,.684,0.8,2.5,3.3,0.9,0.2,0.3,0.6,1.6,3.9,2020
Karl-Anthony Towns,C,24,MIN,24,24,33.6,9.0,17.7,.509,3.5,8.5,.415,5.5,9.1,.598,.610,5.0,6.2,.804,2.8,8.7,11.4,4.3,1.0,1.2,3.1,3.5,26.5,2020
Gary Trent,SG,21,POR,30,2,13.4,1.5,4.1,.361,1.0,2.6,.372,0.5,1.5,.341,.480,0.3,0.3,1.000,0.3,1.0,1.3,0.6,0.5,0.2,0.3,1.0,4.2,2020
Allonzo Trier,PG,24,NYK,19,1,12.3,1.9,4.3,.451,0.8,2.4,.333,1.2,1.9,.595,.543,1.6,2.1,.795,0.1,1.2,1.3,1.3,0.1,0.2,1.1,1.2,6.3,2020
P.J. Tucker,PF,34,HOU,40,40,34.9,2.9,6.1,.465,1.5,4.0,.373,1.4,2.1,.643,.588,0.6,0.8,.781,1.6,5.7,7.2,1.4,1.1,0.4,1.2,3.3,7.8,2020
Rayjon Tucker,SG,22,UTA,8,0,7.1,0.5,1.3,.400,0.0,0.6,.000,0.5,0.6,.800,.400,0.4,0.6,.600,0.1,0.9,1.0,0.3,0.1,0.0,0.1,0.5,1.4,2020
Evan Turner,PG,31,ATL,18,0,12.8,1.3,3.5,.381,0.0,0.3,.000,1.3,3.2,.414,.381,0.7,0.8,.857,0.4,1.6,2.0,2.0,0.4,0.4,1.4,1.0,3.3,2020
Myles Turner,C,23,IND,34,34,29.4,4.4,9.8,.452,1.5,4.4,.340,2.9,5.4,.544,.529,2.3,3.1,.750,1.3,4.8,6.1,1.3,0.6,2.1,1.2,2.5,12.6,2020
Jonas Valančiūnas,C,27,MEM,39,39,25.5,6.3,10.6,.594,0.6,1.5,.417,5.7,9.1,.624,.624,1.8,2.4,.753,2.7,7.3,10.0,2.1,0.3,1.1,2.0,2.6,15.1,2020
Denzel Valentine,SF,26,CHI,23,0,11.8,2.3,5.3,.426,1.3,3.2,.392,1.0,2.1,.479,.545,0.2,0.2,1.000,0.1,1.7,1.8,1.0,0.6,0.2,0.5,1.2,6.0,2020
Jarred Vanderbilt,SF,20,DEN,4,0,3.3,0.3,0.3,1.000,0.0,0.0,,0.3,0.3,1.000,1.000,0.0,0.0,,0.0,0.5,0.5,0.3,0.0,0.0,0.5,0.3,0.5,2020
Fred VanVleet,PG,25,TOR,31,31,36.3,5.9,15.0,.394,2.6,6.9,.372,3.3,8.0,.414,.481,3.6,4.2,.847,0.3,3.6,3.9,7.0,1.9,0.4,2.5,2.2,18.0,2020
Noah Vonleh,C,24,MIN,28,1,12.4,1.7,3.1,.547,0.1,0.5,.143,1.6,2.6,.625,.558,0.8,1.0,.821,1.2,2.9,4.1,0.9,0.4,0.2,0.7,1.3,4.3,2020
Nikola Vučević,C,29,ORL,31,31,31.5,7.4,16.4,.451,1.7,4.6,.371,5.7,11.8,.482,.503,2.4,3.0,.798,2.7,8.4,11.1,3.3,0.9,0.9,1.3,2.2,18.9,2020
Dean Wade,PF,23,CLE,7,0,6.7,1.0,1.4,.700,0.3,0.4,.667,0.7,1.0,.714,.800,0.0,0.1,.000,0.3,1.9,2.1,0.1,0.3,0.4,0.4,0.9,2.3,2020
Moritz Wagner,C,22,WAS,21,4,20.4,4.4,7.6,.581,1.0,2.7,.393,3.4,5.0,.683,.650,1.7,2.0,.837,1.6,4.4,6.0,1.3,0.7,0.6,2.0,3.9,11.6,2020
Kemba Walker,PG,29,BOS,36,36,31.9,7.5,16.9,.442,3.5,8.9,.388,4.0,7.9,.503,.545,3.7,4.3,.865,0.8,3.2,4.0,4.9,0.9,0.6,2.3,1.5,22.1,2020
Lonnie Walker,SG,21,SAS,32,1,11.9,2.3,5.1,.451,0.5,1.4,.364,1.8,3.7,.483,.500,0.6,0.9,.667,0.4,1.7,2.1,0.6,0.4,0.1,0.7,1.2,5.7,2020
Tyrone Wallace,SG,25,ATL,14,0,11.4,1.0,3.1,.318,0.1,1.1,.067,0.9,2.1,.448,.330,0.8,1.2,.647,0.2,1.4,1.6,0.9,0.5,0.1,0.7,1.4,2.9,2020
Taurean Waller-Prince,SF,25,BRK,40,40,30.4,4.5,11.8,.381,2.5,6.8,.359,2.0,4.9,.411,.485,0.9,1.1,.773,0.8,5.8,6.6,2.1,0.9,0.4,2.1,2.5,12.3,2020
Derrick Walton,PG,24,LAC,22,1,9.8,0.8,1.6,.472,0.4,1.0,.429,0.4,0.7,.533,.597,0.3,0.3,.857,0.1,0.6,0.7,1.0,0.2,0.0,0.2,0.9,2.2,2020
Brad Wanamaker,PG,30,BOS,39,0,18.8,2.1,4.9,.424,0.5,1.3,.346,1.6,3.6,.453,.471,1.8,2.0,.910,0.3,1.7,2.1,2.8,0.6,0.3,1.2,1.8,6.4,2020
T.J. Warren,SF,26,IND,42,42,32.4,7.2,14.1,.509,1.2,3.2,.378,6.0,10.9,.548,.552,2.5,3.0,.813,1.0,2.9,3.9,1.4,1.0,0.5,1.3,2.6,18.1,2020
PJ Washington,PF,21,CHO,39,39,30.4,4.6,9.7,.480,1.4,3.4,.417,3.2,6.3,.514,.553,1.7,2.5,.684,0.8,4.7,5.5,2.0,0.9,0.9,1.6,2.8,12.4,2020
Yuta Watanabe,SG,25,MEM,4,0,4.5,0.8,1.5,.500,0.3,0.5,.500,0.5,1.0,.500,.583,0.0,0.0,,0.3,1.0,1.3,0.0,0.0,0.3,0.3,0.3,1.8,2020
Tremont Waters,PG,22,BOS,5,0,7.8,1.6,4.0,.400,0.4,2.2,.182,1.2,1.8,.667,.450,0.8,0.8,1.000,0.0,0.6,0.6,1.0,0.6,0.4,1.0,0.8,4.4,2020
Paul Watson,SG,25,ATL,2,0,8.5,0.0,3.5,.000,0.0,1.5,.000,0.0,2.0,.000,.000,0.0,0.0,,0.0,1.0,1.0,1.5,0.5,0.0,0.0,0.5,0.0,2020
Russell Westbrook,PG,31,HOU,34,34,35.4,9.3,21.4,.433,1.1,4.9,.236,8.1,16.6,.490,.459,5.1,6.5,.779,1.5,6.3,7.8,7.2,1.5,0.4,4.3,3.7,24.8,2020
Coby White,SG,19,CHI,43,0,24.2,4.2,11.2,.379,1.8,5.3,.344,2.4,5.9,.411,.460,1.1,1.5,.723,0.4,3.1,3.5,2.3,0.7,0.1,1.5,1.5,11.4,2020
Derrick White,SG,25,SAS,38,11,23.4,3.3,7.2,.464,0.9,2.4,.370,2.4,4.8,.511,.526,1.9,2.4,.822,0.5,2.5,2.9,3.0,0.6,0.7,1.2,2.1,9.5,2020
Hassan Whiteside,C,30,POR,39,39,30.1,6.5,10.8,.596,0.1,0.1,.500,6.4,10.7,.597,.598,2.8,3.7,.740,4.1,10.0,14.1,1.2,0.4,2.9,1.9,2.9,15.7,2020
Andrew Wiggins,SF,24,MIN,33,33,34.6,8.5,19.4,.439,2.0,6.4,.319,6.5,13.0,.498,.491,3.7,4.9,.747,1.3,3.7,4.9,3.3,0.7,1.0,2.4,2.3,22.7,2020
Grant Williams,PF,21,BOS,38,1,15.1,1.2,3.1,.376,0.3,1.4,.192,0.9,1.7,.523,.419,0.7,1.1,.700,0.8,1.6,2.4,1.1,0.4,0.4,0.8,2.2,3.3,2020
Johnathan Williams,C,24,WAS,6,5,20.5,2.5,3.7,.682,0.0,0.2,.000,2.5,3.5,.714,.682,0.5,0.8,.600,2.2,4.2,6.3,1.0,0.2,0.8,0.3,1.2,5.5,2020
Kenrich Williams,PF,25,NOP,35,18,22.3,1.4,4.1,.343,0.7,2.7,.260,0.7,1.3,.511,.430,0.3,0.7,.375,1.4,3.7,5.1,1.5,0.7,0.6,0.6,2.3,3.8,2020
Lou Williams,SG,33,LAC,39,5,29.9,6.5,15.2,.430,1.9,5.0,.379,4.6,10.2,.455,.492,4.8,5.5,.861,0.4,2.5,3.0,6.2,0.6,0.2,3.1,1.4,19.7,2020
Marvin Williams,PF,33,CHO,36,0,19.6,2.3,5.1,.454,1.1,2.9,.377,1.2,2.2,.557,.562,1.1,1.2,.886,0.4,2.3,2.6,0.9,0.7,0.4,0.6,1.7,6.9,2020
Robert Williams,C,22,BOS,19,1,14.2,1.7,2.6,.673,0.0,0.0,,1.7,2.6,.673,.673,0.4,0.7,.571,1.2,3.4,4.6,1.1,0.9,1.1,0.8,1.8,3.9,2020
Nigel Williams-Goss,PG,25,UTA,9,0,3.1,0.1,0.8,.143,0.0,0.2,.000,0.1,0.6,.200,.143,0.2,0.2,1.000,0.2,0.3,0.6,0.6,0.1,0.1,0.2,0.2,0.4,2020
D.J. Wilson,PF,23,MIL,24,0,9.5,1.3,3.2,.416,0.5,1.9,.244,0.9,1.3,.656,.487,0.2,0.3,.714,0.3,1.9,2.1,0.7,0.0,0.2,0.5,0.8,3.3,2020
Justise Winslow,SF,23,MIA,11,5,32.0,4.5,11.7,.388,0.5,2.5,.222,4.0,9.3,.431,.411,1.6,2.5,.667,1.5,5.2,6.6,4.0,0.6,0.5,2.2,3.5,11.3,2020
Christian Wood,PF,24,DET,38,1,16.8,3.4,5.9,.569,0.6,1.6,.367,2.8,4.3,.642,.618,2.2,3.1,.716,1.3,3.9,5.3,0.7,0.3,0.8,1.0,1.2,9.5,2020
Delon Wright,SG,27,DAL,40,4,20.5,2.8,5.8,.478,0.6,1.7,.373,2.1,4.1,.521,.533,1.2,1.4,.807,1.0,2.7,3.7,3.2,1.3,0.4,0.8,1.2,7.3,2020
Thaddeus Young,PF,31,CHI,42,1,22.5,3.6,8.8,.415,1.1,3.2,.333,2.6,5.6,.462,.476,0.7,1.1,.596,1.5,3.0,4.5,1.8,1.1,0.3,1.5,1.8,9.0,2020
Trae Young,PG,21,ATL,38,38,35.2,9.4,21.0,.446,3.6,9.4,.376,5.8,11.6,.503,.531,6.9,8.2,.842,0.6,3.9,4.5,8.5,1.2,0.1,4.8,1.6,29.2,2020
Cody Zeller,C,27,CHO,41,22,23.0,4.5,8.4,.534,0.4,1.5,.274,4.0,6.9,.591,.558,2.2,3.1,.695,2.8,4.2,7.0,1.2,0.6,0.4,1.4,2.5,11.5,2020
Ante Žižić,C,23,CLE,16,0,9.9,1.8,3.1,.571,0.0,0.0,,1.8,3.1,.571,.571,0.8,0.9,.867,0.9,2.6,3.4,0.2,0.4,0.3,0.3,1.3,4.3,2020
Ivica Zubac,C,22,LAC,42,40,17.5,3.3,5.5,.611,0.0,0.0,.000,3.3,5.4,.617,.611,1.6,2.2,.739,2.5,4.4,6.9,0.9,0.2,1.0,0.9,2.3,8.3,2020
